Ind,Garden,First_Assign,%,,2,%,,3,%,,4,%,,5,%,,'-log(L),'-log(L),'-log(L),'-log(L),'-log(L),,,
QAc-G-0029,AP,Kessler_Mountain_W,99.818,,MagazineMountain_W,0.181,,PorterMountain_W,0.001,,PryorMountain_W,0,,Sugar_Loaf_Mountains_W,0,,45.971,43.644,46.567,51.328,40.901,15, 0C11 - 1  1G13 - 1  G07 - 1  1F02 - 1  FIR031 - 1  GOT009 - 1  POR016 - 1  FIR013 - 1  FIR043 - 1  GOTO40 - 1  PIE039 - 1  FIR53 - 1  FIR048 - 1  PIE125 - 1  QpZAG9 - 1  , 
QAc-G-0030,AP,PryorMountain_W,99.918,,Kessler_Mountain_W,0.075,,MagazineMountain_W,0.007,,PorterMountain_W,0,,Sugar_Loaf_Mountains_W,0,,41.097,39.147,34.989,45.099,38.113,15, 0C11 - 1  1G13 - 1  G07 - 1  1F02 - 1  FIR031 - 1  GOT009 - 1  POR016 - 1  FIR013 - 1  FIR043 - 1  GOTO40 - 1  PIE039 - 1  FIR53 - 1  FIR048 - 1  PIE125 - 1  QpZAG9 - 1  , 
QAc-G-0031,AP,Kessler_Mountain_W,64.277,,PryorMountain_W,35.689,,PorterMountain_W,0.023,,MagazineMountain_W,0.01,,Sugar_Loaf_Mountains_W,0,,40.749,41.104,37.559,46.858,37.303,15, 0C11 - 1  1G13 - 1  G07 - 1  1F02 - 1  FIR031 - 1  GOT009 - 1  POR016 - 1  FIR013 - 1  FIR043 - 1  GOTO40 - 1  PIE039 - 1  FIR53 - 1  FIR048 - 1  PIE125 - 1  QpZAG9 - 1  , 
QAc-G-0061,Arnold,Kessler_Mountain_W,99.995,,MagazineMountain_W,0.003,,PryorMountain_W,0.002,,PorterMountain_W,0,,Sugar_Loaf_Mountains_W,0,,48.789,45.607,45.776,53.954,41.092,15, 0C11 - 1  1G13 - 1  G07 - 1  1F02 - 1  FIR031 - 1  GOT009 - 1  POR016 - 1  FIR013 - 1  FIR043 - 1  GOTO40 - 1  PIE039 - 1  FIR53 - 1  FIR048 - 1  PIE125 - 1  QpZAG9 - 1  , 
QAc-G-0062,Arnold,Kessler_Mountain_W,93.942,,MagazineMountain_W,6.023,,PorterMountain_W,0.025,,PryorMountain_W,0.009,,Sugar_Loaf_Mountains_W,0,,40.649,38.273,41.08,46.775,37.08,15, 0C11 - 1  1G13 - 1  G07 - 1  1F02 - 1  FIR031 - 1  GOT009 - 1  POR016 - 1  FIR013 - 1  FIR043 - 1  GOTO40 - 1  PIE039 - 1  FIR53 - 1  FIR048 - 1  PIE125 - 1  QpZAG9 - 1  , 
QAc-G-0063,Arnold,MagazineMountain_W,51.974,,Kessler_Mountain_W,48.017,,PorterMountain_W,0.008,,PryorMountain_W,0.001,,Sugar_Loaf_Mountains_W,0,,39.441,35.637,40.46,46.298,35.671,15, 0C11 - 1  1G13 - 1  G07 - 1  1F02 - 1  FIR031 - 1  GOT009 - 1  POR016 - 1  FIR013 - 1  FIR043 - 1  GOTO40 - 1  PIE039 - 1  FIR53 - 1  FIR048 - 1  PIE125 - 1  QpZAG9 - 1  , 
QAc-G-0064,Arnold,MagazineMountain_W,51.195,,PryorMountain_W,48.788,,PorterMountain_W,0.017,,Kessler_Mountain_W,0,,Sugar_Loaf_Mountains_W,0,,37.029,33.551,33.572,39.08,39.074,15, 0C11 - 1  1G13 - 1  G07 - 1  1F02 - 1  FIR031 - 1  GOT009 - 1  POR016 - 1  FIR013 - 1  FIR043 - 1  GOTO40 - 1  PIE039 - 1  FIR53 - 1  FIR048 - 1  PIE125 - 1  QpZAG9 - 1  , 
QAc-G-0065,Arnold,PryorMountain_W,99.778,,PorterMountain_W,0.221,,MagazineMountain_W,0.001,,Kessler_Mountain_W,0,,Sugar_Loaf_Mountains_W,0,,39.283,41.76,36.628,53.54,44.12,15, 0C11 - 1  1G13 - 1  G07 - 1  1F02 - 1  FIR031 - 1  GOT009 - 1  POR016 - 1  FIR013 - 1  FIR043 - 1  GOTO40 - 1  PIE039 - 1  FIR53 - 1  FIR048 - 1  PIE125 - 1  QpZAG9 - 1  , 
QAc-G-0066,Arnold,MagazineMountain_W,70.378,,Kessler_Mountain_W,28.3,,PryorMountain_W,1.122,,PorterMountain_W,0.201,,Sugar_Loaf_Mountains_W,0,,37.879,35.334,37.131,48.695,35.73,15, 0C11 - 1  1G13 - 1  G07 - 1  1F02 - 1  FIR031 - 1  GOT009 - 1  POR016 - 1  FIR013 - 1  FIR043 - 1  GOTO40 - 1  PIE039 - 1  FIR53 - 1  FIR048 - 1  PIE125 - 1  QpZAG9 - 1  , 
QAc-G-0067,Arnold,Kessler_Mountain_W,99.392,,MagazineMountain_W,0.581,,PryorMountain_W,0.026,,PorterMountain_W,0,,Sugar_Loaf_Mountains_W,0,,42.776,39.629,40.979,48.036,37.396,15, 0C11 - 1  1G13 - 1  G07 - 1  1F02 - 1  FIR031 - 1  GOT009 - 1  POR016 - 1  FIR013 - 1  FIR043 - 1  GOTO40 - 1  PIE039 - 1  FIR53 - 1  FIR048 - 1  PIE125 - 1  QpZAG9 - 1  , 
QAc-G-0068,Arnold,Kessler_Mountain_W,78.844,,PorterMountain_W,17.072,,MagazineMountain_W,3.598,,PryorMountain_W,0.486,,Sugar_Loaf_Mountains_W,0,,36.399,37.076,37.945,45.405,35.735,15, 0C11 - 1  1G13 - 1  G07 - 1  1F02 - 1  FIR031 - 1  GOT009 - 1  POR016 - 1  FIR013 - 1  FIR043 - 1  GOTO40 - 1  PIE039 - 1  FIR53 - 1  FIR048 - 1  PIE125 - 1  QpZAG9 - 1  , 
QAc-G-0070,Arnold,Kessler_Mountain_W,99.207,,PorterMountain_W,0.77,,MagazineMountain_W,0.024,,PryorMountain_W,0,,Sugar_Loaf_Mountains_W,0,,38.194,39.707,42.944,43.68,36.084,15, 0C11 - 1  1G13 - 1  G07 - 1  1F02 - 1  FIR031 - 1  GOT009 - 1  POR016 - 1  FIR013 - 1  FIR043 - 1  GOTO40 - 1  PIE039 - 1  FIR53 - 1  FIR048 - 1  PIE125 - 1  QpZAG9 - 1  , 
QAc-G-0071,Arnold,Kessler_Mountain_W,68.333,,MagazineMountain_W,30.697,,PorterMountain_W,0.966,,PryorMountain_W,0.003,,Sugar_Loaf_Mountains_W,0,,35.047,33.544,37.527,38.751,33.197,13, 0C11 - 1  1G13 - 1  FIR031 - 1  GOT009 - 1  POR016 - 1  FIR013 - 1  FIR043 - 1  GOTO40 - 1  PIE039 - 1  FIR53 - 1  FIR048 - 1  PIE125 - 1  QpZAG9 - 1  , G07 - 1  1F02 - 1  
QAc-G-0072,Arnold,MagazineMountain_W,89.087,,PorterMountain_W,10.832,,PryorMountain_W,0.077,,Kessler_Mountain_W,0.003,,Sugar_Loaf_Mountains_W,0,,35.707,34.792,37.853,46.183,39.215,15, 0C11 - 1  1G13 - 1  G07 - 1  1F02 - 1  FIR031 - 1  GOT009 - 1  POR016 - 1  FIR013 - 1  FIR043 - 1  GOTO40 - 1  PIE039 - 1  FIR53 - 1  FIR048 - 1  PIE125 - 1  QpZAG9 - 1  , 
QAc-G-0073,Arnold,Kessler_Mountain_W,99.998,,MagazineMountain_W,0.002,,PorterMountain_W,0,,Sugar_Loaf_Mountains_W,0,,PryorMountain_W,0,,46.253,44.309,48.454,47.031,39.665,15, 0C11 - 1  1G13 - 1  G07 - 1  1F02 - 1  FIR031 - 1  GOT009 - 1  POR016 - 1  FIR013 - 1  FIR043 - 1  GOTO40 - 1  PIE039 - 1  FIR53 - 1  FIR048 - 1  PIE125 - 1  QpZAG9 - 1  , 
QAc-G-0074,Arnold,PorterMountain_W,99.822,,PryorMountain_W,0.136,,Kessler_Mountain_W,0.042,,Sugar_Loaf_Mountains_W,0,,MagazineMountain_W,0,,32.56,39.881,35.427,39.246,35.931,15, 0C11 - 1  1G13 - 1  G07 - 1  1F02 - 1  FIR031 - 1  GOT009 - 1  POR016 - 1  FIR013 - 1  FIR043 - 1  GOTO40 - 1  PIE039 - 1  FIR53 - 1  FIR048 - 1  PIE125 - 1  QpZAG9 - 1  , 
QAc-G-0075,Arnold,Kessler_Mountain_W,98.071,,MagazineMountain_W,1.267,,PorterMountain_W,0.506,,Sugar_Loaf_Mountains_W,0.157,,PryorMountain_W,0,,37.004,36.605,43.705,37.513,34.717,15, 0C11 - 1  1G13 - 1  G07 - 1  1F02 - 1  FIR031 - 1  GOT009 - 1  POR016 - 1  FIR013 - 1  FIR043 - 1  GOTO40 - 1  PIE039 - 1  FIR53 - 1  FIR048 - 1  PIE125 - 1  QpZAG9 - 1  , 
QAc-G-0076,Arnold,Kessler_Mountain_W,97.853,,MagazineMountain_W,2.093,,PorterMountain_W,0.054,,Sugar_Loaf_Mountains_W,0,,PryorMountain_W,0,,42.369,40.781,47.125,45.679,39.111,15, 0C11 - 1  1G13 - 1  G07 - 1  1F02 - 1  FIR031 - 1  GOT009 - 1  POR016 - 1  FIR013 - 1  FIR043 - 1  GOTO40 - 1  PIE039 - 1  FIR53 - 1  FIR048 - 1  PIE125 - 1  QpZAG9 - 1  , 
QAc-G-0077,Arnold,MagazineMountain_W,99.981,,Kessler_Mountain_W,0.018,,PryorMountain_W,0.001,,PorterMountain_W,0,,Sugar_Loaf_Mountains_W,0,,45.717,37.533,42.698,53.159,41.27,15, 0C11 - 1  1G13 - 1  G07 - 1  1F02 - 1  FIR031 - 1  GOT009 - 1  POR016 - 1  FIR013 - 1  FIR043 - 1  GOTO40 - 1  PIE039 - 1  FIR53 - 1  FIR048 - 1  PIE125 - 1  QpZAG9 - 1  , 
QAc-G-0078,Arnold,Kessler_Mountain_W,57.796,,PryorMountain_W,41.689,,MagazineMountain_W,0.515,,PorterMountain_W,0,,Sugar_Loaf_Mountains_W,0,,45.92,42.797,40.888,50.401,40.747,15, 0C11 - 1  1G13 - 1  G07 - 1  1F02 - 1  FIR031 - 1  GOT009 - 1  POR016 - 1  FIR013 - 1  FIR043 - 1  GOTO40 - 1  PIE039 - 1  FIR53 - 1  FIR048 - 1  PIE125 - 1  QpZAG9 - 1  , 
QAc-G-0079,Arnold,Kessler_Mountain_W,94.875,,PryorMountain_W,5.03,,MagazineMountain_W,0.094,,PorterMountain_W,0,,Sugar_Loaf_Mountains_W,0,,43.358,39.913,38.187,47.363,36.911,15, 0C11 - 1  1G13 - 1  G07 - 1  1F02 - 1  FIR031 - 1  GOT009 - 1  POR016 - 1  FIR013 - 1  FIR043 - 1  GOTO40 - 1  PIE039 - 1  FIR53 - 1  FIR048 - 1  PIE125 - 1  QpZAG9 - 1  , 
QAc-G-0080,Arnold,Kessler_Mountain_W,100,,PryorMountain_W,0,,MagazineMountain_W,0,,Sugar_Loaf_Mountains_W,0,,PorterMountain_W,0,,51.431,46.244,42.124,50.546,36.606,15, 0C11 - 1  1G13 - 1  G07 - 1  1F02 - 1  FIR031 - 1  GOT009 - 1  POR016 - 1  FIR013 - 1  FIR043 - 1  GOTO40 - 1  PIE039 - 1  FIR53 - 1  FIR048 - 1  PIE125 - 1  QpZAG9 - 1  , 
QAc-G-0081,Arnold,MagazineMountain_W,95.457,,Sugar_Loaf_Mountains_W,4.396,,Kessler_Mountain_W,0.147,,PryorMountain_W,0,,PorterMountain_W,0,,46.323,40.018,46.13,41.354,42.831,15, 0C11 - 1  1G13 - 1  G07 - 1  1F02 - 1  FIR031 - 1  GOT009 - 1  POR016 - 1  FIR013 - 1  FIR043 - 1  GOTO40 - 1  PIE039 - 1  FIR53 - 1  FIR048 - 1  PIE125 - 1  QpZAG9 - 1  , 
QAc-G-0082,Arnold,Kessler_Mountain_W,100,,MagazineMountain_W,0,,PryorMountain_W,0,,Sugar_Loaf_Mountains_W,0,,PorterMountain_W,0,,46.873,41.807,43.771,44.978,34.353,15, 0C11 - 1  1G13 - 1  G07 - 1  1F02 - 1  FIR031 - 1  GOT009 - 1  POR016 - 1  FIR013 - 1  FIR043 - 1  GOTO40 - 1  PIE039 - 1  FIR53 - 1  FIR048 - 1  PIE125 - 1  QpZAG9 - 1  , 
QAc-G-0083,Arnold,Kessler_Mountain_W,94.617,,MagazineMountain_W,5.374,,PryorMountain_W,0.009,,Sugar_Loaf_Mountains_W,0,,PorterMountain_W,0,,43.279,37.35,40.133,41.884,36.104,15, 0C11 - 1  1G13 - 1  G07 - 1  1F02 - 1  FIR031 - 1  GOT009 - 1  POR016 - 1  FIR013 - 1  FIR043 - 1  GOTO40 - 1  PIE039 - 1  FIR53 - 1  FIR048 - 1  PIE125 - 1  QpZAG9 - 1  , 
QAc-G-0001,Bartlett,MagazineMountain_W,99.986,,Kessler_Mountain_W,0.01,,PryorMountain_W,0.005,,PorterMountain_W,0,,Sugar_Loaf_Mountains_W,0,,38.076,32.163,36.501,44.607,36.185,13, G07 - 1  1F02 - 1  FIR031 - 1  GOT009 - 1  POR016 - 1  FIR013 - 1  FIR043 - 1  GOTO40 - 1  PIE039 - 1  FIR53 - 1  FIR048 - 1  PIE125 - 1  QpZAG9 - 1  , 0C11 - 1  1G13 - 1  
QAc-G-0002,Bartlett,MagazineMountain_W,65.639,,Kessler_Mountain_W,34.253,,PryorMountain_W,0.107,,PorterMountain_W,0,,Sugar_Loaf_Mountains_W,0,,46.262,38.935,41.722,51.325,39.217,15, 0C11 - 1  1G13 - 1  G07 - 1  1F02 - 1  FIR031 - 1  GOT009 - 1  POR016 - 1  FIR013 - 1  FIR043 - 1  GOTO40 - 1  PIE039 - 1  FIR53 - 1  FIR048 - 1  PIE125 - 1  QpZAG9 - 1  , 
QAc-G-0285,CBG,Kessler_Mountain_W,99.68,,MagazineMountain_W,0.32,,PryorMountain_W,0,,PorterMountain_W,0,,Sugar_Loaf_Mountains_W,0,,43.422,36.708,43.315,44.595,34.214,15, 0C11 - 1  1G13 - 1  G07 - 1  1F02 - 1  FIR031 - 1  GOT009 - 1  POR016 - 1  FIR013 - 1  FIR043 - 1  GOTO40 - 1  PIE039 - 1  FIR53 - 1  FIR048 - 1  PIE125 - 1  QpZAG9 - 1  , 
QAc-G-0286,CBG,MagazineMountain_W,76.362,,Kessler_Mountain_W,22.503,,PorterMountain_W,1.134,,PryorMountain_W,0.002,,Sugar_Loaf_Mountains_W,0,,35.894,34.066,38.772,43.886,34.596,15, 0C11 - 1  1G13 - 1  G07 - 1  1F02 - 1  FIR031 - 1  GOT009 - 1  POR016 - 1  FIR013 - 1  FIR043 - 1  GOTO40 - 1  PIE039 - 1  FIR53 - 1  FIR048 - 1  PIE125 - 1  QpZAG9 - 1  , 
QAc-G-0287,CBG,PryorMountain_W,55.826,,Kessler_Mountain_W,24.232,,PorterMountain_W,10.279,,MagazineMountain_W,9.663,,Sugar_Loaf_Mountains_W,0,,37.783,37.81,37.048,46.956,37.411,15, 0C11 - 1  1G13 - 1  G07 - 1  1F02 - 1  FIR031 - 1  GOT009 - 1  POR016 - 1  FIR013 - 1  FIR043 - 1  GOTO40 - 1  PIE039 - 1  FIR53 - 1  FIR048 - 1  PIE125 - 1  QpZAG9 - 1  , 
QAc-G-0288,CBG,MagazineMountain_W,82.182,,Kessler_Mountain_W,16.212,,PryorMountain_W,1.602,,PorterMountain_W,0.005,,Sugar_Loaf_Mountains_W,0,,39.226,35.005,36.715,42.797,35.71,14, 0C11 - 1  G07 - 1  1F02 - 1  FIR031 - 1  GOT009 - 1  POR016 - 1  FIR013 - 1  FIR043 - 1  GOTO40 - 1  PIE039 - 1  FIR53 - 1  FIR048 - 1  PIE125 - 1  QpZAG9 - 1  , 1G13 - 1  
QAc-G-0289,CBG,MagazineMountain_W,93.728,,Kessler_Mountain_W,5.286,,PorterMountain_W,0.809,,PryorMountain_W,0.176,,Sugar_Loaf_Mountains_W,0,,37.499,35.435,38.161,50.892,36.684,15, 0C11 - 1  1G13 - 1  G07 - 1  1F02 - 1  FIR031 - 1  GOT009 - 1  POR016 - 1  FIR013 - 1  FIR043 - 1  GOTO40 - 1  PIE039 - 1  FIR53 - 1  FIR048 - 1  PIE125 - 1  QpZAG9 - 1  , 
QAc-G-0290,CBG,MagazineMountain_W,50.684,,PorterMountain_W,47.966,,PryorMountain_W,1.239,,Kessler_Mountain_W,0.11,,Sugar_Loaf_Mountains_W,0,,35.357,35.333,36.945,46.907,37.998,15, 0C11 - 1  1G13 - 1  G07 - 1  1F02 - 1  FIR031 - 1  GOT009 - 1  POR016 - 1  FIR013 - 1  FIR043 - 1  GOTO40 - 1  PIE039 - 1  FIR53 - 1  FIR048 - 1  PIE125 - 1  QpZAG9 - 1  , 
QAc-G-0291,CBG,MagazineMountain_W,86.484,,Kessler_Mountain_W,13.287,,PryorMountain_W,0.164,,PorterMountain_W,0.064,,Sugar_Loaf_Mountains_W,0,,38.836,35.705,38.426,49.179,36.518,15, 0C11 - 1  1G13 - 1  G07 - 1  1F02 - 1  FIR031 - 1  GOT009 - 1  POR016 - 1  FIR013 - 1  FIR043 - 1  GOTO40 - 1  PIE039 - 1  FIR53 - 1  FIR048 - 1  PIE125 - 1  QpZAG9 - 1  , 
QAc-G-0292,CBG,MagazineMountain_W,81.735,,Kessler_Mountain_W,18.265,,PorterMountain_W,0,,Sugar_Loaf_Mountains_W,0,,PryorMountain_W,0,,36.829,31.545,44.253,42.112,32.196,15, 0C11 - 1  1G13 - 1  G07 - 1  1F02 - 1  FIR031 - 1  GOT009 - 1  POR016 - 1  FIR013 - 1  FIR043 - 1  GOTO40 - 1  PIE039 - 1  FIR53 - 1  FIR048 - 1  PIE125 - 1  QpZAG9 - 1  , 
QAc-G-0293,CBG,MagazineMountain_W,94.732,,Kessler_Mountain_W,5.268,,PryorMountain_W,0,,PorterMountain_W,0,,Sugar_Loaf_Mountains_W,0,,45.394,37.226,44.11,47.138,38.481,15, 0C11 - 1  1G13 - 1  G07 - 1  1F02 - 1  FIR031 - 1  GOT009 - 1  POR016 - 1  FIR013 - 1  FIR043 - 1  GOTO40 - 1  PIE039 - 1  FIR53 - 1  FIR048 - 1  PIE125 - 1  QpZAG9 - 1  , 
QAc-G-0294,CBG,PorterMountain_W,99.843,,Kessler_Mountain_W,0.116,,MagazineMountain_W,0.041,,Sugar_Loaf_Mountains_W,0,,PryorMountain_W,0,,33.286,36.674,42.372,40.936,36.221,15, 0C11 - 1  1G13 - 1  G07 - 1  1F02 - 1  FIR031 - 1  GOT009 - 1  POR016 - 1  FIR013 - 1  FIR043 - 1  GOTO40 - 1  PIE039 - 1  FIR53 - 1  FIR048 - 1  PIE125 - 1  QpZAG9 - 1  , 
QAc-G-0295,CBG,Kessler_Mountain_W,91.725,,MagazineMountain_W,8.275,,PryorMountain_W,0,,Sugar_Loaf_Mountains_W,0,,PorterMountain_W,0,,47.564,38.421,45.646,45.722,37.377,15, 0C11 - 1  1G13 - 1  G07 - 1  1F02 - 1  FIR031 - 1  GOT009 - 1  POR016 - 1  FIR013 - 1  FIR043 - 1  GOTO40 - 1  PIE039 - 1  FIR53 - 1  FIR048 - 1  PIE125 - 1  QpZAG9 - 1  , 
QAc-G-0296,CBG,Kessler_Mountain_W,99.999,,PorterMountain_W,0,,MagazineMountain_W,0,,PryorMountain_W,0,,Sugar_Loaf_Mountains_W,0,,41.065,41.447,42.144,42.246,35.598,15, 0C11 - 1  1G13 - 1  G07 - 1  1F02 - 1  FIR031 - 1  GOT009 - 1  POR016 - 1  FIR013 - 1  FIR043 - 1  GOTO40 - 1  PIE039 - 1  FIR53 - 1  FIR048 - 1  PIE125 - 1  QpZAG9 - 1  , 
QAc-G-0297,CBG,Kessler_Mountain_W,100,,MagazineMountain_W,0,,PorterMountain_W,0,,PryorMountain_W,0,,Sugar_Loaf_Mountains_W,0,,44.853,41.877,45.32,47.944,33.7,15, 0C11 - 1  1G13 - 1  G07 - 1  1F02 - 1  FIR031 - 1  GOT009 - 1  POR016 - 1  FIR013 - 1  FIR043 - 1  GOTO40 - 1  PIE039 - 1  FIR53 - 1  FIR048 - 1  PIE125 - 1  QpZAG9 - 1  , 
QAc-G-0298,CBG,Kessler_Mountain_W,99.68,,PorterMountain_W,0.238,,MagazineMountain_W,0.082,,Sugar_Loaf_Mountains_W,0,,PryorMountain_W,0,,36.365,36.826,40.401,39.729,33.743,14, 0C11 - 1  G07 - 1  1F02 - 1  FIR031 - 1  GOT009 - 1  POR016 - 1  FIR013 - 1  FIR043 - 1  GOTO40 - 1  PIE039 - 1  FIR53 - 1  FIR048 - 1  PIE125 - 1  QpZAG9 - 1  , 1G13 - 1  
QAc-G-0299,CBG,Kessler_Mountain_W,91.828,,MagazineMountain_W,8.163,,PorterMountain_W,0.009,,PryorMountain_W,0,,Sugar_Loaf_Mountains_W,0,,37.534,34.554,40.503,44.422,33.503,15, 0C11 - 1  1G13 - 1  G07 - 1  1F02 - 1  FIR031 - 1  GOT009 - 1  POR016 - 1  FIR013 - 1  FIR043 - 1  GOTO40 - 1  PIE039 - 1  FIR53 - 1  FIR048 - 1  PIE125 - 1  QpZAG9 - 1  , 
QAc-G-0300,CBG,PorterMountain_W,65.237,,Kessler_Mountain_W,33.568,,Sugar_Loaf_Mountains_W,1.194,,PryorMountain_W,0.001,,MagazineMountain_W,0,,36.935,42.342,41.914,38.672,37.223,15, 0C11 - 1  1G13 - 1  G07 - 1  1F02 - 1  FIR031 - 1  GOT009 - 1  POR016 - 1  FIR013 - 1  FIR043 - 1  GOTO40 - 1  PIE039 - 1  FIR53 - 1  FIR048 - 1  PIE125 - 1  QpZAG9 - 1  , 
QAc-G-0301,CBG,Kessler_Mountain_W,68.487,,MagazineMountain_W,26.47,,PorterMountain_W,5.025,,PryorMountain_W,0.018,,Sugar_Loaf_Mountains_W,0,,40.177,39.455,42.626,44.231,39.043,15, 0C11 - 1  1G13 - 1  G07 - 1  1F02 - 1  FIR031 - 1  GOT009 - 1  POR016 - 1  FIR013 - 1  FIR043 - 1  GOTO40 - 1  PIE039 - 1  FIR53 - 1  FIR048 - 1  PIE125 - 1  QpZAG9 - 1  , 
QAc-G-0302,CBG,MagazineMountain_W,97.472,,Kessler_Mountain_W,2.526,,PorterMountain_W,0.001,,Sugar_Loaf_Mountains_W,0,,PryorMountain_W,0,,42.462,37.579,47.606,45.09,39.166,15, 0C11 - 1  1G13 - 1  G07 - 1  1F02 - 1  FIR031 - 1  GOT009 - 1  POR016 - 1  FIR013 - 1  FIR043 - 1  GOTO40 - 1  PIE039 - 1  FIR53 - 1  FIR048 - 1  PIE125 - 1  QpZAG9 - 1  , 
QAc-G-0303,CBG,Kessler_Mountain_W,100,,MagazineMountain_W,0,,PorterMountain_W,0,,PryorMountain_W,0,,Sugar_Loaf_Mountains_W,0,,48.017,44.302,50.606,52.977,37.633,15, 0C11 - 1  1G13 - 1  G07 - 1  1F02 - 1  FIR031 - 1  GOT009 - 1  POR016 - 1  FIR013 - 1  FIR043 - 1  GOTO40 - 1  PIE039 - 1  FIR53 - 1  FIR048 - 1  PIE125 - 1  QpZAG9 - 1  , 
QAc-G-0304,CBG,MagazineMountain_W,76.731,,Kessler_Mountain_W,21.68,,PorterMountain_W,1.589,,PryorMountain_W,0,,Sugar_Loaf_Mountains_W,0,,38.081,36.397,42.626,45.348,36.946,15, 0C11 - 1  1G13 - 1  G07 - 1  1F02 - 1  FIR031 - 1  GOT009 - 1  POR016 - 1  FIR013 - 1  FIR043 - 1  GOTO40 - 1  PIE039 - 1  FIR53 - 1  FIR048 - 1  PIE125 - 1  QpZAG9 - 1  , 
QAc-G-0305,CBG,MagazineMountain_W,100,,Kessler_Mountain_W,0,,PorterMountain_W,0,,PryorMountain_W,0,,Sugar_Loaf_Mountains_W,0,,39.321,31.644,42.73,44.111,37.059,15, 0C11 - 1  1G13 - 1  G07 - 1  1F02 - 1  FIR031 - 1  GOT009 - 1  POR016 - 1  FIR013 - 1  FIR043 - 1  GOTO40 - 1  PIE039 - 1  FIR53 - 1  FIR048 - 1  PIE125 - 1  QpZAG9 - 1  , 
QAc-G-0306,CBG,Kessler_Mountain_W,94.372,,MagazineMountain_W,4.628,,PorterMountain_W,0.613,,PryorMountain_W,0.387,,Sugar_Loaf_Mountains_W,0,,37.084,36.206,37.283,46.947,34.896,15, 0C11 - 1  1G13 - 1  G07 - 1  1F02 - 1  FIR031 - 1  GOT009 - 1  POR016 - 1  FIR013 - 1  FIR043 - 1  GOTO40 - 1  PIE039 - 1  FIR53 - 1  FIR048 - 1  PIE125 - 1  QpZAG9 - 1  , 
QAc-G-0307,CBG,Kessler_Mountain_W,99.978,,MagazineMountain_W,0.022,,PryorMountain_W,0,,PorterMountain_W,0,,Sugar_Loaf_Mountains_W,0,,44.905,38.344,42.372,46.452,34.696,15, 0C11 - 1  1G13 - 1  G07 - 1  1F02 - 1  FIR031 - 1  GOT009 - 1  POR016 - 1  FIR013 - 1  FIR043 - 1  GOTO40 - 1  PIE039 - 1  FIR53 - 1  FIR048 - 1  PIE125 - 1  QpZAG9 - 1  , 
QAc-G-0308,CBG,Kessler_Mountain_W,93.137,,MagazineMountain_W,6.863,,PorterMountain_W,0,,Sugar_Loaf_Mountains_W,0,,PryorMountain_W,0,,45.579,39.64,48.271,48.209,38.507,15, 0C11 - 1  1G13 - 1  G07 - 1  1F02 - 1  FIR031 - 1  GOT009 - 1  POR016 - 1  FIR013 - 1  FIR043 - 1  GOTO40 - 1  PIE039 - 1  FIR53 - 1  FIR048 - 1  PIE125 - 1  QpZAG9 - 1  , 
QAc-G-0309,CBG,Kessler_Mountain_W,99.993,,PryorMountain_W,0.007,,MagazineMountain_W,0,,PorterMountain_W,0,,Sugar_Loaf_Mountains_W,0,,44.466,43.408,39.574,53.141,35.44,15, 0C11 - 1  1G13 - 1  G07 - 1  1F02 - 1  FIR031 - 1  GOT009 - 1  POR016 - 1  FIR013 - 1  FIR043 - 1  GOTO40 - 1  PIE039 - 1  FIR53 - 1  FIR048 - 1  PIE125 - 1  QpZAG9 - 1  , 
QAc-G-0310,CBG,Kessler_Mountain_W,95.727,,PryorMountain_W,4.273,,PorterMountain_W,0,,MagazineMountain_W,0,,Sugar_Loaf_Mountains_W,0,,40.759,43.136,36.673,47.66,35.323,15, 0C11 - 1  1G13 - 1  G07 - 1  1F02 - 1  FIR031 - 1  GOT009 - 1  POR016 - 1  FIR013 - 1  FIR043 - 1  GOTO40 - 1  PIE039 - 1  FIR53 - 1  FIR048 - 1  PIE125 - 1  QpZAG9 - 1  , 
QAc-G-0311,CBG,Kessler_Mountain_W,100,,PryorMountain_W,0,,MagazineMountain_W,0,,PorterMountain_W,0,,Sugar_Loaf_Mountains_W,0,,51.049,46.445,44.413,55.604,36.212,15, 0C11 - 1  1G13 - 1  G07 - 1  1F02 - 1  FIR031 - 1  GOT009 - 1  POR016 - 1  FIR013 - 1  FIR043 - 1  GOTO40 - 1  PIE039 - 1  FIR53 - 1  FIR048 - 1  PIE125 - 1  QpZAG9 - 1  , 
QAc-G-0312,CBG,Kessler_Mountain_W,99.997,,MagazineMountain_W,0.003,,PryorMountain_W,0,,Sugar_Loaf_Mountains_W,0,,PorterMountain_W,0,,48.888,40.848,43.91,45.494,36.336,15, 0C11 - 1  1G13 - 1  G07 - 1  1F02 - 1  FIR031 - 1  GOT009 - 1  POR016 - 1  FIR013 - 1  FIR043 - 1  GOTO40 - 1  PIE039 - 1  FIR53 - 1  FIR048 - 1  PIE125 - 1  QpZAG9 - 1  , 
QAc-G-0313,CBG,Sugar_Loaf_Mountains_W,95.377,,Kessler_Mountain_W,2.718,,MagazineMountain_W,1.515,,PorterMountain_W,0.39,,PryorMountain_W,0,,39.425,38.835,44.04,37.036,38.582,15, 0C11 - 1  1G13 - 1  G07 - 1  1F02 - 1  FIR031 - 1  GOT009 - 1  POR016 - 1  FIR013 - 1  FIR043 - 1  GOTO40 - 1  PIE039 - 1  FIR53 - 1  FIR048 - 1  PIE125 - 1  QpZAG9 - 1  , 
QAc-G-0314,CBG,PorterMountain_W,87.05,,Sugar_Loaf_Mountains_W,9.918,,Kessler_Mountain_W,3.031,,MagazineMountain_W,0,,PryorMountain_W,0,,37.323,42.784,43.428,38.266,38.781,15, 0C11 - 1  1G13 - 1  G07 - 1  1F02 - 1  FIR031 - 1  GOT009 - 1  POR016 - 1  FIR013 - 1  FIR043 - 1  GOTO40 - 1  PIE039 - 1  FIR53 - 1  FIR048 - 1  PIE125 - 1  QpZAG9 - 1  , 
QAc-G-0315,CBG,Kessler_Mountain_W,96.161,,PorterMountain_W,3.838,,Sugar_Loaf_Mountains_W,0,,MagazineMountain_W,0,,PryorMountain_W,0,,41.955,46.721,48.801,46.619,40.557,15, 0C11 - 1  1G13 - 1  G07 - 1  1F02 - 1  FIR031 - 1  GOT009 - 1  POR016 - 1  FIR013 - 1  FIR043 - 1  GOTO40 - 1  PIE039 - 1  FIR53 - 1  FIR048 - 1  PIE125 - 1  QpZAG9 - 1  , 
QAc-G-0316,CBG,Kessler_Mountain_W,99.991,,MagazineMountain_W,0.005,,Sugar_Loaf_Mountains_W,0.004,,PorterMountain_W,0,,PryorMountain_W,0,,42.75,40.829,46.475,40.959,36.516,15, 0C11 - 1  1G13 - 1  G07 - 1  1F02 - 1  FIR031 - 1  GOT009 - 1  POR016 - 1  FIR013 - 1  FIR043 - 1  GOTO40 - 1  PIE039 - 1  FIR53 - 1  FIR048 - 1  PIE125 - 1  QpZAG9 - 1  , 
QAc-G-0032,DBG,Kessler_Mountain_W,92.009,,MagazineMountain_W,7.98,,Sugar_Loaf_Mountains_W,0.009,,PryorMountain_W,0.002,,PorterMountain_W,0.001,,40.372,36.502,40.143,39.473,35.44,14, 0C11 - 1  1G13 - 1  G07 - 1  1F02 - 1  FIR031 - 1  GOT009 - 1  POR016 - 1  FIR013 - 1  FIR043 - 1  GOTO40 - 1  PIE039 - 1  FIR53 - 1  FIR048 - 1  QpZAG9 - 1  , PIE125 - 1  
QAc-G-0033,DBG,MagazineMountain_W,53.481,,Kessler_Mountain_W,44.866,,PorterMountain_W,1.488,,PryorMountain_W,0.163,,Sugar_Loaf_Mountains_W,0.001,,37.337,35.782,38.298,40.489,35.858,15, 0C11 - 1  1G13 - 1  G07 - 1  1F02 - 1  FIR031 - 1  GOT009 - 1  POR016 - 1  FIR013 - 1  FIR043 - 1  GOTO40 - 1  PIE039 - 1  FIR53 - 1  FIR048 - 1  PIE125 - 1  QpZAG9 - 1  , 
QAc-G-0034,DBG,Kessler_Mountain_W,68.481,,PryorMountain_W,22.817,,MagazineMountain_W,6.498,,PorterMountain_W,2.203,,Sugar_Loaf_Mountains_W,0.001,,42.345,41.875,41.33,45.529,40.852,15, 0C11 - 1  1G13 - 1  G07 - 1  1F02 - 1  FIR031 - 1  GOT009 - 1  POR016 - 1  FIR013 - 1  FIR043 - 1  GOTO40 - 1  PIE039 - 1  FIR53 - 1  FIR048 - 1  PIE125 - 1  QpZAG9 - 1  , 
QAc-G-0035,DBG,PryorMountain_W,55.853,,MagazineMountain_W,41.277,,PorterMountain_W,2.866,,Kessler_Mountain_W,0.003,,Sugar_Loaf_Mountains_W,0,,37.419,36.26,36.129,42.769,40.365,15, 0C11 - 1  1G13 - 1  G07 - 1  1F02 - 1  FIR031 - 1  GOT009 - 1  POR016 - 1  FIR013 - 1  FIR043 - 1  GOTO40 - 1  PIE039 - 1  FIR53 - 1  FIR048 - 1  PIE125 - 1  QpZAG9 - 1  , 
QAc-G-0036,DBG,Kessler_Mountain_W,99.786,,PorterMountain_W,0.214,,MagazineMountain_W,0,,PryorMountain_W,0,,Sugar_Loaf_Mountains_W,0,,37.706,40.668,41.004,41.928,35.037,15, 0C11 - 1  1G13 - 1  G07 - 1  1F02 - 1  FIR031 - 1  GOT009 - 1  POR016 - 1  FIR013 - 1  FIR043 - 1  GOTO40 - 1  PIE039 - 1  FIR53 - 1  FIR048 - 1  PIE125 - 1  QpZAG9 - 1  , 
QAc-G-0037,DBG,Kessler_Mountain_W,99.991,,MagazineMountain_W,0.009,,PorterMountain_W,0,,PryorMountain_W,0,,Sugar_Loaf_Mountains_W,0,,42.245,40.675,42.872,46.164,36.606,15, 0C11 - 1  1G13 - 1  G07 - 1  1F02 - 1  FIR031 - 1  GOT009 - 1  POR016 - 1  FIR013 - 1  FIR043 - 1  GOTO40 - 1  PIE039 - 1  FIR53 - 1  FIR048 - 1  PIE125 - 1  QpZAG9 - 1  , 
QAc-G-0038,DBG,MagazineMountain_W,49.941,,Kessler_Mountain_W,37.794,,Sugar_Loaf_Mountains_W,12.177,,PorterMountain_W,0.088,,PryorMountain_W,0,,38.83,36.077,44.131,36.69,36.198,15, 0C11 - 1  1G13 - 1  G07 - 1  1F02 - 1  FIR031 - 1  GOT009 - 1  POR016 - 1  FIR013 - 1  FIR043 - 1  GOTO40 - 1  PIE039 - 1  FIR53 - 1  FIR048 - 1  PIE125 - 1  QpZAG9 - 1  , 
QAc-G-0039,DBG,PorterMountain_W,79.129,,Kessler_Mountain_W,16.062,,Sugar_Loaf_Mountains_W,4.702,,MagazineMountain_W,0.106,,PryorMountain_W,0.001,,38.329,41.202,43.259,39.555,39.022,15, 0C11 - 1  1G13 - 1  G07 - 1  1F02 - 1  FIR031 - 1  GOT009 - 1  POR016 - 1  FIR013 - 1  FIR043 - 1  GOTO40 - 1  PIE039 - 1  FIR53 - 1  FIR048 - 1  PIE125 - 1  QpZAG9 - 1  , 
QAc-G-0040,DBG,PorterMountain_W,69.554,,MagazineMountain_W,30.24,,Kessler_Mountain_W,0.158,,Sugar_Loaf_Mountains_W,0.047,,PryorMountain_W,0.001,,40.473,40.835,45.237,43.645,43.116,15, 0C11 - 1  1G13 - 1  G07 - 1  1F02 - 1  FIR031 - 1  GOT009 - 1  POR016 - 1  FIR013 - 1  FIR043 - 1  GOTO40 - 1  PIE039 - 1  FIR53 - 1  FIR048 - 1  PIE125 - 1  QpZAG9 - 1  , 
QAc-G-0041,DBG,Kessler_Mountain_W,99.519,,MagazineMountain_W,0.463,,PorterMountain_W,0.018,,Sugar_Loaf_Mountains_W,0,,PryorMountain_W,0,,42.353,40.933,45.803,43.928,38.601,15, 0C11 - 1  1G13 - 1  G07 - 1  1F02 - 1  FIR031 - 1  GOT009 - 1  POR016 - 1  FIR013 - 1  FIR043 - 1  GOTO40 - 1  PIE039 - 1  FIR53 - 1  FIR048 - 1  PIE125 - 1  QpZAG9 - 1  , 
QAc-G-0042,DBG,Kessler_Mountain_W,96.131,,MagazineMountain_W,3.868,,Sugar_Loaf_Mountains_W,0,,PorterMountain_W,0,,PryorMountain_W,0,,39.931,34.155,40.874,38.561,32.76,15, 0C11 - 1  1G13 - 1  G07 - 1  1F02 - 1  FIR031 - 1  GOT009 - 1  POR016 - 1  FIR013 - 1  FIR043 - 1  GOTO40 - 1  PIE039 - 1  FIR53 - 1  FIR048 - 1  PIE125 - 1  QpZAG9 - 1  , 
QAc-G-0043,DBG,MagazineMountain_W,62.247,,Kessler_Mountain_W,37.736,,PorterMountain_W,0.016,,PryorMountain_W,0,,Sugar_Loaf_Mountains_W,0,,45.451,41.87,47.15,47.849,42.087,15, 0C11 - 1  1G13 - 1  G07 - 1  1F02 - 1  FIR031 - 1  GOT009 - 1  POR016 - 1  FIR013 - 1  FIR043 - 1  GOTO40 - 1  PIE039 - 1  FIR53 - 1  FIR048 - 1  PIE125 - 1  QpZAG9 - 1  , 
QAc-G-0044,DBG,MagazineMountain_W,99.807,,PorterMountain_W,0.137,,Kessler_Mountain_W,0.052,,Sugar_Loaf_Mountains_W,0.002,,PryorMountain_W,0.001,,35.364,32.502,37.414,37.243,35.783,15, 0C11 - 1  1G13 - 1  G07 - 1  1F02 - 1  FIR031 - 1  GOT009 - 1  POR016 - 1  FIR013 - 1  FIR043 - 1  GOTO40 - 1  PIE039 - 1  FIR53 - 1  FIR048 - 1  PIE125 - 1  QpZAG9 - 1  , 
QAc-G-0045,DBG,Kessler_Mountain_W,99.978,,PorterMountain_W,0.011,,MagazineMountain_W,0.006,,PryorMountain_W,0.005,,Sugar_Loaf_Mountains_W,0,,36.698,36.947,37.013,41.665,32.738,15, 0C11 - 1  1G13 - 1  G07 - 1  1F02 - 1  FIR031 - 1  GOT009 - 1  POR016 - 1  FIR013 - 1  FIR043 - 1  GOTO40 - 1  PIE039 - 1  FIR53 - 1  FIR048 - 1  PIE125 - 1  QpZAG9 - 1  , 
QAc-G-0046,DBG,Kessler_Mountain_W,99.996,,PorterMountain_W,0.003,,MagazineMountain_W,0.001,,Sugar_Loaf_Mountains_W,0,,PryorMountain_W,0,,44.376,44.632,48.026,45.901,39.787,15, 0C11 - 1  1G13 - 1  G07 - 1  1F02 - 1  FIR031 - 1  GOT009 - 1  POR016 - 1  FIR013 - 1  FIR043 - 1  GOTO40 - 1  PIE039 - 1  FIR53 - 1  FIR048 - 1  PIE125 - 1  QpZAG9 - 1  , 
QAc-G-0047,DBG,PryorMountain_W,99.852,,MagazineMountain_W,0.094,,Kessler_Mountain_W,0.044,,PorterMountain_W,0.01,,Sugar_Loaf_Mountains_W,0,,40.907,39.949,36.921,44.717,40.277,15, 0C11 - 1  1G13 - 1  G07 - 1  1F02 - 1  FIR031 - 1  GOT009 - 1  POR016 - 1  FIR013 - 1  FIR043 - 1  GOTO40 - 1  PIE039 - 1  FIR53 - 1  FIR048 - 1  PIE125 - 1  QpZAG9 - 1  , 
QAc-G-0048,DBG,Kessler_Mountain_W,100,,MagazineMountain_W,0,,Sugar_Loaf_Mountains_W,0,,PorterMountain_W,0,,PryorMountain_W,0,,45.516,43.117,48.773,43.566,37.061,15, 0C11 - 1  1G13 - 1  G07 - 1  1F02 - 1  FIR031 - 1  GOT009 - 1  POR016 - 1  FIR013 - 1  FIR043 - 1  GOTO40 - 1  PIE039 - 1  FIR53 - 1  FIR048 - 1  PIE125 - 1  QpZAG9 - 1  , 
QAc-G-0049,DBG,Kessler_Mountain_W,99.294,,MagazineMountain_W,0.706,,PorterMountain_W,0,,PryorMountain_W,0,,Sugar_Loaf_Mountains_W,0,,44.461,40.623,44.464,49.374,38.474,15, 0C11 - 1  1G13 - 1  G07 - 1  1F02 - 1  FIR031 - 1  GOT009 - 1  POR016 - 1  FIR013 - 1  FIR043 - 1  GOTO40 - 1  PIE039 - 1  FIR53 - 1  FIR048 - 1  PIE125 - 1  QpZAG9 - 1  , 
QAc-G-0050,DBG,Kessler_Mountain_W,100,,MagazineMountain_W,0,,PorterMountain_W,0,,PryorMountain_W,0,,Sugar_Loaf_Mountains_W,0,,44.815,40.984,45.796,49.586,34.881,15, 0C11 - 1  1G13 - 1  G07 - 1  1F02 - 1  FIR031 - 1  GOT009 - 1  POR016 - 1  FIR013 - 1  FIR043 - 1  GOTO40 - 1  PIE039 - 1  FIR53 - 1  FIR048 - 1  PIE125 - 1  QpZAG9 - 1  , 
QAc-G-0051,DBG,Kessler_Mountain_W,99.983,,PryorMountain_W,0.017,,MagazineMountain_W,0,,PorterMountain_W,0,,Sugar_Loaf_Mountains_W,0,,47.482,44.059,41.563,51.542,37.787,15, 0C11 - 1  1G13 - 1  G07 - 1  1F02 - 1  FIR031 - 1  GOT009 - 1  POR016 - 1  FIR013 - 1  FIR043 - 1  GOTO40 - 1  PIE039 - 1  FIR53 - 1  FIR048 - 1  PIE125 - 1  QpZAG9 - 1  , 
QAc-G-0052,DBG,Kessler_Mountain_W,98.543,,MagazineMountain_W,1.178,,PryorMountain_W,0.279,,PorterMountain_W,0,,Sugar_Loaf_Mountains_W,0,,45.403,39.699,40.324,47.386,37.776,15, 0C11 - 1  1G13 - 1  G07 - 1  1F02 - 1  FIR031 - 1  GOT009 - 1  POR016 - 1  FIR013 - 1  FIR043 - 1  GOTO40 - 1  PIE039 - 1  FIR53 - 1  FIR048 - 1  PIE125 - 1  QpZAG9 - 1  , 
QAc-G-0053,DBG,Kessler_Mountain_W,100,,MagazineMountain_W,0,,PryorMountain_W,0,,PorterMountain_W,0,,Sugar_Loaf_Mountains_W,0,,47.592,44.703,47.117,51.309,38.707,15, 0C11 - 1  1G13 - 1  G07 - 1  1F02 - 1  FIR031 - 1  GOT009 - 1  POR016 - 1  FIR013 - 1  FIR043 - 1  GOTO40 - 1  PIE039 - 1  FIR53 - 1  FIR048 - 1  PIE125 - 1  QpZAG9 - 1  , 
QAc-G-0054,DBG,Kessler_Mountain_W,100,,MagazineMountain_W,0,,Sugar_Loaf_Mountains_W,0,,PryorMountain_W,0,,PorterMountain_W,0,,53.05,47.594,51.568,51.061,40.136,15, 0C11 - 1  1G13 - 1  G07 - 1  1F02 - 1  FIR031 - 1  GOT009 - 1  POR016 - 1  FIR013 - 1  FIR043 - 1  GOTO40 - 1  PIE039 - 1  FIR53 - 1  FIR048 - 1  PIE125 - 1  QpZAG9 - 1  , 
QAc-G-0055,DBG,Kessler_Mountain_W,99.433,,MagazineMountain_W,0.567,,PryorMountain_W,0,,Sugar_Loaf_Mountains_W,0,,PorterMountain_W,0,,45.061,37.641,44.415,44.923,35.398,15, 0C11 - 1  1G13 - 1  G07 - 1  1F02 - 1  FIR031 - 1  GOT009 - 1  POR016 - 1  FIR013 - 1  FIR043 - 1  GOTO40 - 1  PIE039 - 1  FIR53 - 1  FIR048 - 1  PIE125 - 1  QpZAG9 - 1  , 
QAc-G-0056,DBG,MagazineMountain_W,99.072,,Kessler_Mountain_W,0.927,,PorterMountain_W,0,,PryorMountain_W,0,,Sugar_Loaf_Mountains_W,0,,43.391,37.221,44.017,47.178,39.25,15, 0C11 - 1  1G13 - 1  G07 - 1  1F02 - 1  FIR031 - 1  GOT009 - 1  POR016 - 1  FIR013 - 1  FIR043 - 1  GOTO40 - 1  PIE039 - 1  FIR53 - 1  FIR048 - 1  PIE125 - 1  QpZAG9 - 1  , 
QAc-G-0057,DBG,Kessler_Mountain_W,99.992,,MagazineMountain_W,0.008,,PryorMountain_W,0,,PorterMountain_W,0,,Sugar_Loaf_Mountains_W,0,,46.796,42.027,44.216,50.53,37.929,15, 0C11 - 1  1G13 - 1  G07 - 1  1F02 - 1  FIR031 - 1  GOT009 - 1  POR016 - 1  FIR013 - 1  FIR043 - 1  GOTO40 - 1  PIE039 - 1  FIR53 - 1  FIR048 - 1  PIE125 - 1  QpZAG9 - 1  , 
QAc-G-0058,DBG,PryorMountain_W,99.878,,Kessler_Mountain_W,0.122,,MagazineMountain_W,0,,PorterMountain_W,0,,Sugar_Loaf_Mountains_W,0,,40.426,38.878,32.868,45.304,35.782,14, 0C11 - 1  1G13 - 1  G07 - 1  1F02 - 1  FIR031 - 1  GOT009 - 1  POR016 - 1  FIR013 - 1  GOTO40 - 1  PIE039 - 1  FIR53 - 1  FIR048 - 1  PIE125 - 1  QpZAG9 - 1  , FIR043 - 1  
QAc-G-0059,DBG,Kessler_Mountain_W,100,,MagazineMountain_W,0,,PryorMountain_W,0,,Sugar_Loaf_Mountains_W,0,,PorterMountain_W,0,,50.044,41.428,45.141,45.889,35.022,15, 0C11 - 1  1G13 - 1  G07 - 1  1F02 - 1  FIR031 - 1  GOT009 - 1  POR016 - 1  FIR013 - 1  FIR043 - 1  GOTO40 - 1  PIE039 - 1  FIR53 - 1  FIR048 - 1  PIE125 - 1  QpZAG9 - 1  , 
QAc-G-0060,DBG,MagazineMountain_W,94.53,,PorterMountain_W,4.312,,Kessler_Mountain_W,1.148,,PryorMountain_W,0.009,,Sugar_Loaf_Mountains_W,0.001,,34.697,33.356,37.378,38.382,35.272,14, 0C11 - 1  1G13 - 1  G07 - 1  1F02 - 1  FIR031 - 1  GOT009 - 1  POR016 - 1  FIR013 - 1  GOTO40 - 1  PIE039 - 1  FIR53 - 1  FIR048 - 1  PIE125 - 1  QpZAG9 - 1  , FIR043 - 1  
QAc-G-0276,FGT,Kessler_Mountain_W,100,,MagazineMountain_W,0,,PorterMountain_W,0,,PryorMountain_W,0,,Sugar_Loaf_Mountains_W,0,,45.287,44.169,46.502,50.035,35.757,15, 0C11 - 1  1G13 - 1  G07 - 1  1F02 - 1  FIR031 - 1  GOT009 - 1  POR016 - 1  FIR013 - 1  FIR043 - 1  GOTO40 - 1  PIE039 - 1  FIR53 - 1  FIR048 - 1  PIE125 - 1  QpZAG9 - 1  , 
QAc-G-0279,FGT,MagazineMountain_W,99.675,,Kessler_Mountain_W,0.322,,PorterMountain_W,0.002,,PryorMountain_W,0.001,,Sugar_Loaf_Mountains_W,0,,37.868,33.264,38.457,47.289,35.755,15, 0C11 - 1  1G13 - 1  G07 - 1  1F02 - 1  FIR031 - 1  GOT009 - 1  POR016 - 1  FIR013 - 1  FIR043 - 1  GOTO40 - 1  PIE039 - 1  FIR53 - 1  FIR048 - 1  PIE125 - 1  QpZAG9 - 1  , 
QAc-G-0280,FGT,MagazineMountain_W,100,,PorterMountain_W,0,,PryorMountain_W,0,,Kessler_Mountain_W,0,,Sugar_Loaf_Mountains_W,0,,34.824,29.24,35.601,37.744,35.886,14, 0C11 - 1  G07 - 1  1F02 - 1  FIR031 - 1  GOT009 - 1  POR016 - 1  FIR013 - 1  FIR043 - 1  GOTO40 - 1  PIE039 - 1  FIR53 - 1  FIR048 - 1  PIE125 - 1  QpZAG9 - 1  , 1G13 - 1  
QAc-G-0281,FGT,Kessler_Mountain_W,95.241,,PryorMountain_W,3.394,,MagazineMountain_W,1.364,,PorterMountain_W,0.001,,Sugar_Loaf_Mountains_W,0,,46.245,42.948,42.552,49.135,41.104,15, 0C11 - 1  1G13 - 1  G07 - 1  1F02 - 1  FIR031 - 1  GOT009 - 1  POR016 - 1  FIR013 - 1  FIR043 - 1  GOTO40 - 1  PIE039 - 1  FIR53 - 1  FIR048 - 1  PIE125 - 1  QpZAG9 - 1  , 
QAc-G-0018,HBG,Kessler_Mountain_W,64.543,,MagazineMountain_W,20.801,,PryorMountain_W,14.536,,PorterMountain_W,0.118,,Sugar_Loaf_Mountains_W,0.003,,41.842,39.594,39.75,43.425,39.103,15, 0C11 - 1  1G13 - 1  G07 - 1  1F02 - 1  FIR031 - 1  GOT009 - 1  POR016 - 1  FIR013 - 1  FIR043 - 1  GOTO40 - 1  PIE039 - 1  FIR53 - 1  FIR048 - 1  PIE125 - 1  QpZAG9 - 1  , 
QAc-G-0019,HBG,PorterMountain_W,99.182,,MagazineMountain_W,0.491,,Kessler_Mountain_W,0.269,,PryorMountain_W,0.057,,Sugar_Loaf_Mountains_W,0,,37.369,39.674,40.606,42.894,39.934,15, 0C11 - 1  1G13 - 1  G07 - 1  1F02 - 1  FIR031 - 1  GOT009 - 1  POR016 - 1  FIR013 - 1  FIR043 - 1  GOTO40 - 1  PIE039 - 1  FIR53 - 1  FIR048 - 1  PIE125 - 1  QpZAG9 - 1  , 
QAc-G-0020,HBG,PorterMountain_W,44.848,,Kessler_Mountain_W,36.734,,MagazineMountain_W,18.38,,Sugar_Loaf_Mountains_W,0.038,,PryorMountain_W,0,,41.352,41.739,47.583,44.421,41.438,15, 0C11 - 1  1G13 - 1  G07 - 1  1F02 - 1  FIR031 - 1  GOT009 - 1  POR016 - 1  FIR013 - 1  FIR043 - 1  GOTO40 - 1  PIE039 - 1  FIR53 - 1  FIR048 - 1  PIE125 - 1  QpZAG9 - 1  , 
QAc-G-0021,HBG,Kessler_Mountain_W,98.654,,PorterMountain_W,1.345,,MagazineMountain_W,0.001,,Sugar_Loaf_Mountains_W,0,,PryorMountain_W,0,,34.264,37.584,41.359,39.691,32.399,14, 0C11 - 1  1G13 - 1  G07 - 1  FIR031 - 1  GOT009 - 1  POR016 - 1  FIR013 - 1  FIR043 - 1  GOTO40 - 1  PIE039 - 1  FIR53 - 1  FIR048 - 1  PIE125 - 1  QpZAG9 - 1  , 1F02 - 1  
QAc-G-0022,HBG,Kessler_Mountain_W,99.999,,Sugar_Loaf_Mountains_W,0.001,,PorterMountain_W,0,,MagazineMountain_W,0,,PryorMountain_W,0,,37.945,41.238,42.01,37.366,32.348,14, 0C11 - 1  1G13 - 1  G07 - 1  FIR031 - 1  GOT009 - 1  POR016 - 1  FIR013 - 1  FIR043 - 1  GOTO40 - 1  PIE039 - 1  FIR53 - 1  FIR048 - 1  PIE125 - 1  QpZAG9 - 1  , 1F02 - 1  
QAc-G-0023,HBG,Kessler_Mountain_W,99.959,,PryorMountain_W,0.041,,MagazineMountain_W,0,,PorterMountain_W,0,,Sugar_Loaf_Mountains_W,0,,47.097,46.43,38.298,51.302,34.916,15, 0C11 - 1  1G13 - 1  G07 - 1  1F02 - 1  FIR031 - 1  GOT009 - 1  POR016 - 1  FIR013 - 1  FIR043 - 1  GOTO40 - 1  PIE039 - 1  FIR53 - 1  FIR048 - 1  PIE125 - 1  QpZAG9 - 1  , 
QAc-G-0024,HBG,Kessler_Mountain_W,97.62,,PryorMountain_W,1.654,,MagazineMountain_W,0.704,,PorterMountain_W,0.022,,Sugar_Loaf_Mountains_W,0,,41.981,40.467,40.097,49.788,38.325,15, 0C11 - 1  1G13 - 1  G07 - 1  1F02 - 1  FIR031 - 1  GOT009 - 1  POR016 - 1  FIR013 - 1  FIR043 - 1  GOTO40 - 1  PIE039 - 1  FIR53 - 1  FIR048 - 1  PIE125 - 1  QpZAG9 - 1  , 
QAc-G-0016,HBG,MagazineMountain_W,99.994,,Kessler_Mountain_W,0.006,,Sugar_Loaf_Mountains_W,0,,PorterMountain_W,0,,PryorMountain_W,0,,45.982,37.147,46.509,45.83,41.381,15, 0C11 - 1  1G13 - 1  G07 - 1  1F02 - 1  FIR031 - 1  GOT009 - 1  POR016 - 1  FIR013 - 1  FIR043 - 1  GOTO40 - 1  PIE039 - 1  FIR53 - 1  FIR048 - 1  PIE125 - 1  QpZAG9 - 1  , 
QAc-G-0017,HBG,Kessler_Mountain_W,99.958,,PorterMountain_W,0.024,,Sugar_Loaf_Mountains_W,0.014,,MagazineMountain_W,0.004,,PryorMountain_W,0,,39.09,39.912,40.822,39.329,35.475,15, 0C11 - 1  1G13 - 1  G07 - 1  1F02 - 1  FIR031 - 1  GOT009 - 1  POR016 - 1  FIR013 - 1  FIR043 - 1  GOTO40 - 1  PIE039 - 1  FIR53 - 1  FIR048 - 1  PIE125 - 1  QpZAG9 - 1  , 
QAc-G-0250,Meis,Kessler_Mountain_W,96.588,,PorterMountain_W,2.939,,MagazineMountain_W,0.472,,PryorMountain_W,0.001,,Sugar_Loaf_Mountains_W,0,,38.762,39.556,42.465,44.105,37.245,15, 0C11 - 1  1G13 - 1  G07 - 1  1F02 - 1  FIR031 - 1  GOT009 - 1  POR016 - 1  FIR013 - 1  FIR043 - 1  GOTO40 - 1  PIE039 - 1  FIR53 - 1  FIR048 - 1  PIE125 - 1  QpZAG9 - 1  , 
QAc-G-0003,MBG,Kessler_Mountain_W,99.988,,MagazineMountain_W,0.012,,PorterMountain_W,0,,PryorMountain_W,0,,Sugar_Loaf_Mountains_W,0,,37.115,34.579,39.916,44.646,30.665,14, 0C11 - 1  G07 - 1  1F02 - 1  FIR031 - 1  GOT009 - 1  POR016 - 1  FIR013 - 1  FIR043 - 1  GOTO40 - 1  PIE039 - 1  FIR53 - 1  FIR048 - 1  PIE125 - 1  QpZAG9 - 1  , 1G13 - 1  
QAc-G-0004,MBG,Kessler_Mountain_W,99.231,,MagazineMountain_W,0.769,,PryorMountain_W,0,,PorterMountain_W,0,,Sugar_Loaf_Mountains_W,0,,47.273,37.522,45.747,48.614,35.411,15, 0C11 - 1  1G13 - 1  G07 - 1  1F02 - 1  FIR031 - 1  GOT009 - 1  POR016 - 1  FIR013 - 1  FIR043 - 1  GOTO40 - 1  PIE039 - 1  FIR53 - 1  FIR048 - 1  PIE125 - 1  QpZAG9 - 1  , 
QAc-G-0005,MBG,Kessler_Mountain_W,99.679,,PryorMountain_W,0.294,,PorterMountain_W,0.023,,MagazineMountain_W,0.003,,Sugar_Loaf_Mountains_W,0,,42.133,42.973,41.029,53.614,38.499,15, 0C11 - 1  1G13 - 1  G07 - 1  1F02 - 1  FIR031 - 1  GOT009 - 1  POR016 - 1  FIR013 - 1  FIR043 - 1  GOTO40 - 1  PIE039 - 1  FIR53 - 1  FIR048 - 1  PIE125 - 1  QpZAG9 - 1  , 
QAc-G-0006,MBG,MagazineMountain_W,99.962,,Kessler_Mountain_W,0.038,,PorterMountain_W,0,,PryorMountain_W,0,,Sugar_Loaf_Mountains_W,0,,38.578,31.219,41.525,42.217,34.638,14, 0C11 - 1  1G13 - 1  G07 - 1  1F02 - 1  FIR031 - 1  GOT009 - 1  POR016 - 1  FIR013 - 1  GOTO40 - 1  PIE039 - 1  FIR53 - 1  FIR048 - 1  PIE125 - 1  QpZAG9 - 1  , FIR043 - 1  
QAc-G-0283,Moore,Kessler_Mountain_W,100,,MagazineMountain_W,0,,Sugar_Loaf_Mountains_W,0,,PryorMountain_W,0,,PorterMountain_W,0,,44.57,41.525,43.683,42.236,35.789,15, 0C11 - 1  1G13 - 1  G07 - 1  1F02 - 1  FIR031 - 1  GOT009 - 1  POR016 - 1  FIR013 - 1  FIR043 - 1  GOTO40 - 1  PIE039 - 1  FIR53 - 1  FIR048 - 1  PIE125 - 1  QpZAG9 - 1  , 
QAc-G-0265,MA,Kessler_Mountain_W,99.638,,PryorMountain_W,0.361,,PorterMountain_W,0.001,,MagazineMountain_W,0,,Sugar_Loaf_Mountains_W,0,,37.089,37.982,34.57,44.089,32.129,15, 0C11 - 1  1G13 - 1  G07 - 1  1F02 - 1  FIR031 - 1  GOT009 - 1  POR016 - 1  FIR013 - 1  FIR043 - 1  GOTO40 - 1  PIE039 - 1  FIR53 - 1  FIR048 - 1  PIE125 - 1  QpZAG9 - 1  , 
QAc-G-0266,MA,Kessler_Mountain_W,69.91,,MagazineMountain_W,30.053,,PryorMountain_W,0.037,,PorterMountain_W,0,,Sugar_Loaf_Mountains_W,0,,44.785,39.992,42.906,49.585,39.625,15, 0C11 - 1  1G13 - 1  G07 - 1  1F02 - 1  FIR031 - 1  GOT009 - 1  POR016 - 1  FIR013 - 1  FIR043 - 1  GOTO40 - 1  PIE039 - 1  FIR53 - 1  FIR048 - 1  PIE125 - 1  QpZAG9 - 1  , 
QAc-G-0267,MA,Kessler_Mountain_W,100,,MagazineMountain_W,0,,Sugar_Loaf_Mountains_W,0,,PryorMountain_W,0,,PorterMountain_W,0,,49.249,42.727,47.634,45.077,35.896,15, 0C11 - 1  1G13 - 1  G07 - 1  1F02 - 1  FIR031 - 1  GOT009 - 1  POR016 - 1  FIR013 - 1  FIR043 - 1  GOTO40 - 1  PIE039 - 1  FIR53 - 1  FIR048 - 1  PIE125 - 1  QpZAG9 - 1  , 
QAc-G-0268,MA,MagazineMountain_W,85.945,,Kessler_Mountain_W,14.054,,PorterMountain_W,0,,PryorMountain_W,0,,Sugar_Loaf_Mountains_W,0,,38.091,32.852,38.309,41.914,33.638,12, 0C11 - 1  G07 - 1  1F02 - 1  FIR031 - 1  GOT009 - 1  POR016 - 1  FIR043 - 1  GOTO40 - 1  PIE039 - 1  FIR53 - 1  FIR048 - 1  PIE125 - 1  , 1G13 - 1  FIR013 - 1  QpZAG9 - 1  
QAc-G-0269,MA,MagazineMountain_W,95.866,,Kessler_Mountain_W,4.127,,PryorMountain_W,0.004,,PorterMountain_W,0.003,,Sugar_Loaf_Mountains_W,0,,38.121,33.628,37.981,45.216,34.994,15, 0C11 - 1  1G13 - 1  G07 - 1  1F02 - 1  FIR031 - 1  GOT009 - 1  POR016 - 1  FIR013 - 1  FIR043 - 1  GOTO40 - 1  PIE039 - 1  FIR53 - 1  FIR048 - 1  PIE125 - 1  QpZAG9 - 1  , 
QAc-G-0270,MA,PorterMountain_W,60.755,,Kessler_Mountain_W,39.227,,PryorMountain_W,0.018,,MagazineMountain_W,0,,Sugar_Loaf_Mountains_W,0,,36.033,41.776,39.564,42.359,36.223,14, 0C11 - 1  1G13 - 1  G07 - 1  1F02 - 1  FIR031 - 1  GOT009 - 1  POR016 - 1  FIR013 - 1  FIR043 - 1  GOTO40 - 1  PIE039 - 1  FIR53 - 1  FIR048 - 1  QpZAG9 - 1  , PIE125 - 1  
QAc-G-0271,MA,PorterMountain_W,99.282,,Kessler_Mountain_W,0.65,,MagazineMountain_W,0.068,,PryorMountain_W,0,,Sugar_Loaf_Mountains_W,0,,34.975,38.141,40.324,41.368,37.16,15, 0C11 - 1  1G13 - 1  G07 - 1  1F02 - 1  FIR031 - 1  GOT009 - 1  POR016 - 1  FIR013 - 1  FIR043 - 1  GOTO40 - 1  PIE039 - 1  FIR53 - 1  FIR048 - 1  PIE125 - 1  QpZAG9 - 1  , 
QAc-G-0272,MA,MagazineMountain_W,99.946,,Kessler_Mountain_W,0.052,,PorterMountain_W,0.002,,Sugar_Loaf_Mountains_W,0,,PryorMountain_W,0,,34.953,30.261,37.504,36.335,33.544,14, 0C11 - 1  1G13 - 1  G07 - 1  1F02 - 1  FIR031 - 1  GOT009 - 1  POR016 - 1  FIR013 - 1  FIR043 - 1  GOTO40 - 1  PIE039 - 1  FIR53 - 1  FIR048 - 1  QpZAG9 - 1  , PIE125 - 1  
QAc-G-0273,MA,PryorMountain_W,84.241,,MagazineMountain_W,15.746,,Kessler_Mountain_W,0.014,,PorterMountain_W,0,,Sugar_Loaf_Mountains_W,0,,45.43,39.001,38.273,46.779,42.059,15, 0C11 - 1  1G13 - 1  G07 - 1  1F02 - 1  FIR031 - 1  GOT009 - 1  POR016 - 1  FIR013 - 1  FIR043 - 1  GOTO40 - 1  PIE039 - 1  FIR53 - 1  FIR048 - 1  PIE125 - 1  QpZAG9 - 1  , 
QAc-G-0274,MA,PryorMountain_W,99.731,,MagazineMountain_W,0.2,,PorterMountain_W,0.069,,Kessler_Mountain_W,0,,Sugar_Loaf_Mountains_W,0,,36.605,36.141,33.444,44.856,41.307,15, 0C11 - 1  1G13 - 1  G07 - 1  1F02 - 1  FIR031 - 1  GOT009 - 1  POR016 - 1  FIR013 - 1  FIR043 - 1  GOTO40 - 1  PIE039 - 1  FIR53 - 1  FIR048 - 1  PIE125 - 1  QpZAG9 - 1  , 
QAc-G-0251,Peckerwood,Kessler_Mountain_W,99.963,,PorterMountain_W,0.035,,MagazineMountain_W,0.002,,Sugar_Loaf_Mountains_W,0,,PryorMountain_W,0,,36.078,37.251,39.218,39.029,32.622,14, 0C11 - 1  1G13 - 1  G07 - 1  1F02 - 1  FIR031 - 1  GOT009 - 1  POR016 - 1  FIR013 - 1  FIR043 - 1  GOTO40 - 1  PIE039 - 1  FIR53 - 1  FIR048 - 1  QpZAG9 - 1  , PIE125 - 1  
QAc-G-0252,Peckerwood,Kessler_Mountain_W,95.908,,PorterMountain_W,3.329,,Sugar_Loaf_Mountains_W,0.631,,MagazineMountain_W,0.132,,PryorMountain_W,0,,37.321,38.723,42.474,38.043,35.861,15, 0C11 - 1  1G13 - 1  G07 - 1  1F02 - 1  FIR031 - 1  GOT009 - 1  POR016 - 1  FIR013 - 1  FIR043 - 1  GOTO40 - 1  PIE039 - 1  FIR53 - 1  FIR048 - 1  PIE125 - 1  QpZAG9 - 1  , 
QAc-G-0253,Peckerwood,PryorMountain_W,99.698,,MagazineMountain_W,0.256,,Kessler_Mountain_W,0.046,,PorterMountain_W,0,,Sugar_Loaf_Mountains_W,0,,48.194,39.601,37.011,49.555,40.343,15, 0C11 - 1  1G13 - 1  G07 - 1  1F02 - 1  FIR031 - 1  GOT009 - 1  POR016 - 1  FIR013 - 1  FIR043 - 1  GOTO40 - 1  PIE039 - 1  FIR53 - 1  FIR048 - 1  PIE125 - 1  QpZAG9 - 1  , 
QAc-G-0254,Peckerwood,Kessler_Mountain_W,96.906,,PryorMountain_W,2.786,,MagazineMountain_W,0.308,,PorterMountain_W,0,,Sugar_Loaf_Mountains_W,0,,48.079,41.627,40.67,50.854,39.129,15, 0C11 - 1  1G13 - 1  G07 - 1  1F02 - 1  FIR031 - 1  GOT009 - 1  POR016 - 1  FIR013 - 1  FIR043 - 1  GOTO40 - 1  PIE039 - 1  FIR53 - 1  FIR048 - 1  PIE125 - 1  QpZAG9 - 1  , 
QAc-G-0255,Peckerwood,Kessler_Mountain_W,99.869,,PryorMountain_W,0.101,,MagazineMountain_W,0.029,,PorterMountain_W,0.001,,Sugar_Loaf_Mountains_W,0,,45.855,44.236,43.695,46.632,40.701,15, 0C11 - 1  1G13 - 1  G07 - 1  1F02 - 1  FIR031 - 1  GOT009 - 1  POR016 - 1  FIR013 - 1  FIR043 - 1  GOTO40 - 1  PIE039 - 1  FIR53 - 1  FIR048 - 1  PIE125 - 1  QpZAG9 - 1  , 
QAc-G-0256,Peckerwood,MagazineMountain_W,100,,PorterMountain_W,0,,Kessler_Mountain_W,0,,PryorMountain_W,0,,Sugar_Loaf_Mountains_W,0,,39.834,30.966,42.21,49.139,41.134,15, 0C11 - 1  1G13 - 1  G07 - 1  1F02 - 1  FIR031 - 1  GOT009 - 1  POR016 - 1  FIR013 - 1  FIR043 - 1  GOTO40 - 1  PIE039 - 1  FIR53 - 1  FIR048 - 1  PIE125 - 1  QpZAG9 - 1  , 
QAc-G-0257,Peckerwood,Kessler_Mountain_W,96.458,,MagazineMountain_W,3.516,,PryorMountain_W,0.026,,PorterMountain_W,0,,Sugar_Loaf_Mountains_W,0,,46.54,41.35,43.484,47.183,39.912,15, 0C11 - 1  1G13 - 1  G07 - 1  1F02 - 1  FIR031 - 1  GOT009 - 1  POR016 - 1  FIR013 - 1  FIR043 - 1  GOTO40 - 1  PIE039 - 1  FIR53 - 1  FIR048 - 1  PIE125 - 1  QpZAG9 - 1  , 
QAc-G-0258,Peckerwood,Kessler_Mountain_W,99.513,,MagazineMountain_W,0.487,,Sugar_Loaf_Mountains_W,0,,PorterMountain_W,0,,PryorMountain_W,0,,44.994,39.61,47.731,44.14,37.299,15, 0C11 - 1  1G13 - 1  G07 - 1  1F02 - 1  FIR031 - 1  GOT009 - 1  POR016 - 1  FIR013 - 1  FIR043 - 1  GOTO40 - 1  PIE039 - 1  FIR53 - 1  FIR048 - 1  PIE125 - 1  QpZAG9 - 1  , 
QAc-G-0259,Peckerwood,Kessler_Mountain_W,100,,MagazineMountain_W,0,,Sugar_Loaf_Mountains_W,0,,PorterMountain_W,0,,PryorMountain_W,0,,57.715,55.742,58.888,57.478,43.716,15, 0C11 - 1  1G13 - 1  G07 - 1  1F02 - 1  FIR031 - 1  GOT009 - 1  POR016 - 1  FIR013 - 1  FIR043 - 1  GOTO40 - 1  PIE039 - 1  FIR53 - 1  FIR048 - 1  PIE125 - 1  QpZAG9 - 1  , 
QAc-G-0260,Peckerwood,Kessler_Mountain_W,99.999,,MagazineMountain_W,0.001,,PryorMountain_W,0,,PorterMountain_W,0,,Sugar_Loaf_Mountains_W,0,,46.028,43.109,44.053,47.931,38.206,15, 0C11 - 1  1G13 - 1  G07 - 1  1F02 - 1  FIR031 - 1  GOT009 - 1  POR016 - 1  FIR013 - 1  FIR043 - 1  GOTO40 - 1  PIE039 - 1  FIR53 - 1  FIR048 - 1  PIE125 - 1  QpZAG9 - 1  , 
QAc-G-0261,Peckerwood,Kessler_Mountain_W,96.831,,MagazineMountain_W,1.672,,PryorMountain_W,1.497,,PorterMountain_W,0.001,,Sugar_Loaf_Mountains_W,0,,44.85,41.601,41.649,50.751,39.838,15, 0C11 - 1  1G13 - 1  G07 - 1  1F02 - 1  FIR031 - 1  GOT009 - 1  POR016 - 1  FIR013 - 1  FIR043 - 1  GOTO40 - 1  PIE039 - 1  FIR53 - 1  FIR048 - 1  PIE125 - 1  QpZAG9 - 1  , 
QAc-G-0262,Peckerwood,Kessler_Mountain_W,99.926,,MagazineMountain_W,0.053,,PryorMountain_W,0.021,,PorterMountain_W,0,,Sugar_Loaf_Mountains_W,0,,43.568,40.024,40.432,46.378,36.751,15, 0C11 - 1  1G13 - 1  G07 - 1  1F02 - 1  FIR031 - 1  GOT009 - 1  POR016 - 1  FIR013 - 1  FIR043 - 1  GOTO40 - 1  PIE039 - 1  FIR53 - 1  FIR048 - 1  PIE125 - 1  QpZAG9 - 1  , 
QAc-G-0010,TMA,Kessler_Mountain_W,99.997,,MagazineMountain_W,0.003,,PryorMountain_W,0,,PorterMountain_W,0,,Sugar_Loaf_Mountains_W,0,,44.105,38.799,44.026,44.763,34.223,15, 0C11 - 1  1G13 - 1  G07 - 1  1F02 - 1  FIR031 - 1  GOT009 - 1  POR016 - 1  FIR013 - 1  FIR043 - 1  GOTO40 - 1  PIE039 - 1  FIR53 - 1  FIR048 - 1  PIE125 - 1  QpZAG9 - 1  , 
QAc-G-0011,TMA,Kessler_Mountain_W,99.49,,Sugar_Loaf_Mountains_W,0.331,,PorterMountain_W,0.173,,MagazineMountain_W,0.007,,PryorMountain_W,0,,44.312,45.709,49.602,44.03,41.551,15, 0C11 - 1  1G13 - 1  G07 - 1  1F02 - 1  FIR031 - 1  GOT009 - 1  POR016 - 1  FIR013 - 1  FIR043 - 1  GOTO40 - 1  PIE039 - 1  FIR53 - 1  FIR048 - 1  PIE125 - 1  QpZAG9 - 1  , 
QAc-G-0015,TMA,PryorMountain_W,93.808,,Kessler_Mountain_W,6.165,,MagazineMountain_W,0.026,,Sugar_Loaf_Mountains_W,0,,PorterMountain_W,0,,43.313,41.502,37.947,43.268,39.129,15, 0C11 - 1  1G13 - 1  G07 - 1  1F02 - 1  FIR031 - 1  GOT009 - 1  POR016 - 1  FIR013 - 1  FIR043 - 1  GOTO40 - 1  PIE039 - 1  FIR53 - 1  FIR048 - 1  PIE125 - 1  QpZAG9 - 1  , 
QAc-G-0106,TMA,Kessler_Mountain_W,94.636,,MagazineMountain_W,5.363,,PryorMountain_W,0.001,,PorterMountain_W,0,,Sugar_Loaf_Mountains_W,0,,43.94,39.747,43.72,51.567,38.5,15, 0C11 - 1  1G13 - 1  G07 - 1  1F02 - 1  FIR031 - 1  GOT009 - 1  POR016 - 1  FIR013 - 1  FIR043 - 1  GOTO40 - 1  PIE039 - 1  FIR53 - 1  FIR048 - 1  PIE125 - 1  QpZAG9 - 1  , 
QAc-G-0107,TMA,MagazineMountain_W,95.126,,Kessler_Mountain_W,4.874,,PorterMountain_W,0,,Sugar_Loaf_Mountains_W,0,,PryorMountain_W,0,,42.648,34.993,48.501,46.898,36.283,15, 0C11 - 1  1G13 - 1  G07 - 1  1F02 - 1  FIR031 - 1  GOT009 - 1  POR016 - 1  FIR013 - 1  FIR043 - 1  GOTO40 - 1  PIE039 - 1  FIR53 - 1  FIR048 - 1  PIE125 - 1  QpZAG9 - 1  , 
QAc-G-0108,TMA,MagazineMountain_W,86.457,,PorterMountain_W,13.52,,Kessler_Mountain_W,0.017,,Sugar_Loaf_Mountains_W,0.006,,PryorMountain_W,0,,35.834,35.028,42.187,39.176,38.742,15, 0C11 - 1  1G13 - 1  G07 - 1  1F02 - 1  FIR031 - 1  GOT009 - 1  POR016 - 1  FIR013 - 1  FIR043 - 1  GOTO40 - 1  PIE039 - 1  FIR53 - 1  FIR048 - 1  PIE125 - 1  QpZAG9 - 1  , 
QAc-G-0109,TMA,MagazineMountain_W,99.923,,Kessler_Mountain_W,0.077,,Sugar_Loaf_Mountains_W,0,,PryorMountain_W,0,,PorterMountain_W,0,,45.832,34.788,43.739,41.434,37.899,15, 0C11 - 1  1G13 - 1  G07 - 1  1F02 - 1  FIR031 - 1  GOT009 - 1  POR016 - 1  FIR013 - 1  FIR043 - 1  GOTO40 - 1  PIE039 - 1  FIR53 - 1  FIR048 - 1  PIE125 - 1  QpZAG9 - 1  , 
QAc-G-0110,TMA,MagazineMountain_W,99.891,,Kessler_Mountain_W,0.109,,PorterMountain_W,0,,Sugar_Loaf_Mountains_W,0,,PryorMountain_W,0,,40.022,33.829,45.284,41.918,36.79,15, 0C11 - 1  1G13 - 1  G07 - 1  1F02 - 1  FIR031 - 1  GOT009 - 1  POR016 - 1  FIR013 - 1  FIR043 - 1  GOTO40 - 1  PIE039 - 1  FIR53 - 1  FIR048 - 1  PIE125 - 1  QpZAG9 - 1  , 
QAc-G-0111,TMA,Kessler_Mountain_W,99.971,,MagazineMountain_W,0.029,,PorterMountain_W,0,,Sugar_Loaf_Mountains_W,0,,PryorMountain_W,0,,46.927,37.737,49.227,48.121,34.2,15, 0C11 - 1  1G13 - 1  G07 - 1  1F02 - 1  FIR031 - 1  GOT009 - 1  POR016 - 1  FIR013 - 1  FIR043 - 1  GOTO40 - 1  PIE039 - 1  FIR53 - 1  FIR048 - 1  PIE125 - 1  QpZAG9 - 1  , 
QAc-G-0112,TMA,Kessler_Mountain_W,99.994,,MagazineMountain_W,0.006,,PorterMountain_W,0,,Sugar_Loaf_Mountains_W,0,,PryorMountain_W,0,,41.835,39.039,45.348,42.452,34.819,15, 0C11 - 1  1G13 - 1  G07 - 1  1F02 - 1  FIR031 - 1  GOT009 - 1  POR016 - 1  FIR013 - 1  FIR043 - 1  GOTO40 - 1  PIE039 - 1  FIR53 - 1  FIR048 - 1  PIE125 - 1  QpZAG9 - 1  , 
QAc-G-0113,TMA,MagazineMountain_W,99.463,,Kessler_Mountain_W,0.537,,PorterMountain_W,0,,PryorMountain_W,0,,Sugar_Loaf_Mountains_W,0,,45.069,37.546,47.638,49.121,39.814,15, 0C11 - 1  1G13 - 1  G07 - 1  1F02 - 1  FIR031 - 1  GOT009 - 1  POR016 - 1  FIR013 - 1  FIR043 - 1  GOTO40 - 1  PIE039 - 1  FIR53 - 1  FIR048 - 1  PIE125 - 1  QpZAG9 - 1  , 
QAc-G-0114,TMA,Kessler_Mountain_W,61.515,,MagazineMountain_W,38.472,,PryorMountain_W,0.013,,Sugar_Loaf_Mountains_W,0,,PorterMountain_W,0,,47.201,37.815,41.284,46.348,37.611,15, 0C11 - 1  1G13 - 1  G07 - 1  1F02 - 1  FIR031 - 1  GOT009 - 1  POR016 - 1  FIR013 - 1  FIR043 - 1  GOTO40 - 1  PIE039 - 1  FIR53 - 1  FIR048 - 1  PIE125 - 1  QpZAG9 - 1  , 
QAc-G-0115,TMA,Kessler_Mountain_W,79.457,,MagazineMountain_W,16.017,,PorterMountain_W,4.526,,Sugar_Loaf_Mountains_W,0,,PryorMountain_W,0,,45.514,44.965,51.119,50.867,44.27,15, 0C11 - 1  1G13 - 1  G07 - 1  1F02 - 1  FIR031 - 1  GOT009 - 1  POR016 - 1  FIR013 - 1  FIR043 - 1  GOTO40 - 1  PIE039 - 1  FIR53 - 1  FIR048 - 1  PIE125 - 1  QpZAG9 - 1  , 
QAc-G-0116,TMA,Kessler_Mountain_W,97.556,,MagazineMountain_W,2.444,,PorterMountain_W,0,,Sugar_Loaf_Mountains_W,0,,PryorMountain_W,0,,43.743,38.563,45.39,44.226,36.962,15, 0C11 - 1  1G13 - 1  G07 - 1  1F02 - 1  FIR031 - 1  GOT009 - 1  POR016 - 1  FIR013 - 1  FIR043 - 1  GOTO40 - 1  PIE039 - 1  FIR53 - 1  FIR048 - 1  PIE125 - 1  QpZAG9 - 1  , 
QAc-G-0117,TMA,MagazineMountain_W,94.776,,PorterMountain_W,2.663,,Kessler_Mountain_W,2.56,,PryorMountain_W,0.001,,Sugar_Loaf_Mountains_W,0,,33.804,32.253,37.298,42.114,33.821,15, 0C11 - 1  1G13 - 1  G07 - 1  1F02 - 1  FIR031 - 1  GOT009 - 1  POR016 - 1  FIR013 - 1  FIR043 - 1  GOTO40 - 1  PIE039 - 1  FIR53 - 1  FIR048 - 1  PIE125 - 1  QpZAG9 - 1  , 
QAc-G-0118,TMA,Kessler_Mountain_W,98.746,,MagazineMountain_W,1.209,,PorterMountain_W,0.045,,Sugar_Loaf_Mountains_W,0,,PryorMountain_W,0,,38.472,37.039,45.916,41.114,35.127,15, 0C11 - 1  1G13 - 1  G07 - 1  1F02 - 1  FIR031 - 1  GOT009 - 1  POR016 - 1  FIR013 - 1  FIR043 - 1  GOTO40 - 1  PIE039 - 1  FIR53 - 1  FIR048 - 1  PIE125 - 1  QpZAG9 - 1  , 
QAc-G-0119,TMA,MagazineMountain_W,100,,PorterMountain_W,0,,Kessler_Mountain_W,0,,Sugar_Loaf_Mountains_W,0,,PryorMountain_W,0,,43.729,37.15,46.612,44.691,43.735,15, 0C11 - 1  1G13 - 1  G07 - 1  1F02 - 1  FIR031 - 1  GOT009 - 1  POR016 - 1  FIR013 - 1  FIR043 - 1  GOTO40 - 1  PIE039 - 1  FIR53 - 1  FIR048 - 1  PIE125 - 1  QpZAG9 - 1  , 
QAc-G-0120,TMA,Kessler_Mountain_W,99.996,,Sugar_Loaf_Mountains_W,0.004,,MagazineMountain_W,0,,PorterMountain_W,0,,PryorMountain_W,0,,43.492,42.977,48.419,40.916,36.466,15, 0C11 - 1  1G13 - 1  G07 - 1  1F02 - 1  FIR031 - 1  GOT009 - 1  POR016 - 1  FIR013 - 1  FIR043 - 1  GOTO40 - 1  PIE039 - 1  FIR53 - 1  FIR048 - 1  PIE125 - 1  QpZAG9 - 1  , 
QAc-G-0121,TMA,PryorMountain_W,72.698,,MagazineMountain_W,27.292,,PorterMountain_W,0.01,,Kessler_Mountain_W,0,,Sugar_Loaf_Mountains_W,0,,38.041,34.583,34.158,45.349,43.173,15, 0C11 - 1  1G13 - 1  G07 - 1  1F02 - 1  FIR031 - 1  GOT009 - 1  POR016 - 1  FIR013 - 1  FIR043 - 1  GOTO40 - 1  PIE039 - 1  FIR53 - 1  FIR048 - 1  PIE125 - 1  QpZAG9 - 1  , 
QAc-G-0122,TMA,MagazineMountain_W,71.218,,PorterMountain_W,22.792,,PryorMountain_W,5.917,,Kessler_Mountain_W,0.073,,Sugar_Loaf_Mountains_W,0,,34.177,33.682,34.762,42.035,36.671,15, 0C11 - 1  1G13 - 1  G07 - 1  1F02 - 1  FIR031 - 1  GOT009 - 1  POR016 - 1  FIR013 - 1  FIR043 - 1  GOTO40 - 1  PIE039 - 1  FIR53 - 1  FIR048 - 1  PIE125 - 1  QpZAG9 - 1  , 
QAc-G-0123,TMA,Kessler_Mountain_W,95.154,,PryorMountain_W,4.827,,MagazineMountain_W,0.017,,PorterMountain_W,0.002,,Sugar_Loaf_Mountains_W,0,,42.984,42.141,39.692,46.782,38.397,15, 0C11 - 1  1G13 - 1  G07 - 1  1F02 - 1  FIR031 - 1  GOT009 - 1  POR016 - 1  FIR013 - 1  FIR043 - 1  GOTO40 - 1  PIE039 - 1  FIR53 - 1  FIR048 - 1  PIE125 - 1  QpZAG9 - 1  , 
QAc-G-0124,TMA,PryorMountain_W,99.719,,Kessler_Mountain_W,0.262,,PorterMountain_W,0.018,,MagazineMountain_W,0.001,,Sugar_Loaf_Mountains_W,0,,34.989,36.095,31.25,38.378,33.831,14, 0C11 - 1  1G13 - 1  G07 - 1  1F02 - 1  FIR031 - 1  GOT009 - 1  POR016 - 1  FIR013 - 1  GOTO40 - 1  PIE039 - 1  FIR53 - 1  FIR048 - 1  PIE125 - 1  QpZAG9 - 1  , FIR043 - 1  
QAc-G-0125,TMA,MagazineMountain_W,99.735,,Kessler_Mountain_W,0.138,,PryorMountain_W,0.126,,PorterMountain_W,0.001,,Sugar_Loaf_Mountains_W,0,,42.682,37.659,40.559,49.962,40.518,15, 0C11 - 1  1G13 - 1  G07 - 1  1F02 - 1  FIR031 - 1  GOT009 - 1  POR016 - 1  FIR013 - 1  FIR043 - 1  GOTO40 - 1  PIE039 - 1  FIR53 - 1  FIR048 - 1  PIE125 - 1  QpZAG9 - 1  , 
QAc-G-0126,TMA,Kessler_Mountain_W,58.51,,PorterMountain_W,20.932,,PryorMountain_W,12.518,,MagazineMountain_W,8.04,,Sugar_Loaf_Mountains_W,0.001,,37.522,37.938,37.746,41.99,37.076,15, 0C11 - 1  1G13 - 1  G07 - 1  1F02 - 1  FIR031 - 1  GOT009 - 1  POR016 - 1  FIR013 - 1  FIR043 - 1  GOTO40 - 1  PIE039 - 1  FIR53 - 1  FIR048 - 1  PIE125 - 1  QpZAG9 - 1  , 
QAc-G-0127,TMA,PryorMountain_W,97.565,,MagazineMountain_W,2.25,,PorterMountain_W,0.183,,Kessler_Mountain_W,0.002,,Sugar_Loaf_Mountains_W,0,,40.06,38.97,37.333,46.809,41.936,15, 0C11 - 1  1G13 - 1  G07 - 1  1F02 - 1  FIR031 - 1  GOT009 - 1  POR016 - 1  FIR013 - 1  FIR043 - 1  GOTO40 - 1  PIE039 - 1  FIR53 - 1  FIR048 - 1  PIE125 - 1  QpZAG9 - 1  , 
QAc-G-0128,TMA,Kessler_Mountain_W,92.773,,PorterMountain_W,4.74,,PryorMountain_W,2.484,,MagazineMountain_W,0.003,,Sugar_Loaf_Mountains_W,0,,37.257,40.467,37.537,49.034,35.965,15, 0C11 - 1  1G13 - 1  G07 - 1  1F02 - 1  FIR031 - 1  GOT009 - 1  POR016 - 1  FIR013 - 1  FIR043 - 1  GOTO40 - 1  PIE039 - 1  FIR53 - 1  FIR048 - 1  PIE125 - 1  QpZAG9 - 1  , 
QAc-G-0129,TMA,Kessler_Mountain_W,98.985,,PryorMountain_W,0.863,,PorterMountain_W,0.137,,MagazineMountain_W,0.015,,Sugar_Loaf_Mountains_W,0,,40.702,41.648,39.902,49.882,37.843,15, 0C11 - 1  1G13 - 1  G07 - 1  1F02 - 1  FIR031 - 1  GOT009 - 1  POR016 - 1  FIR013 - 1  FIR043 - 1  GOTO40 - 1  PIE039 - 1  FIR53 - 1  FIR048 - 1  PIE125 - 1  QpZAG9 - 1  , 
QAc-G-0130,TMA,Kessler_Mountain_W,44.276,,PryorMountain_W,35.174,,MagazineMountain_W,19.864,,PorterMountain_W,0.685,,Sugar_Loaf_Mountains_W,0,,42.398,40.936,40.687,47.279,40.588,15, 0C11 - 1  1G13 - 1  G07 - 1  1F02 - 1  FIR031 - 1  GOT009 - 1  POR016 - 1  FIR013 - 1  FIR043 - 1  GOTO40 - 1  PIE039 - 1  FIR53 - 1  FIR048 - 1  PIE125 - 1  QpZAG9 - 1  , 
QAc-G-0131,TMA,MagazineMountain_W,82.641,,Kessler_Mountain_W,11.457,,PryorMountain_W,5.558,,PorterMountain_W,0.345,,Sugar_Loaf_Mountains_W,0,,39.906,37.526,38.699,45.037,38.385,15, 0C11 - 1  1G13 - 1  G07 - 1  1F02 - 1  FIR031 - 1  GOT009 - 1  POR016 - 1  FIR013 - 1  FIR043 - 1  GOTO40 - 1  PIE039 - 1  FIR53 - 1  FIR048 - 1  PIE125 - 1  QpZAG9 - 1  , 
QAc-G-0132,TMA,PryorMountain_W,95.561,,PorterMountain_W,3.104,,MagazineMountain_W,1.218,,Kessler_Mountain_W,0.117,,Sugar_Loaf_Mountains_W,0,,38.839,39.245,37.35,47.726,40.263,15, 0C11 - 1  1G13 - 1  G07 - 1  1F02 - 1  FIR031 - 1  GOT009 - 1  POR016 - 1  FIR013 - 1  FIR043 - 1  GOTO40 - 1  PIE039 - 1  FIR53 - 1  FIR048 - 1  PIE125 - 1  QpZAG9 - 1  , 
QAc-G-0133,TMA,PorterMountain_W,66.435,,PryorMountain_W,32.792,,Kessler_Mountain_W,0.411,,MagazineMountain_W,0.362,,Sugar_Loaf_Mountains_W,0,,34.767,37.031,35.074,43.174,36.975,15, 0C11 - 1  1G13 - 1  G07 - 1  1F02 - 1  FIR031 - 1  GOT009 - 1  POR016 - 1  FIR013 - 1  FIR043 - 1  GOTO40 - 1  PIE039 - 1  FIR53 - 1  FIR048 - 1  PIE125 - 1  QpZAG9 - 1  , 
QAc-G-0134,TMA,Kessler_Mountain_W,99.958,,PryorMountain_W,0.042,,PorterMountain_W,0,,MagazineMountain_W,0,,Sugar_Loaf_Mountains_W,0,,43.7,46.363,41.359,50.671,37.98,15, 0C11 - 1  1G13 - 1  G07 - 1  1F02 - 1  FIR031 - 1  GOT009 - 1  POR016 - 1  FIR013 - 1  FIR043 - 1  GOTO40 - 1  PIE039 - 1  FIR53 - 1  FIR048 - 1  PIE125 - 1  QpZAG9 - 1  , 
QAc-G-0135,TMA,MagazineMountain_W,99.508,,PorterMountain_W,0.407,,Kessler_Mountain_W,0.082,,Sugar_Loaf_Mountains_W,0.002,,PryorMountain_W,0,,41.391,39.003,46.394,43.604,42.087,15, 0C11 - 1  1G13 - 1  G07 - 1  1F02 - 1  FIR031 - 1  GOT009 - 1  POR016 - 1  FIR013 - 1  FIR043 - 1  GOTO40 - 1  PIE039 - 1  FIR53 - 1  FIR048 - 1  PIE125 - 1  QpZAG9 - 1  , 
QAc-G-0136,TMA,Kessler_Mountain_W,99.995,,MagazineMountain_W,0.005,,PorterMountain_W,0,,Sugar_Loaf_Mountains_W,0,,PryorMountain_W,0,,43.644,36.93,45.72,45.33,32.669,15, 0C11 - 1  1G13 - 1  G07 - 1  1F02 - 1  FIR031 - 1  GOT009 - 1  POR016 - 1  FIR013 - 1  FIR043 - 1  GOTO40 - 1  PIE039 - 1  FIR53 - 1  FIR048 - 1  PIE125 - 1  QpZAG9 - 1  , 
QAc-G-0137,TMA,MagazineMountain_W,99.986,,Kessler_Mountain_W,0.014,,PryorMountain_W,0,,PorterMountain_W,0,,Sugar_Loaf_Mountains_W,0,,42.633,32.303,40.246,49.261,36.151,15, 0C11 - 1  1G13 - 1  G07 - 1  1F02 - 1  FIR031 - 1  GOT009 - 1  POR016 - 1  FIR013 - 1  FIR043 - 1  GOTO40 - 1  PIE039 - 1  FIR53 - 1  FIR048 - 1  PIE125 - 1  QpZAG9 - 1  , 
QAc-G-0138,TMA,Kessler_Mountain_W,68.393,,MagazineMountain_W,31.606,,Sugar_Loaf_Mountains_W,0.001,,PryorMountain_W,0,,PorterMountain_W,0,,49.238,39.87,47.472,44.574,39.535,15, 0C11 - 1  1G13 - 1  G07 - 1  1F02 - 1  FIR031 - 1  GOT009 - 1  POR016 - 1  FIR013 - 1  FIR043 - 1  GOTO40 - 1  PIE039 - 1  FIR53 - 1  FIR048 - 1  PIE125 - 1  QpZAG9 - 1  , 
QAc-G-0139,TMA,MagazineMountain_W,94.439,,PorterMountain_W,5.175,,Kessler_Mountain_W,0.385,,PryorMountain_W,0,,Sugar_Loaf_Mountains_W,0,,41.111,39.85,45.737,46.623,42.24,15, 0C11 - 1  1G13 - 1  G07 - 1  1F02 - 1  FIR031 - 1  GOT009 - 1  POR016 - 1  FIR013 - 1  FIR043 - 1  GOTO40 - 1  PIE039 - 1  FIR53 - 1  FIR048 - 1  PIE125 - 1  QpZAG9 - 1  , 
QAc-G-0140,TMA,MagazineMountain_W,93.807,,PorterMountain_W,6.185,,Kessler_Mountain_W,0.007,,PryorMountain_W,0,,Sugar_Loaf_Mountains_W,0,,33.242,32.061,37.498,43.385,36.162,14, 0C11 - 1  1G13 - 1  G07 - 1  1F02 - 1  FIR031 - 1  GOT009 - 1  POR016 - 1  FIR013 - 1  GOTO40 - 1  PIE039 - 1  FIR53 - 1  FIR048 - 1  PIE125 - 1  QpZAG9 - 1  , FIR043 - 1  
QAc-G-0141,TMA,Kessler_Mountain_W,83.105,,PryorMountain_W,11.867,,MagazineMountain_W,4.195,,PorterMountain_W,0.833,,Sugar_Loaf_Mountains_W,0,,39.033,38.331,37.88,44.051,37.034,15, 0C11 - 1  1G13 - 1  G07 - 1  1F02 - 1  FIR031 - 1  GOT009 - 1  POR016 - 1  FIR013 - 1  FIR043 - 1  GOTO40 - 1  PIE039 - 1  FIR53 - 1  FIR048 - 1  PIE125 - 1  QpZAG9 - 1  , 
QAc-G-0142,TMA,Kessler_Mountain_W,99.393,,MagazineMountain_W,0.607,,PorterMountain_W,0,,Sugar_Loaf_Mountains_W,0,,PryorMountain_W,0,,43.495,38.831,46.779,43.528,36.617,15, 0C11 - 1  1G13 - 1  G07 - 1  1F02 - 1  FIR031 - 1  GOT009 - 1  POR016 - 1  FIR013 - 1  FIR043 - 1  GOTO40 - 1  PIE039 - 1  FIR53 - 1  FIR048 - 1  PIE125 - 1  QpZAG9 - 1  , 
QAc-G-0143,TMA,PorterMountain_W,56.492,,Kessler_Mountain_W,43.508,,Sugar_Loaf_Mountains_W,0,,MagazineMountain_W,0,,PryorMountain_W,0,,39.333,46.97,50.701,45.807,39.446,15, 0C11 - 1  1G13 - 1  G07 - 1  1F02 - 1  FIR031 - 1  GOT009 - 1  POR016 - 1  FIR013 - 1  FIR043 - 1  GOTO40 - 1  PIE039 - 1  FIR53 - 1  FIR048 - 1  PIE125 - 1  QpZAG9 - 1  , 
QAc-G-0144,TMA,Kessler_Mountain_W,99.991,,MagazineMountain_W,0.009,,Sugar_Loaf_Mountains_W,0,,PorterMountain_W,0,,PryorMountain_W,0,,48.217,38.497,53.359,44.904,34.431,14, 0C11 - 1  1G13 - 1  G07 - 1  1F02 - 1  FIR031 - 1  GOT009 - 1  POR016 - 1  FIR013 - 1  GOTO40 - 1  PIE039 - 1  FIR53 - 1  FIR048 - 1  PIE125 - 1  QpZAG9 - 1  , FIR043 - 1  
QAc-G-0145,TMA,Kessler_Mountain_W,96.652,,MagazineMountain_W,2.687,,PorterMountain_W,0.661,,PryorMountain_W,0,,Sugar_Loaf_Mountains_W,0,,38.169,37.56,42.572,43.667,36.004,15, 0C11 - 1  1G13 - 1  G07 - 1  1F02 - 1  FIR031 - 1  GOT009 - 1  POR016 - 1  FIR013 - 1  FIR043 - 1  GOTO40 - 1  PIE039 - 1  FIR53 - 1  FIR048 - 1  PIE125 - 1  QpZAG9 - 1  , 
QAc-G-0146,TMA,Kessler_Mountain_W,91.569,,PorterMountain_W,5.985,,PryorMountain_W,1.568,,MagazineMountain_W,0.876,,Sugar_Loaf_Mountains_W,0.002,,38.559,39.394,39.141,42.074,37.375,15, 0C11 - 1  1G13 - 1  G07 - 1  1F02 - 1  FIR031 - 1  GOT009 - 1  POR016 - 1  FIR013 - 1  FIR043 - 1  GOTO40 - 1  PIE039 - 1  FIR53 - 1  FIR048 - 1  PIE125 - 1  QpZAG9 - 1  , 
QAc-G-0147,TMA,MagazineMountain_W,99.998,,PryorMountain_W,0.001,,PorterMountain_W,0,,Kessler_Mountain_W,0,,Sugar_Loaf_Mountains_W,0,,33.838,28.243,33.076,36.879,35.512,15, 0C11 - 1  1G13 - 1  G07 - 1  1F02 - 1  FIR031 - 1  GOT009 - 1  POR016 - 1  FIR013 - 1  FIR043 - 1  GOTO40 - 1  PIE039 - 1  FIR53 - 1  FIR048 - 1  PIE125 - 1  QpZAG9 - 1  , 
QAc-G-0148,TMA,MagazineMountain_W,98.95,,Kessler_Mountain_W,1.05,,PorterMountain_W,0,,PryorMountain_W,0,,Sugar_Loaf_Mountains_W,0,,42.694,36.941,46.48,54.892,38.916,15, 0C11 - 1  1G13 - 1  G07 - 1  1F02 - 1  FIR031 - 1  GOT009 - 1  POR016 - 1  FIR013 - 1  FIR043 - 1  GOTO40 - 1  PIE039 - 1  FIR53 - 1  FIR048 - 1  PIE125 - 1  QpZAG9 - 1  , 
QAc-G-0149,TMA,PryorMountain_W,59.473,,PorterMountain_W,23.534,,MagazineMountain_W,16.993,,Kessler_Mountain_W,0.001,,Sugar_Loaf_Mountains_W,0,,38.193,38.335,37.791,47.963,42.505,15, 0C11 - 1  1G13 - 1  G07 - 1  1F02 - 1  FIR031 - 1  GOT009 - 1  POR016 - 1  FIR013 - 1  FIR043 - 1  GOTO40 - 1  PIE039 - 1  FIR53 - 1  FIR048 - 1  PIE125 - 1  QpZAG9 - 1  , 
QAc-G-0150,TMA,Kessler_Mountain_W,99.975,,PryorMountain_W,0.021,,PorterMountain_W,0.003,,MagazineMountain_W,0,,Sugar_Loaf_Mountains_W,0,,36.729,37.559,35.917,48.293,32.246,15, 0C11 - 1  1G13 - 1  G07 - 1  1F02 - 1  FIR031 - 1  GOT009 - 1  POR016 - 1  FIR013 - 1  FIR043 - 1  GOTO40 - 1  PIE039 - 1  FIR53 - 1  FIR048 - 1  PIE125 - 1  QpZAG9 - 1  , 
QAc-G-0151,TMA,Kessler_Mountain_W,100,,PryorMountain_W,0,,MagazineMountain_W,0,,PorterMountain_W,0,,Sugar_Loaf_Mountains_W,0,,43.573,43.148,42.997,45.588,37.382,15, 0C11 - 1  1G13 - 1  G07 - 1  1F02 - 1  FIR031 - 1  GOT009 - 1  POR016 - 1  FIR013 - 1  FIR043 - 1  GOTO40 - 1  PIE039 - 1  FIR53 - 1  FIR048 - 1  PIE125 - 1  QpZAG9 - 1  , 
QAc-G-0152,TMA,Kessler_Mountain_W,100,,PryorMountain_W,0,,MagazineMountain_W,0,,Sugar_Loaf_Mountains_W,0,,PorterMountain_W,0,,45.195,43.273,43.018,44.989,36.116,15, 0C11 - 1  1G13 - 1  G07 - 1  1F02 - 1  FIR031 - 1  GOT009 - 1  POR016 - 1  FIR013 - 1  FIR043 - 1  GOTO40 - 1  PIE039 - 1  FIR53 - 1  FIR048 - 1  PIE125 - 1  QpZAG9 - 1  , 
QAc-G-0153,TMA,Kessler_Mountain_W,100,,PorterMountain_W,0,,MagazineMountain_W,0,,PryorMountain_W,0,,Sugar_Loaf_Mountains_W,0,,41.965,42.023,43.02,43.664,36.28,15, 0C11 - 1  1G13 - 1  G07 - 1  1F02 - 1  FIR031 - 1  GOT009 - 1  POR016 - 1  FIR013 - 1  FIR043 - 1  GOTO40 - 1  PIE039 - 1  FIR53 - 1  FIR048 - 1  PIE125 - 1  QpZAG9 - 1  , 
QAc-G-0154,TMA,PorterMountain_W,89.109,,MagazineMountain_W,9.25,,PryorMountain_W,1.577,,Kessler_Mountain_W,0.064,,Sugar_Loaf_Mountains_W,0,,33.213,34.196,34.965,40.884,36.356,15, 0C11 - 1  1G13 - 1  G07 - 1  1F02 - 1  FIR031 - 1  GOT009 - 1  POR016 - 1  FIR013 - 1  FIR043 - 1  GOTO40 - 1  PIE039 - 1  FIR53 - 1  FIR048 - 1  PIE125 - 1  QpZAG9 - 1  , 
QAc-G-0155,TMA,Kessler_Mountain_W,99.399,,PryorMountain_W,0.555,,PorterMountain_W,0.044,,MagazineMountain_W,0.002,,Sugar_Loaf_Mountains_W,0,,40.853,42.195,39.748,45.542,37.495,15, 0C11 - 1  1G13 - 1  G07 - 1  1F02 - 1  FIR031 - 1  GOT009 - 1  POR016 - 1  FIR013 - 1  FIR043 - 1  GOTO40 - 1  PIE039 - 1  FIR53 - 1  FIR048 - 1  PIE125 - 1  QpZAG9 - 1  , 
QAc-G-0158,TMA,MagazineMountain_W,70.777,,PryorMountain_W,27.18,,Kessler_Mountain_W,1.903,,PorterMountain_W,0.14,,Sugar_Loaf_Mountains_W,0,,41.773,39.07,39.485,50.887,40.64,15, 0C11 - 1  1G13 - 1  G07 - 1  1F02 - 1  FIR031 - 1  GOT009 - 1  POR016 - 1  FIR013 - 1  FIR043 - 1  GOTO40 - 1  PIE039 - 1  FIR53 - 1  FIR048 - 1  PIE125 - 1  QpZAG9 - 1  , 
QAc-G-0159,TMA,Kessler_Mountain_W,85.32,,PorterMountain_W,14.666,,MagazineMountain_W,0.014,,PryorMountain_W,0,,Sugar_Loaf_Mountains_W,0,,36.092,39.1,43.336,45.411,35.328,15, 0C11 - 1  1G13 - 1  G07 - 1  1F02 - 1  FIR031 - 1  GOT009 - 1  POR016 - 1  FIR013 - 1  FIR043 - 1  GOTO40 - 1  PIE039 - 1  FIR53 - 1  FIR048 - 1  PIE125 - 1  QpZAG9 - 1  , 
QAc-G-0160,TMA,Kessler_Mountain_W,99.945,,PorterMountain_W,0.053,,PryorMountain_W,0.001,,MagazineMountain_W,0.001,,Sugar_Loaf_Mountains_W,0,,36.808,38.492,38.44,43.757,33.529,15, 0C11 - 1  1G13 - 1  G07 - 1  1F02 - 1  FIR031 - 1  GOT009 - 1  POR016 - 1  FIR013 - 1  FIR043 - 1  GOTO40 - 1  PIE039 - 1  FIR53 - 1  FIR048 - 1  PIE125 - 1  QpZAG9 - 1  , 
QAc-G-0161,TMA,MagazineMountain_W,94.292,,Kessler_Mountain_W,5.47,,PorterMountain_W,0.238,,PryorMountain_W,0,,Sugar_Loaf_Mountains_W,0,,36.789,34.19,40.265,41.57,35.426,15, 0C11 - 1  1G13 - 1  G07 - 1  1F02 - 1  FIR031 - 1  GOT009 - 1  POR016 - 1  FIR013 - 1  FIR043 - 1  GOTO40 - 1  PIE039 - 1  FIR53 - 1  FIR048 - 1  PIE125 - 1  QpZAG9 - 1  , 
QAc-G-0162,TMA,Kessler_Mountain_W,99.998,,MagazineMountain_W,0.002,,PorterMountain_W,0,,Sugar_Loaf_Mountains_W,0,,PryorMountain_W,0,,40.478,39.404,42.218,42.035,34.58,15, 0C11 - 1  1G13 - 1  G07 - 1  1F02 - 1  FIR031 - 1  GOT009 - 1  POR016 - 1  FIR013 - 1  FIR043 - 1  GOTO40 - 1  PIE039 - 1  FIR53 - 1  FIR048 - 1  PIE125 - 1  QpZAG9 - 1  , 
QAc-G-0163,TMA,Kessler_Mountain_W,97.68,,PorterMountain_W,2.307,,MagazineMountain_W,0.013,,Sugar_Loaf_Mountains_W,0,,PryorMountain_W,0,,36.131,38.37,45.386,42.869,34.504,15, 0C11 - 1  1G13 - 1  G07 - 1  1F02 - 1  FIR031 - 1  GOT009 - 1  POR016 - 1  FIR013 - 1  FIR043 - 1  GOTO40 - 1  PIE039 - 1  FIR53 - 1  FIR048 - 1  PIE125 - 1  QpZAG9 - 1  , 
QAc-G-0164,TMA,Kessler_Mountain_W,83.42,,PorterMountain_W,13.807,,MagazineMountain_W,2.692,,PryorMountain_W,0.081,,Sugar_Loaf_Mountains_W,0,,36.976,37.686,39.209,42.353,36.195,15, 0C11 - 1  1G13 - 1  G07 - 1  1F02 - 1  FIR031 - 1  GOT009 - 1  POR016 - 1  FIR013 - 1  FIR043 - 1  GOTO40 - 1  PIE039 - 1  FIR53 - 1  FIR048 - 1  PIE125 - 1  QpZAG9 - 1  , 
QAc-G-0165,TMA,Kessler_Mountain_W,97.957,,MagazineMountain_W,1.573,,PorterMountain_W,0.47,,PryorMountain_W,0,,Sugar_Loaf_Mountains_W,0,,37.43,36.905,40.84,46.355,35.111,15, 0C11 - 1  1G13 - 1  G07 - 1  1F02 - 1  FIR031 - 1  GOT009 - 1  POR016 - 1  FIR013 - 1  FIR043 - 1  GOTO40 - 1  PIE039 - 1  FIR53 - 1  FIR048 - 1  PIE125 - 1  QpZAG9 - 1  , 
QAc-G-0166,TMA,MagazineMountain_W,99.985,,Kessler_Mountain_W,0.014,,PorterMountain_W,0,,PryorMountain_W,0,,Sugar_Loaf_Mountains_W,0,,39.104,33.081,40.891,42.005,36.922,15, 0C11 - 1  1G13 - 1  G07 - 1  1F02 - 1  FIR031 - 1  GOT009 - 1  POR016 - 1  FIR013 - 1  FIR043 - 1  GOTO40 - 1  PIE039 - 1  FIR53 - 1  FIR048 - 1  PIE125 - 1  QpZAG9 - 1  , 
QAc-G-0167,TMA,MagazineMountain_W,99.521,,Kessler_Mountain_W,0.258,,PorterMountain_W,0.212,,PryorMountain_W,0.009,,Sugar_Loaf_Mountains_W,0,,37.748,35.076,39.127,45.811,37.661,15, 0C11 - 1  1G13 - 1  G07 - 1  1F02 - 1  FIR031 - 1  GOT009 - 1  POR016 - 1  FIR013 - 1  FIR043 - 1  GOTO40 - 1  PIE039 - 1  FIR53 - 1  FIR048 - 1  PIE125 - 1  QpZAG9 - 1  , 
QAc-G-0168,TMA,MagazineMountain_W,95.084,,Kessler_Mountain_W,4.912,,PorterMountain_W,0.003,,PryorMountain_W,0,,Sugar_Loaf_Mountains_W,0,,37.443,32.978,38.947,44.083,34.265,15, 0C11 - 1  1G13 - 1  G07 - 1  1F02 - 1  FIR031 - 1  GOT009 - 1  POR016 - 1  FIR013 - 1  FIR043 - 1  GOTO40 - 1  PIE039 - 1  FIR53 - 1  FIR048 - 1  PIE125 - 1  QpZAG9 - 1  , 
QAc-G-0169,TMA,Kessler_Mountain_W,87.526,,PorterMountain_W,11.55,,PryorMountain_W,0.877,,MagazineMountain_W,0.047,,Sugar_Loaf_Mountains_W,0,,35.57,37.961,36.689,40.179,34.691,14, 0C11 - 1  G07 - 1  1F02 - 1  FIR031 - 1  GOT009 - 1  POR016 - 1  FIR013 - 1  FIR043 - 1  GOTO40 - 1  PIE039 - 1  FIR53 - 1  FIR048 - 1  PIE125 - 1  QpZAG9 - 1  , 1G13 - 1  
QAc-G-0170,TMA,Kessler_Mountain_W,77.832,,PorterMountain_W,12.47,,MagazineMountain_W,9.694,,PryorMountain_W,0.003,,Sugar_Loaf_Mountains_W,0,,34.662,34.771,38.257,43.555,33.866,15, 0C11 - 1  1G13 - 1  G07 - 1  1F02 - 1  FIR031 - 1  GOT009 - 1  POR016 - 1  FIR013 - 1  FIR043 - 1  GOTO40 - 1  PIE039 - 1  FIR53 - 1  FIR048 - 1  PIE125 - 1  QpZAG9 - 1  , 
QAc-G-0171,TMA,MagazineMountain_W,94.847,,PorterMountain_W,3.717,,Kessler_Mountain_W,1.43,,PryorMountain_W,0.006,,Sugar_Loaf_Mountains_W,0,,37.964,36.557,40.764,47.598,38.379,15, 0C11 - 1  1G13 - 1  G07 - 1  1F02 - 1  FIR031 - 1  GOT009 - 1  POR016 - 1  FIR013 - 1  FIR043 - 1  GOTO40 - 1  PIE039 - 1  FIR53 - 1  FIR048 - 1  PIE125 - 1  QpZAG9 - 1  , 
QAc-G-0172,TMA,Kessler_Mountain_W,100,,MagazineMountain_W,0,,PryorMountain_W,0,,Sugar_Loaf_Mountains_W,0,,PorterMountain_W,0,,49.815,44.461,45.801,49.442,35.73,15, 0C11 - 1  1G13 - 1  G07 - 1  1F02 - 1  FIR031 - 1  GOT009 - 1  POR016 - 1  FIR013 - 1  FIR043 - 1  GOTO40 - 1  PIE039 - 1  FIR53 - 1  FIR048 - 1  PIE125 - 1  QpZAG9 - 1  , 
QAc-G-0173,TMA,MagazineMountain_W,98.649,,Kessler_Mountain_W,1.351,,PorterMountain_W,0,,PryorMountain_W,0,,Sugar_Loaf_Mountains_W,0,,44.554,36.899,44.827,45.92,38.762,15, 0C11 - 1  1G13 - 1  G07 - 1  1F02 - 1  FIR031 - 1  GOT009 - 1  POR016 - 1  FIR013 - 1  FIR043 - 1  GOTO40 - 1  PIE039 - 1  FIR53 - 1  FIR048 - 1  PIE125 - 1  QpZAG9 - 1  , 
QAc-G-0174,TMA,MagazineMountain_W,94.625,,Kessler_Mountain_W,5.375,,PorterMountain_W,0,,PryorMountain_W,0,,Sugar_Loaf_Mountains_W,0,,42.983,36.4,46.873,49.526,37.645,15, 0C11 - 1  1G13 - 1  G07 - 1  1F02 - 1  FIR031 - 1  GOT009 - 1  POR016 - 1  FIR013 - 1  FIR043 - 1  GOTO40 - 1  PIE039 - 1  FIR53 - 1  FIR048 - 1  PIE125 - 1  QpZAG9 - 1  , 
QAc-G-0175,TMA,Kessler_Mountain_W,99.99,,MagazineMountain_W,0.01,,PorterMountain_W,0,,PryorMountain_W,0,,Sugar_Loaf_Mountains_W,0,,39.943,37.096,40.099,47.578,33.106,15, 0C11 - 1  1G13 - 1  G07 - 1  1F02 - 1  FIR031 - 1  GOT009 - 1  POR016 - 1  FIR013 - 1  FIR043 - 1  GOTO40 - 1  PIE039 - 1  FIR53 - 1  FIR048 - 1  PIE125 - 1  QpZAG9 - 1  , 
QAc-G-0176,TMA,PorterMountain_W,54.381,,MagazineMountain_W,32.484,,Kessler_Mountain_W,11.393,,PryorMountain_W,1.742,,Sugar_Loaf_Mountains_W,0,,36.008,36.232,37.502,43.35,36.687,15, 0C11 - 1  1G13 - 1  G07 - 1  1F02 - 1  FIR031 - 1  GOT009 - 1  POR016 - 1  FIR013 - 1  FIR043 - 1  GOTO40 - 1  PIE039 - 1  FIR53 - 1  FIR048 - 1  PIE125 - 1  QpZAG9 - 1  , 
QAc-G-0177,TMA,Kessler_Mountain_W,45.554,,MagazineMountain_W,40.832,,PorterMountain_W,13.488,,PryorMountain_W,0.126,,Sugar_Loaf_Mountains_W,0,,36.165,35.684,38.196,42.702,35.637,15, 0C11 - 1  1G13 - 1  G07 - 1  1F02 - 1  FIR031 - 1  GOT009 - 1  POR016 - 1  FIR013 - 1  FIR043 - 1  GOTO40 - 1  PIE039 - 1  FIR53 - 1  FIR048 - 1  PIE125 - 1  QpZAG9 - 1  , 
QAc-G-0178,TMA,MagazineMountain_W,95.475,,Kessler_Mountain_W,3.796,,PorterMountain_W,0.714,,PryorMountain_W,0.015,,Sugar_Loaf_Mountains_W,0,,39.018,36.892,40.696,45.083,38.293,15, 0C11 - 1  1G13 - 1  G07 - 1  1F02 - 1  FIR031 - 1  GOT009 - 1  POR016 - 1  FIR013 - 1  FIR043 - 1  GOTO40 - 1  PIE039 - 1  FIR53 - 1  FIR048 - 1  PIE125 - 1  QpZAG9 - 1  , 
QAc-G-0179,TMA,MagazineMountain_W,95.981,,Kessler_Mountain_W,4.016,,PorterMountain_W,0.004,,PryorMountain_W,0,,Sugar_Loaf_Mountains_W,0,,36.861,32.446,38.903,40.907,33.825,14, 0C11 - 1  1G13 - 1  G07 - 1  1F02 - 1  FIR031 - 1  GOT009 - 1  POR016 - 1  FIR013 - 1  GOTO40 - 1  PIE039 - 1  FIR53 - 1  FIR048 - 1  PIE125 - 1  QpZAG9 - 1  , FIR043 - 1  
QAc-G-0180,TMA,Kessler_Mountain_W,64.514,,MagazineMountain_W,23.911,,PorterMountain_W,11.398,,PryorMountain_W,0.176,,Sugar_Loaf_Mountains_W,0,,38.127,37.806,39.938,44.175,37.375,15, 0C11 - 1  1G13 - 1  G07 - 1  1F02 - 1  FIR031 - 1  GOT009 - 1  POR016 - 1  FIR013 - 1  FIR043 - 1  GOTO40 - 1  PIE039 - 1  FIR53 - 1  FIR048 - 1  PIE125 - 1  QpZAG9 - 1  , 
QAc-G-0181,TMA,Kessler_Mountain_W,99.904,,PorterMountain_W,0.082,,MagazineMountain_W,0.014,,PryorMountain_W,0,,Sugar_Loaf_Mountains_W,0,,39.075,39.84,42.955,47.701,35.991,15, 0C11 - 1  1G13 - 1  G07 - 1  1F02 - 1  FIR031 - 1  GOT009 - 1  POR016 - 1  FIR013 - 1  FIR043 - 1  GOTO40 - 1  PIE039 - 1  FIR53 - 1  FIR048 - 1  PIE125 - 1  QpZAG9 - 1  , 
QAc-G-0182,TMA,Kessler_Mountain_W,99.999,,MagazineMountain_W,0.001,,Sugar_Loaf_Mountains_W,0,,PorterMountain_W,0,,PryorMountain_W,0,,41.111,36.145,41.492,40.757,31.038,15, 0C11 - 1  1G13 - 1  G07 - 1  1F02 - 1  FIR031 - 1  GOT009 - 1  POR016 - 1  FIR013 - 1  FIR043 - 1  GOTO40 - 1  PIE039 - 1  FIR53 - 1  FIR048 - 1  PIE125 - 1  QpZAG9 - 1  , 
QAc-G-0183,TMA,MagazineMountain_W,99.936,,Kessler_Mountain_W,0.039,,PryorMountain_W,0.022,,PorterMountain_W,0.003,,Sugar_Loaf_Mountains_W,0,,35.137,30.662,34.317,42.485,34.071,14, 0C11 - 1  1G13 - 1  G07 - 1  1F02 - 1  FIR031 - 1  GOT009 - 1  POR016 - 1  FIR013 - 1  FIR043 - 1  GOTO40 - 1  PIE039 - 1  FIR53 - 1  FIR048 - 1  QpZAG9 - 1  , PIE125 - 1  
QAc-G-0184,TMA,Kessler_Mountain_W,65.644,,MagazineMountain_W,34.354,,PorterMountain_W,0.002,,PryorMountain_W,0,,Sugar_Loaf_Mountains_W,0,,37.936,33.654,41.22,46.114,33.372,15, 0C11 - 1  1G13 - 1  G07 - 1  1F02 - 1  FIR031 - 1  GOT009 - 1  POR016 - 1  FIR013 - 1  FIR043 - 1  GOTO40 - 1  PIE039 - 1  FIR53 - 1  FIR048 - 1  PIE125 - 1  QpZAG9 - 1  , 
QAc-G-0185,TMA,MagazineMountain_W,98.698,,Kessler_Mountain_W,1.301,,PorterMountain_W,0.001,,PryorMountain_W,0,,Sugar_Loaf_Mountains_W,0,,38.799,33.873,42.714,42.759,35.753,15, 0C11 - 1  1G13 - 1  G07 - 1  1F02 - 1  FIR031 - 1  GOT009 - 1  POR016 - 1  FIR013 - 1  FIR043 - 1  GOTO40 - 1  PIE039 - 1  FIR53 - 1  FIR048 - 1  PIE125 - 1  QpZAG9 - 1  , 
QAc-G-0186,TMA,Kessler_Mountain_W,87.566,,PorterMountain_W,12.434,,Sugar_Loaf_Mountains_W,0,,MagazineMountain_W,0,,PryorMountain_W,0,,37.316,43.127,45.951,42.869,36.468,15, 0C11 - 1  1G13 - 1  G07 - 1  1F02 - 1  FIR031 - 1  GOT009 - 1  POR016 - 1  FIR013 - 1  FIR043 - 1  GOTO40 - 1  PIE039 - 1  FIR53 - 1  FIR048 - 1  PIE125 - 1  QpZAG9 - 1  , 
QAc-G-0187,TMA,MagazineMountain_W,59.066,,Kessler_Mountain_W,39.399,,PorterMountain_W,0.77,,PryorMountain_W,0.764,,Sugar_Loaf_Mountains_W,0,,35.611,33.727,35.615,42.591,33.903,15, 0C11 - 1  1G13 - 1  G07 - 1  1F02 - 1  FIR031 - 1  GOT009 - 1  POR016 - 1  FIR013 - 1  FIR043 - 1  GOTO40 - 1  PIE039 - 1  FIR53 - 1  FIR048 - 1  PIE125 - 1  QpZAG9 - 1  , 
QAc-G-0188,TMA,Kessler_Mountain_W,53.484,,PryorMountain_W,33.066,,PorterMountain_W,10.34,,MagazineMountain_W,2.822,,Sugar_Loaf_Mountains_W,0.289,,42.837,43.401,42.332,44.39,42.123,15, 0C11 - 1  1G13 - 1  G07 - 1  1F02 - 1  FIR031 - 1  GOT009 - 1  POR016 - 1  FIR013 - 1  FIR043 - 1  GOTO40 - 1  PIE039 - 1  FIR53 - 1  FIR048 - 1  PIE125 - 1  QpZAG9 - 1  , 
QAc-G-0189,TMA,Kessler_Mountain_W,99.993,,MagazineMountain_W,0.005,,PryorMountain_W,0.002,,PorterMountain_W,0,,Sugar_Loaf_Mountains_W,0,,42.043,40.093,40.5,51.04,35.806,15, 0C11 - 1  1G13 - 1  G07 - 1  1F02 - 1  FIR031 - 1  GOT009 - 1  POR016 - 1  FIR013 - 1  FIR043 - 1  GOTO40 - 1  PIE039 - 1  FIR53 - 1  FIR048 - 1  PIE125 - 1  QpZAG9 - 1  , 
QAc-G-0190,TMA,PorterMountain_W,99.215,,MagazineMountain_W,0.503,,Kessler_Mountain_W,0.215,,PryorMountain_W,0.067,,Sugar_Loaf_Mountains_W,0,,34.08,36.375,37.251,43.15,36.744,15, 0C11 - 1  1G13 - 1  G07 - 1  1F02 - 1  FIR031 - 1  GOT009 - 1  POR016 - 1  FIR013 - 1  FIR043 - 1  GOTO40 - 1  PIE039 - 1  FIR53 - 1  FIR048 - 1  PIE125 - 1  QpZAG9 - 1  , 
QAc-G-0191,TMA,PorterMountain_W,60.958,,MagazineMountain_W,25.025,,Kessler_Mountain_W,10.692,,PryorMountain_W,3.326,,Sugar_Loaf_Mountains_W,0,,35.988,36.375,37.251,43.15,36.744,15, 0C11 - 1  1G13 - 1  G07 - 1  1F02 - 1  FIR031 - 1  GOT009 - 1  POR016 - 1  FIR013 - 1  FIR043 - 1  GOTO40 - 1  PIE039 - 1  FIR53 - 1  FIR048 - 1  PIE125 - 1  QpZAG9 - 1  , 
QAc-G-0192,TMA,PorterMountain_W,56.835,,PryorMountain_W,22.036,,Kessler_Mountain_W,19.159,,MagazineMountain_W,1.97,,Sugar_Loaf_Mountains_W,0,,36.123,37.583,36.534,45.115,36.595,15, 0C11 - 1  1G13 - 1  G07 - 1  1F02 - 1  FIR031 - 1  GOT009 - 1  POR016 - 1  FIR013 - 1  FIR043 - 1  GOTO40 - 1  PIE039 - 1  FIR53 - 1  FIR048 - 1  PIE125 - 1  QpZAG9 - 1  , 
QAc-G-0193,TMA,Kessler_Mountain_W,60.529,,MagazineMountain_W,20.095,,PorterMountain_W,19.335,,PryorMountain_W,0.041,,Sugar_Loaf_Mountains_W,0,,35.489,35.473,38.161,45.859,34.994,15, 0C11 - 1  1G13 - 1  G07 - 1  1F02 - 1  FIR031 - 1  GOT009 - 1  POR016 - 1  FIR013 - 1  FIR043 - 1  GOTO40 - 1  PIE039 - 1  FIR53 - 1  FIR048 - 1  PIE125 - 1  QpZAG9 - 1  , 
QAc-G-0194,TMA,Kessler_Mountain_W,77.036,,PorterMountain_W,15.037,,MagazineMountain_W,7.817,,PryorMountain_W,0.11,,Sugar_Loaf_Mountains_W,0,,34.592,34.877,36.727,42.941,33.883,15, 0C11 - 1  1G13 - 1  G07 - 1  1F02 - 1  FIR031 - 1  GOT009 - 1  POR016 - 1  FIR013 - 1  FIR043 - 1  GOTO40 - 1  PIE039 - 1  FIR53 - 1  FIR048 - 1  PIE125 - 1  QpZAG9 - 1  , 
QAc-G-0195,TMA,Kessler_Mountain_W,96.304,,MagazineMountain_W,3.696,,Sugar_Loaf_Mountains_W,0,,PorterMountain_W,0,,PryorMountain_W,0,,49.778,38.451,51.02,48.073,37.035,15, 0C11 - 1  1G13 - 1  G07 - 1  1F02 - 1  FIR031 - 1  GOT009 - 1  POR016 - 1  FIR013 - 1  FIR043 - 1  GOTO40 - 1  PIE039 - 1  FIR53 - 1  FIR048 - 1  PIE125 - 1  QpZAG9 - 1  , 
QAc-G-0196,TMA,MagazineMountain_W,94.681,,Kessler_Mountain_W,5.319,,PryorMountain_W,0,,PorterMountain_W,0,,Sugar_Loaf_Mountains_W,0,,42.718,35.073,41.919,47.791,36.323,15, 0C11 - 1  1G13 - 1  G07 - 1  1F02 - 1  FIR031 - 1  GOT009 - 1  POR016 - 1  FIR013 - 1  FIR043 - 1  GOTO40 - 1  PIE039 - 1  FIR53 - 1  FIR048 - 1  PIE125 - 1  QpZAG9 - 1  , 
QAc-G-0197,TMA,Kessler_Mountain_W,97.879,,MagazineMountain_W,1.918,,PorterMountain_W,0.201,,PryorMountain_W,0.002,,Sugar_Loaf_Mountains_W,0,,36.337,35.357,38.311,44.079,33.65,15, 0C11 - 1  1G13 - 1  G07 - 1  1F02 - 1  FIR031 - 1  GOT009 - 1  POR016 - 1  FIR013 - 1  FIR043 - 1  GOTO40 - 1  PIE039 - 1  FIR53 - 1  FIR048 - 1  PIE125 - 1  QpZAG9 - 1  , 
QAc-G-0198,TMA,Kessler_Mountain_W,60.035,,MagazineMountain_W,26.302,,PryorMountain_W,13.581,,PorterMountain_W,0.082,,Sugar_Loaf_Mountains_W,0,,40.16,37.652,37.939,47.764,37.293,15, 0C11 - 1  1G13 - 1  G07 - 1  1F02 - 1  FIR031 - 1  GOT009 - 1  POR016 - 1  FIR013 - 1  FIR043 - 1  GOTO40 - 1  PIE039 - 1  FIR53 - 1  FIR048 - 1  PIE125 - 1  QpZAG9 - 1  , 
QAc-G-0199,TMA,Kessler_Mountain_W,98.991,,MagazineMountain_W,1.009,,PorterMountain_W,0,,PryorMountain_W,0,,Sugar_Loaf_Mountains_W,0,,41.579,38.074,44.495,46.895,36.083,15, 0C11 - 1  1G13 - 1  G07 - 1  1F02 - 1  FIR031 - 1  GOT009 - 1  POR016 - 1  FIR013 - 1  FIR043 - 1  GOTO40 - 1  PIE039 - 1  FIR53 - 1  FIR048 - 1  PIE125 - 1  QpZAG9 - 1  , 
QAc-G-0200,TMA,MagazineMountain_W,99.979,,Kessler_Mountain_W,0.019,,PorterMountain_W,0.002,,Sugar_Loaf_Mountains_W,0,,PryorMountain_W,0,,37.073,32.371,42.873,40.248,36.083,15, 0C11 - 1  1G13 - 1  G07 - 1  1F02 - 1  FIR031 - 1  GOT009 - 1  POR016 - 1  FIR013 - 1  FIR043 - 1  GOTO40 - 1  PIE039 - 1  FIR53 - 1  FIR048 - 1  PIE125 - 1  QpZAG9 - 1  , 
QAc-G-0201,TMA,MagazineMountain_W,89.892,,Kessler_Mountain_W,10.108,,PryorMountain_W,0,,PorterMountain_W,0,,Sugar_Loaf_Mountains_W,0,,43.41,36.211,41.924,49.886,37.16,15, 0C11 - 1  1G13 - 1  G07 - 1  1F02 - 1  FIR031 - 1  GOT009 - 1  POR016 - 1  FIR013 - 1  FIR043 - 1  GOTO40 - 1  PIE039 - 1  FIR53 - 1  FIR048 - 1  PIE125 - 1  QpZAG9 - 1  , 
QAc-G-0202,TMA,Kessler_Mountain_W,51.506,,MagazineMountain_W,48.479,,PryorMountain_W,0.01,,PorterMountain_W,0.005,,Sugar_Loaf_Mountains_W,0,,37.575,33.601,37.295,45.441,33.574,14, 1G13 - 1  G07 - 1  1F02 - 1  FIR031 - 1  GOT009 - 1  POR016 - 1  FIR013 - 1  FIR043 - 1  GOTO40 - 1  PIE039 - 1  FIR53 - 1  FIR048 - 1  PIE125 - 1  QpZAG9 - 1  , 0C11 - 1  
QAc-G-0203,TMA,MagazineMountain_W,71.38,,Kessler_Mountain_W,28.52,,PryorMountain_W,0.099,,PorterMountain_W,0.002,,Sugar_Loaf_Mountains_W,0,,39.314,34.647,37.504,47.012,35.045,15, 0C11 - 1  1G13 - 1  G07 - 1  1F02 - 1  FIR031 - 1  GOT009 - 1  POR016 - 1  FIR013 - 1  FIR043 - 1  GOTO40 - 1  PIE039 - 1  FIR53 - 1  FIR048 - 1  PIE125 - 1  QpZAG9 - 1  , 
QAc-G-0204,TMA,MagazineMountain_W,99.976,,PorterMountain_W,0.024,,Kessler_Mountain_W,0,,PryorMountain_W,0,,Sugar_Loaf_Mountains_W,0,,35.292,31.669,38.427,42.274,37.006,15, 0C11 - 1  1G13 - 1  G07 - 1  1F02 - 1  FIR031 - 1  GOT009 - 1  POR016 - 1  FIR013 - 1  FIR043 - 1  GOTO40 - 1  PIE039 - 1  FIR53 - 1  FIR048 - 1  PIE125 - 1  QpZAG9 - 1  , 
QAc-G-0205,TMA,PryorMountain_W,64.613,,MagazineMountain_W,24.508,,Kessler_Mountain_W,10.878,,PorterMountain_W,0,,Sugar_Loaf_Mountains_W,0,,44.394,37.854,37.433,48.495,38.207,15, 0C11 - 1  1G13 - 1  G07 - 1  1F02 - 1  FIR031 - 1  GOT009 - 1  POR016 - 1  FIR013 - 1  FIR043 - 1  GOTO40 - 1  PIE039 - 1  FIR53 - 1  FIR048 - 1  PIE125 - 1  QpZAG9 - 1  , 
QAc-G-0206,TMA,Kessler_Mountain_W,52.621,,PryorMountain_W,47.334,,MagazineMountain_W,0.045,,PorterMountain_W,0,,Sugar_Loaf_Mountains_W,0,,43.42,40.8,37.778,43.873,37.732,15, 0C11 - 1  1G13 - 1  G07 - 1  1F02 - 1  FIR031 - 1  GOT009 - 1  POR016 - 1  FIR013 - 1  FIR043 - 1  GOTO40 - 1  PIE039 - 1  FIR53 - 1  FIR048 - 1  PIE125 - 1  QpZAG9 - 1  , 
QAc-G-0207,TMA,PryorMountain_W,80.045,,MagazineMountain_W,15.568,,Kessler_Mountain_W,4.387,,PorterMountain_W,0,,Sugar_Loaf_Mountains_W,0,,47.21,40.927,40.216,51.612,41.477,15, 0C11 - 1  1G13 - 1  G07 - 1  1F02 - 1  FIR031 - 1  GOT009 - 1  POR016 - 1  FIR013 - 1  FIR043 - 1  GOTO40 - 1  PIE039 - 1  FIR53 - 1  FIR048 - 1  PIE125 - 1  QpZAG9 - 1  , 
QAc-G-0208,TMA,Kessler_Mountain_W,99.514,,PryorMountain_W,0.372,,MagazineMountain_W,0.113,,PorterMountain_W,0.001,,Sugar_Loaf_Mountains_W,0,,43.506,41.506,40.99,47.06,38.562,15, 0C11 - 1  1G13 - 1  G07 - 1  1F02 - 1  FIR031 - 1  GOT009 - 1  POR016 - 1  FIR013 - 1  FIR043 - 1  GOTO40 - 1  PIE039 - 1  FIR53 - 1  FIR048 - 1  PIE125 - 1  QpZAG9 - 1  , 
QAc-G-0209,TMA,Kessler_Mountain_W,99.998,,MagazineMountain_W,0.001,,PryorMountain_W,0,,PorterMountain_W,0,,Sugar_Loaf_Mountains_W,0,,46.206,38.795,39.307,47.586,33.857,15, 0C11 - 1  1G13 - 1  G07 - 1  1F02 - 1  FIR031 - 1  GOT009 - 1  POR016 - 1  FIR013 - 1  FIR043 - 1  GOTO40 - 1  PIE039 - 1  FIR53 - 1  FIR048 - 1  PIE125 - 1  QpZAG9 - 1  , 
QAc-G-0210,TMA,Kessler_Mountain_W,99.996,,MagazineMountain_W,0.003,,PryorMountain_W,0,,PorterMountain_W,0,,Sugar_Loaf_Mountains_W,0,,51.395,44.07,45.162,53.516,39.581,15, 0C11 - 1  1G13 - 1  G07 - 1  1F02 - 1  FIR031 - 1  GOT009 - 1  POR016 - 1  FIR013 - 1  FIR043 - 1  GOTO40 - 1  PIE039 - 1  FIR53 - 1  FIR048 - 1  PIE125 - 1  QpZAG9 - 1  , 
QAc-G-0211,TMA,Kessler_Mountain_W,97.815,,PryorMountain_W,2.184,,MagazineMountain_W,0.001,,PorterMountain_W,0,,Sugar_Loaf_Mountains_W,0,,49.48,44.501,41.278,51.108,39.627,15, 0C11 - 1  1G13 - 1  G07 - 1  1F02 - 1  FIR031 - 1  GOT009 - 1  POR016 - 1  FIR013 - 1  FIR043 - 1  GOTO40 - 1  PIE039 - 1  FIR53 - 1  FIR048 - 1  PIE125 - 1  QpZAG9 - 1  , 
QAc-G-0212,TMA,PryorMountain_W,94.403,,MagazineMountain_W,5.425,,PorterMountain_W,0.164,,Kessler_Mountain_W,0.008,,Sugar_Loaf_Mountains_W,0,,38.229,36.71,35.469,45.525,39.561,15, 0C11 - 1  1G13 - 1  G07 - 1  1F02 - 1  FIR031 - 1  GOT009 - 1  POR016 - 1  FIR013 - 1  FIR043 - 1  GOTO40 - 1  PIE039 - 1  FIR53 - 1  FIR048 - 1  PIE125 - 1  QpZAG9 - 1  , 
QAc-G-0213,TMA,Kessler_Mountain_W,100,,MagazineMountain_W,0,,PryorMountain_W,0,,PorterMountain_W,0,,Sugar_Loaf_Mountains_W,0,,46.814,40.397,40.491,50.607,33.863,15, 0C11 - 1  1G13 - 1  G07 - 1  1F02 - 1  FIR031 - 1  GOT009 - 1  POR016 - 1  FIR013 - 1  FIR043 - 1  GOTO40 - 1  PIE039 - 1  FIR53 - 1  FIR048 - 1  PIE125 - 1  QpZAG9 - 1  , 
QAc-G-0214,TMA,PryorMountain_W,98.353,,PorterMountain_W,1.176,,MagazineMountain_W,0.388,,Kessler_Mountain_W,0.084,,Sugar_Loaf_Mountains_W,0,,38.562,39.044,36.64,48.392,39.71,15, 0C11 - 1  1G13 - 1  G07 - 1  1F02 - 1  FIR031 - 1  GOT009 - 1  POR016 - 1  FIR013 - 1  FIR043 - 1  GOTO40 - 1  PIE039 - 1  FIR53 - 1  FIR048 - 1  PIE125 - 1  QpZAG9 - 1  , 
QAc-G-0215,TMA,MagazineMountain_W,63.127,,Kessler_Mountain_W,31.296,,PryorMountain_W,5.573,,Sugar_Loaf_Mountains_W,0.004,,PorterMountain_W,0,,42.722,35.283,36.337,39.458,35.588,15, 0C11 - 1  1G13 - 1  G07 - 1  1F02 - 1  FIR031 - 1  GOT009 - 1  POR016 - 1  FIR013 - 1  FIR043 - 1  GOTO40 - 1  PIE039 - 1  FIR53 - 1  FIR048 - 1  PIE125 - 1  QpZAG9 - 1  , 
QAc-G-0216,TMA,Kessler_Mountain_W,99.998,,MagazineMountain_W,0.002,,PorterMountain_W,0,,PryorMountain_W,0,,Sugar_Loaf_Mountains_W,0,,42.162,35.514,42.517,43.967,30.775,15, 0C11 - 1  1G13 - 1  G07 - 1  1F02 - 1  FIR031 - 1  GOT009 - 1  POR016 - 1  FIR013 - 1  FIR043 - 1  GOTO40 - 1  PIE039 - 1  FIR53 - 1  FIR048 - 1  PIE125 - 1  QpZAG9 - 1  , 
QAc-G-0217,TMA,Kessler_Mountain_W,66.524,,PryorMountain_W,33.471,,MagazineMountain_W,0.004,,PorterMountain_W,0.001,,Sugar_Loaf_Mountains_W,0,,42.612,41.975,38.02,45.342,37.722,15, 0C11 - 1  1G13 - 1  G07 - 1  1F02 - 1  FIR031 - 1  GOT009 - 1  POR016 - 1  FIR013 - 1  FIR043 - 1  GOTO40 - 1  PIE039 - 1  FIR53 - 1  FIR048 - 1  PIE125 - 1  QpZAG9 - 1  , 
QAc-G-0218,TMA,MagazineMountain_W,99.989,,Kessler_Mountain_W,0.01,,PryorMountain_W,0.001,,PorterMountain_W,0,,Sugar_Loaf_Mountains_W,0,,41.398,34.929,39.799,46.91,38.946,15, 0C11 - 1  1G13 - 1  G07 - 1  1F02 - 1  FIR031 - 1  GOT009 - 1  POR016 - 1  FIR013 - 1  FIR043 - 1  GOTO40 - 1  PIE039 - 1  FIR53 - 1  FIR048 - 1  PIE125 - 1  QpZAG9 - 1  , 
QAc-G-0219,TMA,Kessler_Mountain_W,99.653,,MagazineMountain_W,0.347,,PryorMountain_W,0,,PorterMountain_W,0,,Sugar_Loaf_Mountains_W,0,,45.714,40.092,43.728,49.209,37.633,15, 0C11 - 1  1G13 - 1  G07 - 1  1F02 - 1  FIR031 - 1  GOT009 - 1  POR016 - 1  FIR013 - 1  FIR043 - 1  GOTO40 - 1  PIE039 - 1  FIR53 - 1  FIR048 - 1  PIE125 - 1  QpZAG9 - 1  , 
QAc-G-0220,TMA,Kessler_Mountain_W,100,,MagazineMountain_W,0,,PryorMountain_W,0,,PorterMountain_W,0,,Sugar_Loaf_Mountains_W,0,,48.558,44.792,45.664,53.534,39.293,15, 0C11 - 1  1G13 - 1  G07 - 1  1F02 - 1  FIR031 - 1  GOT009 - 1  POR016 - 1  FIR013 - 1  FIR043 - 1  GOTO40 - 1  PIE039 - 1  FIR53 - 1  FIR048 - 1  PIE125 - 1  QpZAG9 - 1  , 
QAc-G-0221,TMA,Kessler_Mountain_W,100,,MagazineMountain_W,0,,PryorMountain_W,0,,Sugar_Loaf_Mountains_W,0,,PorterMountain_W,0,,49.335,41.544,46.47,48.234,33.963,15, 0C11 - 1  1G13 - 1  G07 - 1  1F02 - 1  FIR031 - 1  GOT009 - 1  POR016 - 1  FIR013 - 1  FIR043 - 1  GOTO40 - 1  PIE039 - 1  FIR53 - 1  FIR048 - 1  PIE125 - 1  QpZAG9 - 1  , 
QAc-G-0222,TMA,Kessler_Mountain_W,98.129,,PryorMountain_W,0.984,,MagazineMountain_W,0.886,,PorterMountain_W,0,,Sugar_Loaf_Mountains_W,0,,44.333,39.649,39.603,47.731,37.604,15, 0C11 - 1  1G13 - 1  G07 - 1  1F02 - 1  FIR031 - 1  GOT009 - 1  POR016 - 1  FIR013 - 1  FIR043 - 1  GOTO40 - 1  PIE039 - 1  FIR53 - 1  FIR048 - 1  PIE125 - 1  QpZAG9 - 1  , 
QAc-G-0223,TMA,Kessler_Mountain_W,100,,MagazineMountain_W,0,,PryorMountain_W,0,,PorterMountain_W,0,,Sugar_Loaf_Mountains_W,0,,46.916,42.268,42.973,50.445,36.76,15, 0C11 - 1  1G13 - 1  G07 - 1  1F02 - 1  FIR031 - 1  GOT009 - 1  POR016 - 1  FIR013 - 1  FIR043 - 1  GOTO40 - 1  PIE039 - 1  FIR53 - 1  FIR048 - 1  PIE125 - 1  QpZAG9 - 1  , 
QAc-G-0224,TMA,Kessler_Mountain_W,98.856,,MagazineMountain_W,1.137,,PryorMountain_W,0.007,,PorterMountain_W,0,,Sugar_Loaf_Mountains_W,0,,43.145,39.518,41.709,46.84,37.579,15, 0C11 - 1  1G13 - 1  G07 - 1  1F02 - 1  FIR031 - 1  GOT009 - 1  POR016 - 1  FIR013 - 1  FIR043 - 1  GOTO40 - 1  PIE039 - 1  FIR53 - 1  FIR048 - 1  PIE125 - 1  QpZAG9 - 1  , 
QAc-G-0226,TMA,Kessler_Mountain_W,96.253,,PryorMountain_W,3.744,,MagazineMountain_W,0.003,,PorterMountain_W,0,,Sugar_Loaf_Mountains_W,0,,44.119,42.85,39.756,48.632,38.346,15, 0C11 - 1  1G13 - 1  G07 - 1  1F02 - 1  FIR031 - 1  GOT009 - 1  POR016 - 1  FIR013 - 1  FIR043 - 1  GOTO40 - 1  PIE039 - 1  FIR53 - 1  FIR048 - 1  PIE125 - 1  QpZAG9 - 1  , 
QAc-G-0227,TMA,PorterMountain_W,99.996,,MagazineMountain_W,0.002,,PryorMountain_W,0.001,,Kessler_Mountain_W,0.001,,Sugar_Loaf_Mountains_W,0,,33.955,38.606,38.86,42.519,39.079,15, 0C11 - 1  1G13 - 1  G07 - 1  1F02 - 1  FIR031 - 1  GOT009 - 1  POR016 - 1  FIR013 - 1  FIR043 - 1  GOTO40 - 1  PIE039 - 1  FIR53 - 1  FIR048 - 1  PIE125 - 1  QpZAG9 - 1  , 
QAc-G-0228,TMA,MagazineMountain_W,99.935,,Kessler_Mountain_W,0.056,,Sugar_Loaf_Mountains_W,0.006,,PorterMountain_W,0.003,,PryorMountain_W,0,,40.084,35.541,43.788,39.774,38.791,14, 0C11 - 1  1G13 - 1  G07 - 1  1F02 - 1  FIR031 - 1  GOT009 - 1  POR016 - 1  FIR043 - 1  GOTO40 - 1  PIE039 - 1  FIR53 - 1  FIR048 - 1  PIE125 - 1  QpZAG9 - 1  , FIR013 - 1  
QAc-G-0229,TMA,Kessler_Mountain_W,99.734,,PorterMountain_W,0.266,,MagazineMountain_W,0,,Sugar_Loaf_Mountains_W,0,,PryorMountain_W,0,,36.953,40.392,42.867,41.637,34.379,15, 0C11 - 1  1G13 - 1  G07 - 1  1F02 - 1  FIR031 - 1  GOT009 - 1  POR016 - 1  FIR013 - 1  FIR043 - 1  GOTO40 - 1  PIE039 - 1  FIR53 - 1  FIR048 - 1  PIE125 - 1  QpZAG9 - 1  , 
QAc-G-0230,TMA,MagazineMountain_W,71.385,,PryorMountain_W,19.711,,Kessler_Mountain_W,7.757,,PorterMountain_W,1.097,,Sugar_Loaf_Mountains_W,0.05,,39.142,37.328,37.887,40.484,38.292,15, 0C11 - 1  1G13 - 1  G07 - 1  1F02 - 1  FIR031 - 1  GOT009 - 1  POR016 - 1  FIR013 - 1  FIR043 - 1  GOTO40 - 1  PIE039 - 1  FIR53 - 1  FIR048 - 1  PIE125 - 1  QpZAG9 - 1  , 
QAc-G-0231,TMA,Kessler_Mountain_W,93.98,,MagazineMountain_W,4.392,,PryorMountain_W,1.616,,PorterMountain_W,0.012,,Sugar_Loaf_Mountains_W,0,,43.544,40.968,41.403,50.657,39.638,15, 0C11 - 1  1G13 - 1  G07 - 1  1F02 - 1  FIR031 - 1  GOT009 - 1  POR016 - 1  FIR013 - 1  FIR043 - 1  GOTO40 - 1  PIE039 - 1  FIR53 - 1  FIR048 - 1  PIE125 - 1  QpZAG9 - 1  , 
QAc-G-0232,TMA,Kessler_Mountain_W,99.996,,PorterMountain_W,0.004,,Sugar_Loaf_Mountains_W,0,,PryorMountain_W,0,,MagazineMountain_W,0,,40.127,47.404,45.804,44.891,35.724,15, 0C11 - 1  1G13 - 1  G07 - 1  1F02 - 1  FIR031 - 1  GOT009 - 1  POR016 - 1  FIR013 - 1  FIR043 - 1  GOTO40 - 1  PIE039 - 1  FIR53 - 1  FIR048 - 1  PIE125 - 1  QpZAG9 - 1  , 
QAc-G-0233,TMA,MagazineMountain_W,84.988,,PryorMountain_W,15.006,,Kessler_Mountain_W,0.006,,Sugar_Loaf_Mountains_W,0,,PorterMountain_W,0,,49.422,40.091,40.844,48.882,44.23,15, 0C11 - 1  1G13 - 1  G07 - 1  1F02 - 1  FIR031 - 1  GOT009 - 1  POR016 - 1  FIR013 - 1  FIR043 - 1  GOTO40 - 1  PIE039 - 1  FIR53 - 1  FIR048 - 1  PIE125 - 1  QpZAG9 - 1  , 
QAc-G-0234,TMA,PorterMountain_W,97.868,,Kessler_Mountain_W,2.106,,PryorMountain_W,0.025,,Sugar_Loaf_Mountains_W,0,,MagazineMountain_W,0,,35.658,42.141,39.251,41.059,37.325,15, 0C11 - 1  1G13 - 1  G07 - 1  1F02 - 1  FIR031 - 1  GOT009 - 1  POR016 - 1  FIR013 - 1  FIR043 - 1  GOTO40 - 1  PIE039 - 1  FIR53 - 1  FIR048 - 1  PIE125 - 1  QpZAG9 - 1  , 
QAc-G-0235,TMA,Kessler_Mountain_W,99.741,,PryorMountain_W,0.257,,MagazineMountain_W,0.002,,Sugar_Loaf_Mountains_W,0,,PorterMountain_W,0,,43.668,41.618,39.396,42.695,36.808,15, 0C11 - 1  1G13 - 1  G07 - 1  1F02 - 1  FIR031 - 1  GOT009 - 1  POR016 - 1  FIR013 - 1  FIR043 - 1  GOTO40 - 1  PIE039 - 1  FIR53 - 1  FIR048 - 1  PIE125 - 1  QpZAG9 - 1  , 
QAc-G-0236,TMA,Kessler_Mountain_W,67.981,,MagazineMountain_W,32.017,,Sugar_Loaf_Mountains_W,0.001,,PryorMountain_W,0,,PorterMountain_W,0,,40.77,34.606,40.238,38.945,34.279,15, 0C11 - 1  1G13 - 1  G07 - 1  1F02 - 1  FIR031 - 1  GOT009 - 1  POR016 - 1  FIR013 - 1  FIR043 - 1  GOTO40 - 1  PIE039 - 1  FIR53 - 1  FIR048 - 1  PIE125 - 1  QpZAG9 - 1  , 
QAc-G-0237,TMA,Kessler_Mountain_W,98.457,,PorterMountain_W,1.122,,MagazineMountain_W,0.396,,PryorMountain_W,0.017,,Sugar_Loaf_Mountains_W,0.007,,39.121,39.573,40.939,41.302,37.178,15, 0C11 - 1  1G13 - 1  G07 - 1  1F02 - 1  FIR031 - 1  GOT009 - 1  POR016 - 1  FIR013 - 1  FIR043 - 1  GOTO40 - 1  PIE039 - 1  FIR53 - 1  FIR048 - 1  PIE125 - 1  QpZAG9 - 1  , 
QAc-G-0238,TMA,Kessler_Mountain_W,99.994,,MagazineMountain_W,0.006,,PryorMountain_W,0,,PorterMountain_W,0,,Sugar_Loaf_Mountains_W,0,,40.715,37.367,40.55,40.717,33.155,15, 0C11 - 1  1G13 - 1  G07 - 1  1F02 - 1  FIR031 - 1  GOT009 - 1  POR016 - 1  FIR013 - 1  FIR043 - 1  GOTO40 - 1  PIE039 - 1  FIR53 - 1  FIR048 - 1  PIE125 - 1  QpZAG9 - 1  , 
QAc-G-0239,TMA,Kessler_Mountain_W,99.966,,MagazineMountain_W,0.034,,Sugar_Loaf_Mountains_W,0,,PorterMountain_W,0,,PryorMountain_W,0,,43.012,39.278,44.686,42.053,35.812,15, 0C11 - 1  1G13 - 1  G07 - 1  1F02 - 1  FIR031 - 1  GOT009 - 1  POR016 - 1  FIR013 - 1  FIR043 - 1  GOTO40 - 1  PIE039 - 1  FIR53 - 1  FIR048 - 1  PIE125 - 1  QpZAG9 - 1  , 
QAc-G-0240,TMA,Kessler_Mountain_W,76.782,,MagazineMountain_W,13.269,,PorterMountain_W,7.756,,Sugar_Loaf_Mountains_W,2.194,,PryorMountain_W,0,,36.351,36.118,44.363,36.899,35.355,15, 0C11 - 1  1G13 - 1  G07 - 1  1F02 - 1  FIR031 - 1  GOT009 - 1  POR016 - 1  FIR013 - 1  FIR043 - 1  GOTO40 - 1  PIE039 - 1  FIR53 - 1  FIR048 - 1  PIE125 - 1  QpZAG9 - 1  , 
QAc-G-0241,TMA,Kessler_Mountain_W,88.587,,MagazineMountain_W,11.407,,PorterMountain_W,0.006,,PryorMountain_W,0.001,,Sugar_Loaf_Mountains_W,0,,42.16,38.85,42.98,45.016,37.959,15, 0C11 - 1  1G13 - 1  G07 - 1  1F02 - 1  FIR031 - 1  GOT009 - 1  POR016 - 1  FIR013 - 1  FIR043 - 1  GOTO40 - 1  PIE039 - 1  FIR53 - 1  FIR048 - 1  PIE125 - 1  QpZAG9 - 1  , 
QAc-G-0242,TMA,PryorMountain_W,99.359,,MagazineMountain_W,0.637,,PorterMountain_W,0.004,,Kessler_Mountain_W,0,,Sugar_Loaf_Mountains_W,0,,40.919,38.717,36.524,46.783,44.763,15, 0C11 - 1  1G13 - 1  G07 - 1  1F02 - 1  FIR031 - 1  GOT009 - 1  POR016 - 1  FIR013 - 1  FIR043 - 1  GOTO40 - 1  PIE039 - 1  FIR53 - 1  FIR048 - 1  PIE125 - 1  QpZAG9 - 1  , 
QAc-G-0243,TMA,PorterMountain_W,44.864,,MagazineMountain_W,27.98,,PryorMountain_W,26.94,,Kessler_Mountain_W,0.215,,Sugar_Loaf_Mountains_W,0.001,,36.592,36.797,36.813,41.351,38.91,15, 0C11 - 1  1G13 - 1  G07 - 1  1F02 - 1  FIR031 - 1  GOT009 - 1  POR016 - 1  FIR013 - 1  FIR043 - 1  GOTO40 - 1  PIE039 - 1  FIR53 - 1  FIR048 - 1  PIE125 - 1  QpZAG9 - 1  , 
QAc-G-0244,TMA,MagazineMountain_W,98.646,,PorterMountain_W,1.349,,Kessler_Mountain_W,0.005,,PryorMountain_W,0,,Sugar_Loaf_Mountains_W,0,,36.916,35.052,40.494,43.053,39.38,15, 0C11 - 1  1G13 - 1  G07 - 1  1F02 - 1  FIR031 - 1  GOT009 - 1  POR016 - 1  FIR013 - 1  FIR043 - 1  GOTO40 - 1  PIE039 - 1  FIR53 - 1  FIR048 - 1  PIE125 - 1  QpZAG9 - 1  , 
QAc-G-0245,TMA,MagazineMountain_W,59.143,,Kessler_Mountain_W,40.039,,PorterMountain_W,0.546,,Sugar_Loaf_Mountains_W,0.271,,PryorMountain_W,0,,39.334,37.3,42.719,39.638,37.469,15, 0C11 - 1  1G13 - 1  G07 - 1  1F02 - 1  FIR031 - 1  GOT009 - 1  POR016 - 1  FIR013 - 1  FIR043 - 1  GOTO40 - 1  PIE039 - 1  FIR53 - 1  FIR048 - 1  PIE125 - 1  QpZAG9 - 1  , 
QAc-G-0246,TMA,MagazineMountain_W,99.939,,Kessler_Mountain_W,0.061,,PorterMountain_W,0,,PryorMountain_W,0,,Sugar_Loaf_Mountains_W,0,,42.659,37.3,44.714,45.774,40.515,15, 0C11 - 1  1G13 - 1  G07 - 1  1F02 - 1  FIR031 - 1  GOT009 - 1  POR016 - 1  FIR013 - 1  FIR043 - 1  GOTO40 - 1  PIE039 - 1  FIR53 - 1  FIR048 - 1  PIE125 - 1  QpZAG9 - 1  , 
QAc-G-0247,TMA,MagazineMountain_W,98.313,,Kessler_Mountain_W,1.687,,Sugar_Loaf_Mountains_W,0,,PorterMountain_W,0,,PryorMountain_W,0,,41.293,33.202,41.719,38.734,34.968,15, 0C11 - 1  1G13 - 1  G07 - 1  1F02 - 1  FIR031 - 1  GOT009 - 1  POR016 - 1  FIR013 - 1  FIR043 - 1  GOTO40 - 1  PIE039 - 1  FIR53 - 1  FIR048 - 1  PIE125 - 1  QpZAG9 - 1  , 
QAc-G-0248,TMA,Kessler_Mountain_W,100,,MagazineMountain_W,0,,PorterMountain_W,0,,Sugar_Loaf_Mountains_W,0,,PryorMountain_W,0,,37.314,36.633,43.201,38.927,31.118,15, 0C11 - 1  1G13 - 1  G07 - 1  1F02 - 1  FIR031 - 1  GOT009 - 1  POR016 - 1  FIR013 - 1  FIR043 - 1  GOTO40 - 1  PIE039 - 1  FIR53 - 1  FIR048 - 1  PIE125 - 1  QpZAG9 - 1  , 
QAc-G-0249,Trompenburg ,Kessler_Mountain_W,99.977,,MagazineMountain_W,0.016,,PorterMountain_W,0.006,,Sugar_Loaf_Mountains_W,0,,PryorMountain_W,0,,41.96,41.547,50.402,43.974,37.763,15, 0C11 - 1  1G13 - 1  G07 - 1  1F02 - 1  FIR031 - 1  GOT009 - 1  POR016 - 1  FIR013 - 1  FIR043 - 1  GOTO40 - 1  PIE039 - 1  FIR53 - 1  FIR048 - 1  PIE125 - 1  QpZAG9 - 1  , 
QAc-G-0025,USNA,PryorMountain_W,70.895,,Kessler_Mountain_W,23.064,,MagazineMountain_W,6.038,,PorterMountain_W,0.003,,Sugar_Loaf_Mountains_W,0,,44.428,41.053,39.983,49.357,40.471,15, 0C11 - 1  1G13 - 1  G07 - 1  1F02 - 1  FIR031 - 1  GOT009 - 1  POR016 - 1  FIR013 - 1  FIR043 - 1  GOTO40 - 1  PIE039 - 1  FIR53 - 1  FIR048 - 1  PIE125 - 1  QpZAG9 - 1  , 
QAc-G-0028,USNA,PryorMountain_W,99.999,,Kessler_Mountain_W,0.001,,PorterMountain_W,0,,MagazineMountain_W,0,,Sugar_Loaf_Mountains_W,0,,42.985,43.715,37.316,44.703,42.536,15, 0C11 - 1  1G13 - 1  G07 - 1  1F02 - 1  FIR031 - 1  GOT009 - 1  POR016 - 1  FIR013 - 1  FIR043 - 1  GOTO40 - 1  PIE039 - 1  FIR53 - 1  FIR048 - 1  PIE125 - 1  QpZAG9 - 1  , 
QAc-G-0275,UWBG,MagazineMountain_W,74.042,,Kessler_Mountain_W,24.124,,PryorMountain_W,1.834,,PorterMountain_W,0,,Sugar_Loaf_Mountains_W,0,,45.558,38.851,40.457,51.311,39.338,15, 0C11 - 1  1G13 - 1  G07 - 1  1F02 - 1  FIR031 - 1  GOT009 - 1  POR016 - 1  FIR013 - 1  FIR043 - 1  GOTO40 - 1  PIE039 - 1  FIR53 - 1  FIR048 - 1  PIE125 - 1  QpZAG9 - 1  , 
QAc-G-0263,Plze?,MagazineMountain_W,98.835,,Kessler_Mountain_W,1.164,,Sugar_Loaf_Mountains_W,0.001,,PryorMountain_W,0,,PorterMountain_W,0,,43.025,37.122,42.906,42.233,39.051,15, 0C11 - 1  1G13 - 1  G07 - 1  1F02 - 1  FIR031 - 1  GOT009 - 1  POR016 - 1  FIR013 - 1  FIR043 - 1  GOTO40 - 1  PIE039 - 1  FIR53 - 1  FIR048 - 1  PIE125 - 1  QpZAG9 - 1  , 
