Ind,Garden,First_Assign,Sample_Pop,First_Per,,2,%,,3,%,,4,%,,'-log(L),'-log(L),'-log(L),'-log(L),,,
QAc-G-0029,/AP,Magazine,Pryor,98.206,,Porter,1.744,,Pryor,0.049,,Sugarloaf,0,,49.593,47.843,51.143,53.243,15, 0C11 - 1  1G13 - 1  G07 - 1  1F02 - 1  FIR031 - 1  GOT009 - 1  POR016 - 1  FIR013 - 1  FIR043 - 1  GOTO40 - 1  PIE039 - 1  FIR53 - 1  FIR048 - 1  PIE125 - 1  QpZAG9 - 1  , 
QAc-G-0030,/AP,Pryor,Pryor,99.906,,Magazine,0.071,,Porter,0.019,,Sugarloaf,0.004,,44.952,44.369,41.223,45.622,15, 0C11 - 1  1G13 - 1  G07 - 1  1F02 - 1  FIR031 - 1  GOT009 - 1  POR016 - 1  FIR013 - 1  FIR043 - 1  GOTO40 - 1  PIE039 - 1  FIR53 - 1  FIR048 - 1  PIE125 - 1  QpZAG9 - 1  , 
QAc-G-0031,/AP,Porter,Pryor,91.818,,Pryor,8.181,,Magazine,0,,Sugarloaf,0,,41.156,46.432,42.206,46.565,15, 0C11 - 1  1G13 - 1  G07 - 1  1F02 - 1  FIR031 - 1  GOT009 - 1  POR016 - 1  FIR013 - 1  FIR043 - 1  GOTO40 - 1  PIE039 - 1  FIR53 - 1  FIR048 - 1  PIE125 - 1  QpZAG9 - 1  , 
QAc-G-0061,/Arnold,Pryor,Pryor,83.481,,Porter,16.086,,Magazine,0.43,,Sugarloaf,0.003,,50.85,52.423,50.135,54.606,15, 0C11 - 1  1G13 - 1  G07 - 1  1F02 - 1  FIR031 - 1  GOT009 - 1  POR016 - 1  FIR013 - 1  FIR043 - 1  GOTO40 - 1  PIE039 - 1  FIR53 - 1  FIR048 - 1  PIE125 - 1  QpZAG9 - 1  , 
QAc-G-0062,/Arnold,Pryor,Pryor,96.793,,Porter,3.172,,Magazine,0.036,,Sugarloaf,0,,46.14,48.088,44.655,50.641,15, 0C11 - 1  1G13 - 1  G07 - 1  1F02 - 1  FIR031 - 1  GOT009 - 1  POR016 - 1  FIR013 - 1  FIR043 - 1  GOTO40 - 1  PIE039 - 1  FIR53 - 1  FIR048 - 1  PIE125 - 1  QpZAG9 - 1  , 
QAc-G-0063,/Arnold,Sugarloaf,Magazine,46.81,,Magazine,43.138,,Pryor,6.853,,Porter,3.199,,45.41,44.28,45.079,44.244,15, 0C11 - 1  1G13 - 1  G07 - 1  1F02 - 1  FIR031 - 1  GOT009 - 1  POR016 - 1  FIR013 - 1  FIR043 - 1  GOTO40 - 1  PIE039 - 1  FIR53 - 1  FIR048 - 1  PIE125 - 1  QpZAG9 - 1  , 
QAc-G-0064,/Arnold,Porter,Magazine,78.381,,Pryor,21.616,,Magazine,0.003,,Sugarloaf,0,,38.39,42.88,38.949,44.303,15, 0C11 - 1  1G13 - 1  G07 - 1  1F02 - 1  FIR031 - 1  GOT009 - 1  POR016 - 1  FIR013 - 1  FIR043 - 1  GOTO40 - 1  PIE039 - 1  FIR53 - 1  FIR048 - 1  PIE125 - 1  QpZAG9 - 1  , 
QAc-G-0065,/Arnold,Pryor,Magazine,96.365,,Porter,3.635,,Magazine,0,,Sugarloaf,0,,44.12,48.148,42.697,54.82,15, 0C11 - 1  1G13 - 1  G07 - 1  1F02 - 1  FIR031 - 1  GOT009 - 1  POR016 - 1  FIR013 - 1  FIR043 - 1  GOTO40 - 1  PIE039 - 1  FIR53 - 1  FIR048 - 1  PIE125 - 1  QpZAG9 - 1  , 
QAc-G-0066,/Arnold,Pryor,Magazine,97.183,,Magazine,2.79,,Porter,0.027,,Sugarloaf,0,,42.21,40.193,38.651,47.019,15, 0C11 - 1  1G13 - 1  G07 - 1  1F02 - 1  FIR031 - 1  GOT009 - 1  POR016 - 1  FIR013 - 1  FIR043 - 1  GOTO40 - 1  PIE039 - 1  FIR53 - 1  FIR048 - 1  PIE125 - 1  QpZAG9 - 1  , 
QAc-G-0067,/Arnold,Magazine,Magazine,99.102,,Pryor,0.891,,Porter,0.004,,Sugarloaf,0.003,,48.507,44.065,46.111,48.617,15, 0C11 - 1  1G13 - 1  G07 - 1  1F02 - 1  FIR031 - 1  GOT009 - 1  POR016 - 1  FIR013 - 1  FIR043 - 1  GOTO40 - 1  PIE039 - 1  FIR53 - 1  FIR048 - 1  PIE125 - 1  QpZAG9 - 1  , 
QAc-G-0068,/Arnold,Porter,Magazine,82.815,,Magazine,14.902,,Pryor,2.283,,Sugarloaf,0.001,,40.264,41.009,41.823,45.29,15, 0C11 - 1  1G13 - 1  G07 - 1  1F02 - 1  FIR031 - 1  GOT009 - 1  POR016 - 1  FIR013 - 1  FIR043 - 1  GOTO40 - 1  PIE039 - 1  FIR53 - 1  FIR048 - 1  PIE125 - 1  QpZAG9 - 1  , 
QAc-G-0070,/Arnold,Pryor,Magazine,83.972,,Magazine,15.956,,Porter,0.071,,Sugarloaf,0,,42.599,40.249,39.528,45.24,15, 0C11 - 1  1G13 - 1  G07 - 1  1F02 - 1  FIR031 - 1  GOT009 - 1  POR016 - 1  FIR013 - 1  FIR043 - 1  GOTO40 - 1  PIE039 - 1  FIR53 - 1  FIR048 - 1  PIE125 - 1  QpZAG9 - 1  , 
QAc-G-0071,/Arnold,Pryor,Magazine,98.887,,Magazine,0.926,,Porter,0.152,,Sugarloaf,0.034,,39.42,38.634,36.606,40.067,13, 0C11 - 1  1G13 - 1  FIR031 - 1  GOT009 - 1  POR016 - 1  FIR013 - 1  FIR043 - 1  GOTO40 - 1  PIE039 - 1  FIR53 - 1  FIR048 - 1  PIE125 - 1  QpZAG9 - 1  , G07 - 1  1F02 - 1  
QAc-G-0072,/Arnold,Magazine,Magazine,93.617,,Porter,4.378,,Pryor,2.004,,Sugarloaf,0,,41.732,40.402,42.072,47.484,15, 0C11 - 1  1G13 - 1  G07 - 1  1F02 - 1  FIR031 - 1  GOT009 - 1  POR016 - 1  FIR013 - 1  FIR043 - 1  GOTO40 - 1  PIE039 - 1  FIR53 - 1  FIR048 - 1  PIE125 - 1  QpZAG9 - 1  , 
QAc-G-0073,/Arnold,Magazine,Porter,98.363,,Porter,0.775,,Pryor,0.62,,Sugarloaf,0.243,,48.57,46.466,48.667,49.074,15, 0C11 - 1  1G13 - 1  G07 - 1  1F02 - 1  FIR031 - 1  GOT009 - 1  POR016 - 1  FIR013 - 1  FIR043 - 1  GOTO40 - 1  PIE039 - 1  FIR53 - 1  FIR048 - 1  PIE125 - 1  QpZAG9 - 1  , 
QAc-G-0074,/Arnold,Magazine,Porter,87.07,,Pryor,12.731,,Porter,0.198,,Sugarloaf,0.001,,41.35,38.706,39.541,43.491,15, 0C11 - 1  1G13 - 1  G07 - 1  1F02 - 1  FIR031 - 1  GOT009 - 1  POR016 - 1  FIR013 - 1  FIR043 - 1  GOTO40 - 1  PIE039 - 1  FIR53 - 1  FIR048 - 1  PIE125 - 1  QpZAG9 - 1  , 
QAc-G-0075,/Arnold,Magazine,Porter,99.999,,Sugarloaf,0.001,,Porter,0,,Pryor,0,,42.702,35.719,43.672,40.719,15, 0C11 - 1  1G13 - 1  G07 - 1  1F02 - 1  FIR031 - 1  GOT009 - 1  POR016 - 1  FIR013 - 1  FIR043 - 1  GOTO40 - 1  PIE039 - 1  FIR53 - 1  FIR048 - 1  PIE125 - 1  QpZAG9 - 1  , 
QAc-G-0076,/Arnold,Porter,Porter,52.9,,Magazine,47.1,,Sugarloaf,0,,Pryor,0,,44.604,44.654,52.099,51.052,15, 0C11 - 1  1G13 - 1  G07 - 1  1F02 - 1  FIR031 - 1  GOT009 - 1  POR016 - 1  FIR013 - 1  FIR043 - 1  GOTO40 - 1  PIE039 - 1  FIR53 - 1  FIR048 - 1  PIE125 - 1  QpZAG9 - 1  , 
QAc-G-0077,/Arnold,Magazine,Porter,95.984,,Pryor,4.015,,Porter,0,,Sugarloaf,0,,47.097,41.805,43.184,52.75,15, 0C11 - 1  1G13 - 1  G07 - 1  1F02 - 1  FIR031 - 1  GOT009 - 1  POR016 - 1  FIR013 - 1  FIR043 - 1  GOTO40 - 1  PIE039 - 1  FIR53 - 1  FIR048 - 1  PIE125 - 1  QpZAG9 - 1  , 
QAc-G-0078,/Arnold,Pryor,Porter,99.852,,Porter,0.146,,Magazine,0.002,,Sugarloaf,0,,44.802,46.587,41.966,51.163,15, 0C11 - 1  1G13 - 1  G07 - 1  1F02 - 1  FIR031 - 1  GOT009 - 1  POR016 - 1  FIR013 - 1  FIR043 - 1  GOTO40 - 1  PIE039 - 1  FIR53 - 1  FIR048 - 1  PIE125 - 1  QpZAG9 - 1  , 
QAc-G-0079,/Arnold,Pryor,Porter,99.734,,Porter,0.266,,Magazine,0,,Sugarloaf,0,,40.981,44.481,38.406,49.294,15, 0C11 - 1  1G13 - 1  G07 - 1  1F02 - 1  FIR031 - 1  GOT009 - 1  POR016 - 1  FIR013 - 1  FIR043 - 1  GOTO40 - 1  PIE039 - 1  FIR53 - 1  FIR048 - 1  PIE125 - 1  QpZAG9 - 1  , 
QAc-G-0080,/Arnold,Pryor,Porter,100,,Magazine,0,,Sugarloaf,0,,Porter,0,,50.936,47.15,41.582,47.909,15, 0C11 - 1  1G13 - 1  G07 - 1  1F02 - 1  FIR031 - 1  GOT009 - 1  POR016 - 1  FIR013 - 1  FIR043 - 1  GOTO40 - 1  PIE039 - 1  FIR53 - 1  FIR048 - 1  PIE125 - 1  QpZAG9 - 1  , 
QAc-G-0081,/Arnold,Magazine,Sugarloaf,94.796,,Porter,5.202,,Sugarloaf,0.001,,Pryor,0,,44.218,42.957,49.47,47.772,15, 0C11 - 1  1G13 - 1  G07 - 1  1F02 - 1  FIR031 - 1  GOT009 - 1  POR016 - 1  FIR013 - 1  FIR043 - 1  GOTO40 - 1  PIE039 - 1  FIR53 - 1  FIR048 - 1  PIE125 - 1  QpZAG9 - 1  , 
QAc-G-0082,/Arnold,Magazine,Sugarloaf,99.588,,Pryor,0.287,,Porter,0.121,,Sugarloaf,0.004,,44.829,41.913,44.454,46.267,15, 0C11 - 1  1G13 - 1  G07 - 1  1F02 - 1  FIR031 - 1  GOT009 - 1  POR016 - 1  FIR013 - 1  FIR043 - 1  GOTO40 - 1  PIE039 - 1  FIR53 - 1  FIR048 - 1  PIE125 - 1  QpZAG9 - 1  , 
QAc-G-0083,/Arnold,Pryor,Magazine,99.968,,Magazine,0.032,,Sugarloaf,0,,Porter,0,,44.665,40.456,36.954,43.17,15, 0C11 - 1  1G13 - 1  G07 - 1  1F02 - 1  FIR031 - 1  GOT009 - 1  POR016 - 1  FIR013 - 1  FIR043 - 1  GOTO40 - 1  PIE039 - 1  FIR53 - 1  FIR048 - 1  PIE125 - 1  QpZAG9 - 1  , 
QAc-G-0001,/Bartlett,Pryor,NONE,90.339,,Magazine,9.657,,Porter,0.004,,Sugarloaf,0,,38.825,35.447,34.476,46.095,13, G07 - 1  1F02 - 1  FIR031 - 1  GOT009 - 1  POR016 - 1  FIR013 - 1  FIR043 - 1  GOTO40 - 1  PIE039 - 1  FIR53 - 1  FIR048 - 1  PIE125 - 1  QpZAG9 - 1  , 0C11 - 1  1G13 - 1  
QAc-G-0002,/Bartlett,Pryor,NONE,96.349,,Magazine,3.204,,Porter,0.447,,Sugarloaf,0,,47.019,46.164,44.685,52.758,15, 0C11 - 1  1G13 - 1  G07 - 1  1F02 - 1  FIR031 - 1  GOT009 - 1  POR016 - 1  FIR013 - 1  FIR043 - 1  GOTO40 - 1  PIE039 - 1  FIR53 - 1  FIR048 - 1  PIE125 - 1  QpZAG9 - 1  , 
QAc-G-0285,/CBG,Pryor,NONE,99.967,,Porter,0.021,,Magazine,0.012,,Sugarloaf,0,,40.472,40.706,36.794,46.518,15, 0C11 - 1  1G13 - 1  G07 - 1  1F02 - 1  FIR031 - 1  GOT009 - 1  POR016 - 1  FIR013 - 1  FIR043 - 1  GOTO40 - 1  PIE039 - 1  FIR53 - 1  FIR048 - 1  PIE125 - 1  QpZAG9 - 1  , 
QAc-G-0286,/CBG,Pryor,NONE,87.716,,Porter,7.361,,Magazine,4.86,,Sugarloaf,0.063,,40.279,40.459,39.202,42.347,15, 0C11 - 1  1G13 - 1  G07 - 1  1F02 - 1  FIR031 - 1  GOT009 - 1  POR016 - 1  FIR013 - 1  FIR043 - 1  GOTO40 - 1  PIE039 - 1  FIR53 - 1  FIR048 - 1  PIE125 - 1  QpZAG9 - 1  , 
QAc-G-0287,/CBG,Magazine,NONE,90.444,,Pryor,9.507,,Porter,0.049,,Sugarloaf,0,,44.696,41.428,42.406,48.158,15, 0C11 - 1  1G13 - 1  G07 - 1  1F02 - 1  FIR031 - 1  GOT009 - 1  POR016 - 1  FIR013 - 1  FIR043 - 1  GOTO40 - 1  PIE039 - 1  FIR53 - 1  FIR048 - 1  PIE125 - 1  QpZAG9 - 1  , 
QAc-G-0288,/CBG,Magazine,NONE,99.942,,Pryor,0.049,,Porter,0.009,,Sugarloaf,0,,42.068,38.008,41.319,45.898,14, 0C11 - 1  G07 - 1  1F02 - 1  FIR031 - 1  GOT009 - 1  POR016 - 1  FIR013 - 1  FIR043 - 1  GOTO40 - 1  PIE039 - 1  FIR53 - 1  FIR048 - 1  PIE125 - 1  QpZAG9 - 1  , 1G13 - 1  
QAc-G-0289,/CBG,Pryor,NONE,54.045,,Magazine,27.109,,Porter,18.846,,Sugarloaf,0,,42.419,42.261,41.961,49.455,15, 0C11 - 1  1G13 - 1  G07 - 1  1F02 - 1  FIR031 - 1  GOT009 - 1  POR016 - 1  FIR013 - 1  FIR043 - 1  GOTO40 - 1  PIE039 - 1  FIR53 - 1  FIR048 - 1  PIE125 - 1  QpZAG9 - 1  , 
QAc-G-0290,/CBG,Magazine,NONE,90.139,,Porter,5.55,,Pryor,4.312,,Sugarloaf,0,,42.173,40.963,42.283,48.692,15, 0C11 - 1  1G13 - 1  G07 - 1  1F02 - 1  FIR031 - 1  GOT009 - 1  POR016 - 1  FIR013 - 1  FIR043 - 1  GOTO40 - 1  PIE039 - 1  FIR53 - 1  FIR048 - 1  PIE125 - 1  QpZAG9 - 1  , 
QAc-G-0291,/CBG,Magazine,NONE,53.725,,Pryor,45.786,,Porter,0.489,,Sugarloaf,0,,42.717,40.676,40.745,49.052,15, 0C11 - 1  1G13 - 1  G07 - 1  1F02 - 1  FIR031 - 1  GOT009 - 1  POR016 - 1  FIR013 - 1  FIR043 - 1  GOTO40 - 1  PIE039 - 1  FIR53 - 1  FIR048 - 1  PIE125 - 1  QpZAG9 - 1  , 
QAc-G-0292,/CBG,Magazine,NONE,97.213,,Pryor,2.738,,Porter,0.049,,Sugarloaf,0,,40.676,37.378,38.928,45.292,15, 0C11 - 1  1G13 - 1  G07 - 1  1F02 - 1  FIR031 - 1  GOT009 - 1  POR016 - 1  FIR013 - 1  FIR043 - 1  GOTO40 - 1  PIE039 - 1  FIR53 - 1  FIR048 - 1  PIE125 - 1  QpZAG9 - 1  , 
QAc-G-0293,/CBG,Pryor,NONE,99.354,,Magazine,0.545,,Porter,0.101,,Sugarloaf,0,,43.407,42.675,40.415,46.998,15, 0C11 - 1  1G13 - 1  G07 - 1  1F02 - 1  FIR031 - 1  GOT009 - 1  POR016 - 1  FIR013 - 1  FIR043 - 1  GOTO40 - 1  PIE039 - 1  FIR53 - 1  FIR048 - 1  PIE125 - 1  QpZAG9 - 1  , 
QAc-G-0294,/CBG,Porter,NONE,99.999,,Magazine,0.001,,Sugarloaf,0,,Pryor,0,,37.151,42.03,46.259,43.352,15, 0C11 - 1  1G13 - 1  G07 - 1  1F02 - 1  FIR031 - 1  GOT009 - 1  POR016 - 1  FIR013 - 1  FIR043 - 1  GOTO40 - 1  PIE039 - 1  FIR53 - 1  FIR048 - 1  PIE125 - 1  QpZAG9 - 1  , 
QAc-G-0295,/CBG,Magazine,NONE,99.932,,Pryor,0.058,,Sugarloaf,0.01,,Porter,0,,49.646,43.098,46.333,47.098,15, 0C11 - 1  1G13 - 1  G07 - 1  1F02 - 1  FIR031 - 1  GOT009 - 1  POR016 - 1  FIR013 - 1  FIR043 - 1  GOTO40 - 1  PIE039 - 1  FIR53 - 1  FIR048 - 1  PIE125 - 1  QpZAG9 - 1  , 
QAc-G-0296,/CBG,Magazine,NONE,99.973,,Pryor,0.027,,Porter,0,,Sugarloaf,0,,46.856,41.018,44.59,47.058,15, 0C11 - 1  1G13 - 1  G07 - 1  1F02 - 1  FIR031 - 1  GOT009 - 1  POR016 - 1  FIR013 - 1  FIR043 - 1  GOTO40 - 1  PIE039 - 1  FIR53 - 1  FIR048 - 1  PIE125 - 1  QpZAG9 - 1  , 
QAc-G-0297,/CBG,Magazine,NONE,99.955,,Pryor,0.045,,Porter,0,,Sugarloaf,0,,50.346,40.11,43.46,52.74,15, 0C11 - 1  1G13 - 1  G07 - 1  1F02 - 1  FIR031 - 1  GOT009 - 1  POR016 - 1  FIR013 - 1  FIR043 - 1  GOTO40 - 1  PIE039 - 1  FIR53 - 1  FIR048 - 1  PIE125 - 1  QpZAG9 - 1  , 
QAc-G-0298,/CBG,Magazine,NONE,92.602,,Porter,6.213,,Pryor,1.185,,Sugarloaf,0,,38.441,37.267,39.161,43.913,14, 0C11 - 1  G07 - 1  1F02 - 1  FIR031 - 1  GOT009 - 1  POR016 - 1  FIR013 - 1  FIR043 - 1  GOTO40 - 1  PIE039 - 1  FIR53 - 1  FIR048 - 1  PIE125 - 1  QpZAG9 - 1  , 1G13 - 1  
QAc-G-0299,/CBG,Magazine,NONE,99.876,,Sugarloaf,0.118,,Porter,0.004,,Pryor,0.002,,44.724,40.316,45.058,43.244,15, 0C11 - 1  1G13 - 1  G07 - 1  1F02 - 1  FIR031 - 1  GOT009 - 1  POR016 - 1  FIR013 - 1  FIR043 - 1  GOTO40 - 1  PIE039 - 1  FIR53 - 1  FIR048 - 1  PIE125 - 1  QpZAG9 - 1  , 
QAc-G-0300,/CBG,Porter,NONE,78.088,,Magazine,21.821,,Pryor,0.091,,Sugarloaf,0,,41.008,41.561,43.942,47.13,15, 0C11 - 1  1G13 - 1  G07 - 1  1F02 - 1  FIR031 - 1  GOT009 - 1  POR016 - 1  FIR013 - 1  FIR043 - 1  GOTO40 - 1  PIE039 - 1  FIR53 - 1  FIR048 - 1  PIE125 - 1  QpZAG9 - 1  , 
QAc-G-0301,/CBG,Magazine,NONE,97.282,,Pryor,2.688,,Porter,0.029,,Sugarloaf,0.001,,44.98,41.456,43.015,46.686,15, 0C11 - 1  1G13 - 1  G07 - 1  1F02 - 1  FIR031 - 1  GOT009 - 1  POR016 - 1  FIR013 - 1  FIR043 - 1  GOTO40 - 1  PIE039 - 1  FIR53 - 1  FIR048 - 1  PIE125 - 1  QpZAG9 - 1  , 
QAc-G-0302,/CBG,Magazine,NONE,97.558,,Pryor,2.427,,Porter,0.014,,Sugarloaf,0,,44.683,40.855,42.46,47.324,15, 0C11 - 1  1G13 - 1  G07 - 1  1F02 - 1  FIR031 - 1  GOT009 - 1  POR016 - 1  FIR013 - 1  FIR043 - 1  GOTO40 - 1  PIE039 - 1  FIR53 - 1  FIR048 - 1  PIE125 - 1  QpZAG9 - 1  , 
QAc-G-0303,/CBG,Pryor,NONE,77.361,,Porter,21.955,,Sugarloaf,0.534,,Magazine,0.15,,48.26,50.426,47.713,49.874,15, 0C11 - 1  1G13 - 1  G07 - 1  1F02 - 1  FIR031 - 1  GOT009 - 1  POR016 - 1  FIR013 - 1  FIR043 - 1  GOTO40 - 1  PIE039 - 1  FIR53 - 1  FIR048 - 1  PIE125 - 1  QpZAG9 - 1  , 
QAc-G-0304,/CBG,Magazine,NONE,99.953,,Porter,0.027,,Pryor,0.02,,Sugarloaf,0,,42.618,39.055,42.756,46.173,15, 0C11 - 1  1G13 - 1  G07 - 1  1F02 - 1  FIR031 - 1  GOT009 - 1  POR016 - 1  FIR013 - 1  FIR043 - 1  GOTO40 - 1  PIE039 - 1  FIR53 - 1  FIR048 - 1  PIE125 - 1  QpZAG9 - 1  , 
QAc-G-0305,/CBG,Magazine,NONE,100,,Pryor,0,,Porter,0,,Sugarloaf,0,,42.945,35.746,41.975,43.272,15, 0C11 - 1  1G13 - 1  G07 - 1  1F02 - 1  FIR031 - 1  GOT009 - 1  POR016 - 1  FIR013 - 1  FIR043 - 1  GOTO40 - 1  PIE039 - 1  FIR53 - 1  FIR048 - 1  PIE125 - 1  QpZAG9 - 1  , 
QAc-G-0306,/CBG,Pryor,NONE,78.519,,Magazine,21.227,,Porter,0.254,,Sugarloaf,0,,42.189,40.267,39.699,45.709,15, 0C11 - 1  1G13 - 1  G07 - 1  1F02 - 1  FIR031 - 1  GOT009 - 1  POR016 - 1  FIR013 - 1  FIR043 - 1  GOTO40 - 1  PIE039 - 1  FIR53 - 1  FIR048 - 1  PIE125 - 1  QpZAG9 - 1  , 
QAc-G-0307,/CBG,Pryor,NONE,67.305,,Magazine,29.584,,Sugarloaf,3.108,,Porter,0.004,,47.892,44.009,43.652,44.988,15, 0C11 - 1  1G13 - 1  G07 - 1  1F02 - 1  FIR031 - 1  GOT009 - 1  POR016 - 1  FIR013 - 1  FIR043 - 1  GOTO40 - 1  PIE039 - 1  FIR53 - 1  FIR048 - 1  PIE125 - 1  QpZAG9 - 1  , 
QAc-G-0308,/CBG,Magazine,NONE,97.116,,Sugarloaf,1.664,,Pryor,0.681,,Porter,0.539,,47.009,44.754,46.908,46.52,15, 0C11 - 1  1G13 - 1  G07 - 1  1F02 - 1  FIR031 - 1  GOT009 - 1  POR016 - 1  FIR013 - 1  FIR043 - 1  GOTO40 - 1  PIE039 - 1  FIR53 - 1  FIR048 - 1  PIE125 - 1  QpZAG9 - 1  , 
QAc-G-0309,/CBG,Pryor,NONE,99.996,,Magazine,0.002,,Porter,0.001,,Sugarloaf,0,,47.779,47.576,42.932,51.905,15, 0C11 - 1  1G13 - 1  G07 - 1  1F02 - 1  FIR031 - 1  GOT009 - 1  POR016 - 1  FIR013 - 1  FIR043 - 1  GOTO40 - 1  PIE039 - 1  FIR53 - 1  FIR048 - 1  PIE125 - 1  QpZAG9 - 1  , 
QAc-G-0310,/CBG,Pryor,NONE,99.988,,Porter,0.01,,Magazine,0.001,,Sugarloaf,0,,45.695,46.745,41.709,47.087,15, 0C11 - 1  1G13 - 1  G07 - 1  1F02 - 1  FIR031 - 1  GOT009 - 1  POR016 - 1  FIR013 - 1  FIR043 - 1  GOTO40 - 1  PIE039 - 1  FIR53 - 1  FIR048 - 1  PIE125 - 1  QpZAG9 - 1  , 
QAc-G-0311,/CBG,Pryor,NONE,83.274,,Sugarloaf,16.047,,Magazine,0.678,,Porter,0,,52.665,49.348,47.259,47.974,15, 0C11 - 1  1G13 - 1  G07 - 1  1F02 - 1  FIR031 - 1  GOT009 - 1  POR016 - 1  FIR013 - 1  FIR043 - 1  GOTO40 - 1  PIE039 - 1  FIR53 - 1  FIR048 - 1  PIE125 - 1  QpZAG9 - 1  , 
QAc-G-0312,/CBG,Magazine,NONE,99.933,,Sugarloaf,0.055,,Pryor,0.012,,Porter,0,,48.844,41.606,45.52,44.868,15, 0C11 - 1  1G13 - 1  G07 - 1  1F02 - 1  FIR031 - 1  GOT009 - 1  POR016 - 1  FIR013 - 1  FIR043 - 1  GOTO40 - 1  PIE039 - 1  FIR53 - 1  FIR048 - 1  PIE125 - 1  QpZAG9 - 1  , 
QAc-G-0313,/CBG,Porter,NONE,90.653,,Magazine,9.198,,Pryor,0.117,,Sugarloaf,0.032,,41.379,42.373,44.267,44.831,15, 0C11 - 1  1G13 - 1  G07 - 1  1F02 - 1  FIR031 - 1  GOT009 - 1  POR016 - 1  FIR013 - 1  FIR043 - 1  GOTO40 - 1  PIE039 - 1  FIR53 - 1  FIR048 - 1  PIE125 - 1  QpZAG9 - 1  , 
QAc-G-0314,/CBG,Magazine,NONE,98.742,,Porter,1.24,,Sugarloaf,0.019,,Pryor,0,,42.446,40.544,50.43,44.27,15, 0C11 - 1  1G13 - 1  G07 - 1  1F02 - 1  FIR031 - 1  GOT009 - 1  POR016 - 1  FIR013 - 1  FIR043 - 1  GOTO40 - 1  PIE039 - 1  FIR53 - 1  FIR048 - 1  PIE125 - 1  QpZAG9 - 1  , 
QAc-G-0315,/CBG,Sugarloaf,NONE,93.716,,Porter,6.072,,Pryor,0.211,,Magazine,0,,49.544,54.745,51.003,48.356,15, 0C11 - 1  1G13 - 1  G07 - 1  1F02 - 1  FIR031 - 1  GOT009 - 1  POR016 - 1  FIR013 - 1  FIR043 - 1  GOTO40 - 1  PIE039 - 1  FIR53 - 1  FIR048 - 1  PIE125 - 1  QpZAG9 - 1  , 
QAc-G-0316,/CBG,Pryor,NONE,60.889,,Sugarloaf,38.932,,Magazine,0.138,,Porter,0.04,,50.384,49.85,47.205,47.399,15, 0C11 - 1  1G13 - 1  G07 - 1  1F02 - 1  FIR031 - 1  GOT009 - 1  POR016 - 1  FIR013 - 1  FIR043 - 1  GOTO40 - 1  PIE039 - 1  FIR53 - 1  FIR048 - 1  PIE125 - 1  QpZAG9 - 1  , 
QAc-G-0032,/DBG,Magazine,Magazine,99.982,,Pryor,0.018,,Porter,0,,Sugarloaf,0,,45.72,40.078,43.822,46.402,14, 0C11 - 1  1G13 - 1  G07 - 1  1F02 - 1  FIR031 - 1  GOT009 - 1  POR016 - 1  FIR013 - 1  FIR043 - 1  GOTO40 - 1  PIE039 - 1  FIR53 - 1  FIR048 - 1  QpZAG9 - 1  , PIE125 - 1  
QAc-G-0033,/DBG,Magazine,Porter,99.981,,Pryor,0.019,,Porter,0,,Sugarloaf,0,,44.142,38.425,42.155,44.576,15, 0C11 - 1  1G13 - 1  G07 - 1  1F02 - 1  FIR031 - 1  GOT009 - 1  POR016 - 1  FIR013 - 1  FIR043 - 1  GOTO40 - 1  PIE039 - 1  FIR53 - 1  FIR048 - 1  PIE125 - 1  QpZAG9 - 1  , 
QAc-G-0034,/DBG,Pryor,Porter,96.497,,Magazine,3.477,,Porter,0.026,,Sugarloaf,0,,47.128,44.996,43.552,50.584,15, 0C11 - 1  1G13 - 1  G07 - 1  1F02 - 1  FIR031 - 1  GOT009 - 1  POR016 - 1  FIR013 - 1  FIR043 - 1  GOTO40 - 1  PIE039 - 1  FIR53 - 1  FIR048 - 1  PIE125 - 1  QpZAG9 - 1  , 
QAc-G-0035,/DBG,Magazine,Porter,99.288,,Pryor,0.711,,Sugarloaf,0.001,,Porter,0,,45.965,40.174,42.319,45.17,15, 0C11 - 1  1G13 - 1  G07 - 1  1F02 - 1  FIR031 - 1  GOT009 - 1  POR016 - 1  FIR013 - 1  FIR043 - 1  GOTO40 - 1  PIE039 - 1  FIR53 - 1  FIR048 - 1  PIE125 - 1  QpZAG9 - 1  , 
QAc-G-0036,/DBG,Pryor,Porter,99.507,,Magazine,0.426,,Sugarloaf,0.047,,Porter,0.02,,46.344,45.023,42.654,45.981,15, 0C11 - 1  1G13 - 1  G07 - 1  1F02 - 1  FIR031 - 1  GOT009 - 1  POR016 - 1  FIR013 - 1  FIR043 - 1  GOTO40 - 1  PIE039 - 1  FIR53 - 1  FIR048 - 1  PIE125 - 1  QpZAG9 - 1  , 
QAc-G-0037,/DBG,Magazine,Porter,99.89,,Sugarloaf,0.097,,Porter,0.007,,Pryor,0.006,,47.396,43.227,47.441,46.238,15, 0C11 - 1  1G13 - 1  G07 - 1  1F02 - 1  FIR031 - 1  GOT009 - 1  POR016 - 1  FIR013 - 1  FIR043 - 1  GOTO40 - 1  PIE039 - 1  FIR53 - 1  FIR048 - 1  PIE125 - 1  QpZAG9 - 1  , 
QAc-G-0038,/DBG,Magazine,Porter,100,,Sugarloaf,0,,Porter,0,,Pryor,0,,46.855,36.59,47.082,44.142,15, 0C11 - 1  1G13 - 1  G07 - 1  1F02 - 1  FIR031 - 1  GOT009 - 1  POR016 - 1  FIR013 - 1  FIR043 - 1  GOTO40 - 1  PIE039 - 1  FIR53 - 1  FIR048 - 1  PIE125 - 1  QpZAG9 - 1  , 
QAc-G-0039,/DBG,Magazine,Porter,78.847,,Porter,21.151,,Sugarloaf,0.003,,Pryor,0,,42.399,41.828,48.682,46.311,15, 0C11 - 1  1G13 - 1  G07 - 1  1F02 - 1  FIR031 - 1  GOT009 - 1  POR016 - 1  FIR013 - 1  FIR043 - 1  GOTO40 - 1  PIE039 - 1  FIR53 - 1  FIR048 - 1  PIE125 - 1  QpZAG9 - 1  , 
QAc-G-0040,/DBG,Magazine,Porter,100,,Porter,0,,Pryor,0,,Sugarloaf,0,,47.676,40.475,47.729,47.737,15, 0C11 - 1  1G13 - 1  G07 - 1  1F02 - 1  FIR031 - 1  GOT009 - 1  POR016 - 1  FIR013 - 1  FIR043 - 1  GOTO40 - 1  PIE039 - 1  FIR53 - 1  FIR048 - 1  PIE125 - 1  QpZAG9 - 1  , 
QAc-G-0041,/DBG,Magazine,Porter,98.57,,Pryor,0.801,,Sugarloaf,0.592,,Porter,0.037,,47.116,43.689,45.779,45.91,15, 0C11 - 1  1G13 - 1  G07 - 1  1F02 - 1  FIR031 - 1  GOT009 - 1  POR016 - 1  FIR013 - 1  FIR043 - 1  GOTO40 - 1  PIE039 - 1  FIR53 - 1  FIR048 - 1  PIE125 - 1  QpZAG9 - 1  , 
QAc-G-0042,/DBG,Magazine,Porter,100,,Pryor,0,,Sugarloaf,0,,Porter,0,,45.015,35.466,41.258,43.424,15, 0C11 - 1  1G13 - 1  G07 - 1  1F02 - 1  FIR031 - 1  GOT009 - 1  POR016 - 1  FIR013 - 1  FIR043 - 1  GOTO40 - 1  PIE039 - 1  FIR53 - 1  FIR048 - 1  PIE125 - 1  QpZAG9 - 1  , 
QAc-G-0043,/DBG,Sugarloaf,Porter,45.517,,Magazine,39.351,,Pryor,12.028,,Porter,3.104,,49.002,47.899,48.414,47.836,15, 0C11 - 1  1G13 - 1  G07 - 1  1F02 - 1  FIR031 - 1  GOT009 - 1  POR016 - 1  FIR013 - 1  FIR043 - 1  GOTO40 - 1  PIE039 - 1  FIR53 - 1  FIR048 - 1  PIE125 - 1  QpZAG9 - 1  , 
QAc-G-0044,/DBG,Magazine,Porter,99.999,,Sugarloaf,0.001,,Pryor,0,,Porter,0,,43.93,36.094,41.937,41.368,15, 0C11 - 1  1G13 - 1  G07 - 1  1F02 - 1  FIR031 - 1  GOT009 - 1  POR016 - 1  FIR013 - 1  FIR043 - 1  GOTO40 - 1  PIE039 - 1  FIR53 - 1  FIR048 - 1  PIE125 - 1  QpZAG9 - 1  , 
QAc-G-0045,/DBG,Magazine,Porter,99.756,,Pryor,0.244,,Sugarloaf,0.001,,Porter,0,,45.781,39.203,41.815,44.394,15, 0C11 - 1  1G13 - 1  G07 - 1  1F02 - 1  FIR031 - 1  GOT009 - 1  POR016 - 1  FIR013 - 1  FIR043 - 1  GOTO40 - 1  PIE039 - 1  FIR53 - 1  FIR048 - 1  PIE125 - 1  QpZAG9 - 1  , 
QAc-G-0046,/DBG,Porter,Porter,99.99,,Magazine,0.006,,Sugarloaf,0.003,,Pryor,0.001,,44.386,48.643,49.341,48.882,15, 0C11 - 1  1G13 - 1  G07 - 1  1F02 - 1  FIR031 - 1  GOT009 - 1  POR016 - 1  FIR013 - 1  FIR043 - 1  GOTO40 - 1  PIE039 - 1  FIR53 - 1  FIR048 - 1  PIE125 - 1  QpZAG9 - 1  , 
QAc-G-0047,/DBG,Magazine,Porter,99.084,,Pryor,0.915,,Porter,0.001,,Sugarloaf,0,,46.136,40.936,42.97,47.443,15, 0C11 - 1  1G13 - 1  G07 - 1  1F02 - 1  FIR031 - 1  GOT009 - 1  POR016 - 1  FIR013 - 1  FIR043 - 1  GOTO40 - 1  PIE039 - 1  FIR53 - 1  FIR048 - 1  PIE125 - 1  QpZAG9 - 1  , 
QAc-G-0048,/DBG,Magazine,Porter,73.771,,Porter,26.208,,Pryor,0.02,,Sugarloaf,0.001,,46.175,45.725,49.295,50.612,15, 0C11 - 1  1G13 - 1  G07 - 1  1F02 - 1  FIR031 - 1  GOT009 - 1  POR016 - 1  FIR013 - 1  FIR043 - 1  GOTO40 - 1  PIE039 - 1  FIR53 - 1  FIR048 - 1  PIE125 - 1  QpZAG9 - 1  , 
QAc-G-0049,/DBG,Magazine,Pryor,99.317,,Porter,0.378,,Pryor,0.306,,Sugarloaf,0,,43.741,41.321,43.832,47.285,15, 0C11 - 1  1G13 - 1  G07 - 1  1F02 - 1  FIR031 - 1  GOT009 - 1  POR016 - 1  FIR013 - 1  FIR043 - 1  GOTO40 - 1  PIE039 - 1  FIR53 - 1  FIR048 - 1  PIE125 - 1  QpZAG9 - 1  , 
QAc-G-0050,/DBG,Magazine,Pryor,99.663,,Porter,0.334,,Pryor,0.003,,Sugarloaf,0,,43.731,41.256,45.751,48.496,15, 0C11 - 1  1G13 - 1  G07 - 1  1F02 - 1  FIR031 - 1  GOT009 - 1  POR016 - 1  FIR013 - 1  FIR043 - 1  GOTO40 - 1  PIE039 - 1  FIR53 - 1  FIR048 - 1  PIE125 - 1  QpZAG9 - 1  , 
QAc-G-0051,/DBG,Pryor,Pryor,99.931,,Porter,0.069,,Magazine,0,,Sugarloaf,0,,44.169,47.143,41.009,48.196,15, 0C11 - 1  1G13 - 1  G07 - 1  1F02 - 1  FIR031 - 1  GOT009 - 1  POR016 - 1  FIR013 - 1  FIR043 - 1  GOTO40 - 1  PIE039 - 1  FIR53 - 1  FIR048 - 1  PIE125 - 1  QpZAG9 - 1  , 
QAc-G-0052,/DBG,Magazine,Pryor,95.904,,Sugarloaf,2.381,,Pryor,1.193,,Porter,0.522,,46.369,44.105,46.01,45.71,15, 0C11 - 1  1G13 - 1  G07 - 1  1F02 - 1  FIR031 - 1  GOT009 - 1  POR016 - 1  FIR013 - 1  FIR043 - 1  GOTO40 - 1  PIE039 - 1  FIR53 - 1  FIR048 - 1  PIE125 - 1  QpZAG9 - 1  , 
QAc-G-0053,/DBG,Magazine,Pryor,98.875,,Sugarloaf,1.102,,Pryor,0.022,,Porter,0,,54.009,48.191,51.839,50.144,15, 0C11 - 1  1G13 - 1  G07 - 1  1F02 - 1  FIR031 - 1  GOT009 - 1  POR016 - 1  FIR013 - 1  FIR043 - 1  GOTO40 - 1  PIE039 - 1  FIR53 - 1  FIR048 - 1  PIE125 - 1  QpZAG9 - 1  , 
QAc-G-0054,/DBG,Pryor,Pryor,51.551,,Sugarloaf,48.42,,Magazine,0.029,,Porter,0,,54.381,51.83,48.58,48.607,15, 0C11 - 1  1G13 - 1  G07 - 1  1F02 - 1  FIR031 - 1  GOT009 - 1  POR016 - 1  FIR013 - 1  FIR043 - 1  GOTO40 - 1  PIE039 - 1  FIR53 - 1  FIR048 - 1  PIE125 - 1  QpZAG9 - 1  , 
QAc-G-0055,/DBG,Magazine,Pryor,99.907,,Sugarloaf,0.081,,Pryor,0.012,,Porter,0,,46.385,40.713,44.65,43.804,15, 0C11 - 1  1G13 - 1  G07 - 1  1F02 - 1  FIR031 - 1  GOT009 - 1  POR016 - 1  FIR013 - 1  FIR043 - 1  GOTO40 - 1  PIE039 - 1  FIR53 - 1  FIR048 - 1  PIE125 - 1  QpZAG9 - 1  , 
QAc-G-0056,/DBG,Magazine,Pryor,51.383,,Pryor,48.465,,Porter,0.127,,Sugarloaf,0.024,,48.439,45.833,45.859,49.157,15, 0C11 - 1  1G13 - 1  G07 - 1  1F02 - 1  FIR031 - 1  GOT009 - 1  POR016 - 1  FIR013 - 1  FIR043 - 1  GOTO40 - 1  PIE039 - 1  FIR53 - 1  FIR048 - 1  PIE125 - 1  QpZAG9 - 1  , 
QAc-G-0057,/DBG,Pryor,Pryor,94.27,,Magazine,5.73,,Porter,0,,Sugarloaf,0,,48.237,43.72,42.504,50.069,15, 0C11 - 1  1G13 - 1  G07 - 1  1F02 - 1  FIR031 - 1  GOT009 - 1  POR016 - 1  FIR013 - 1  FIR043 - 1  GOTO40 - 1  PIE039 - 1  FIR53 - 1  FIR048 - 1  PIE125 - 1  QpZAG9 - 1  , 
QAc-G-0058,/DBG,Pryor,Pryor,100,,Magazine,0,,Porter,0,,Sugarloaf,0,,44.108,44.01,36.765,45.178,14, 0C11 - 1  1G13 - 1  G07 - 1  1F02 - 1  FIR031 - 1  GOT009 - 1  POR016 - 1  FIR013 - 1  GOTO40 - 1  PIE039 - 1  FIR53 - 1  FIR048 - 1  PIE125 - 1  QpZAG9 - 1  , FIR043 - 1  
QAc-G-0059,/DBG,Sugarloaf,Pryor,99.649,,Magazine,0.258,,Porter,0.093,,Pryor,0,,47.067,46.624,49.567,44.037,15, 0C11 - 1  1G13 - 1  G07 - 1  1F02 - 1  FIR031 - 1  GOT009 - 1  POR016 - 1  FIR013 - 1  FIR043 - 1  GOTO40 - 1  PIE039 - 1  FIR53 - 1  FIR048 - 1  PIE125 - 1  QpZAG9 - 1  , 
QAc-G-0060,/DBG,Porter,Pryor,99.986,,Magazine,0.009,,Sugarloaf,0.005,,Pryor,0,,35.947,39.988,44.008,40.235,14, 0C11 - 1  1G13 - 1  G07 - 1  1F02 - 1  FIR031 - 1  GOT009 - 1  POR016 - 1  FIR013 - 1  GOTO40 - 1  PIE039 - 1  FIR53 - 1  FIR048 - 1  PIE125 - 1  QpZAG9 - 1  , FIR043 - 1  
QAc-G-0276,/FGT,Magazine,Magazine,69.578,,Pryor,30.262,,Sugarloaf,0.158,,Porter,0.002,,49.81,45.197,45.558,47.84,15, 0C11 - 1  1G13 - 1  G07 - 1  1F02 - 1  FIR031 - 1  GOT009 - 1  POR016 - 1  FIR013 - 1  FIR043 - 1  GOTO40 - 1  PIE039 - 1  FIR53 - 1  FIR048 - 1  PIE125 - 1  QpZAG9 - 1  , 
QAc-G-0279,/FGT,Magazine,Porter,99.769,,Porter,0.208,,Pryor,0.023,,Sugarloaf,0,,40.068,37.386,41.023,46.083,15, 0C11 - 1  1G13 - 1  G07 - 1  1F02 - 1  FIR031 - 1  GOT009 - 1  POR016 - 1  FIR013 - 1  FIR043 - 1  GOTO40 - 1  PIE039 - 1  FIR53 - 1  FIR048 - 1  PIE125 - 1  QpZAG9 - 1  , 
QAc-G-0280,/FGT,Magazine,Porter,69.609,,Porter,30.39,,Pryor,0.002,,Sugarloaf,0,,33.124,32.764,37.413,41.859,14, 0C11 - 1  G07 - 1  1F02 - 1  FIR031 - 1  GOT009 - 1  POR016 - 1  FIR013 - 1  FIR043 - 1  GOTO40 - 1  PIE039 - 1  FIR53 - 1  FIR048 - 1  PIE125 - 1  QpZAG9 - 1  , 1G13 - 1  
QAc-G-0281,/FGT,Pryor,Pryor,99.555,,Magazine,0.319,,Sugarloaf,0.122,,Porter,0.003,,50.703,48.733,46.239,49.151,15, 0C11 - 1  1G13 - 1  G07 - 1  1F02 - 1  FIR031 - 1  GOT009 - 1  POR016 - 1  FIR013 - 1  FIR043 - 1  GOTO40 - 1  PIE039 - 1  FIR53 - 1  FIR048 - 1  PIE125 - 1  QpZAG9 - 1  , 
QAc-G-0016,/HBG,Magazine,Porter,95.337,,Pryor,4.656,,Sugarloaf,0.007,,Porter,0,,48.571,42.912,44.223,47.034,15, 0C11 - 1  1G13 - 1  G07 - 1  1F02 - 1  FIR031 - 1  GOT009 - 1  POR016 - 1  FIR013 - 1  FIR043 - 1  GOTO40 - 1  PIE039 - 1  FIR53 - 1  FIR048 - 1  PIE125 - 1  QpZAG9 - 1  , 
QAc-G-0017,/HBG,Pryor,Porter,52.621,,Magazine,46.903,,Porter,0.463,,Sugarloaf,0.013,,44.897,42.892,42.842,46.466,15, 0C11 - 1  1G13 - 1  G07 - 1  1F02 - 1  FIR031 - 1  GOT009 - 1  POR016 - 1  FIR013 - 1  FIR043 - 1  GOTO40 - 1  PIE039 - 1  FIR53 - 1  FIR048 - 1  PIE125 - 1  QpZAG9 - 1  , 
QAc-G-0018,/HBG,Magazine,Porter,99.72,,Porter,0.263,,Sugarloaf,0.017,,Pryor,0,,44.867,42.289,48.757,46.062,15, 0C11 - 1  1G13 - 1  G07 - 1  1F02 - 1  FIR031 - 1  GOT009 - 1  POR016 - 1  FIR013 - 1  FIR043 - 1  GOTO40 - 1  PIE039 - 1  FIR53 - 1  FIR048 - 1  PIE125 - 1  QpZAG9 - 1  , 
QAc-G-0019,/HBG,Porter,Porter,63.942,,Magazine,36.006,,Sugarloaf,0.05,,Pryor,0.002,,39.271,39.521,43.763,42.378,14, 0C11 - 1  1G13 - 1  G07 - 1  FIR031 - 1  GOT009 - 1  POR016 - 1  FIR013 - 1  FIR043 - 1  GOTO40 - 1  PIE039 - 1  FIR53 - 1  FIR048 - 1  PIE125 - 1  QpZAG9 - 1  , 1F02 - 1  
QAc-G-0020,/HBG,Porter,Porter,66.559,,Pryor,21.966,,Sugarloaf,11.324,,Magazine,0.152,,42.004,44.646,42.485,42.773,14, 0C11 - 1  1G13 - 1  G07 - 1  FIR031 - 1  GOT009 - 1  POR016 - 1  FIR013 - 1  FIR043 - 1  GOTO40 - 1  PIE039 - 1  FIR53 - 1  FIR048 - 1  PIE125 - 1  QpZAG9 - 1  , 1F02 - 1  
QAc-G-0021,/HBG,Pryor,Pryor,100,,Sugarloaf,0,,Magazine,0,,Porter,0,,52.973,48.244,40.42,46.888,15, 0C11 - 1  1G13 - 1  G07 - 1  1F02 - 1  FIR031 - 1  GOT009 - 1  POR016 - 1  FIR013 - 1  FIR043 - 1  GOTO40 - 1  PIE039 - 1  FIR53 - 1  FIR048 - 1  PIE125 - 1  QpZAG9 - 1  , 
QAc-G-0022,/HBG,Pryor,Pryor,99.944,,Magazine,0.056,,Porter,0,,Sugarloaf,0,,48.787,45.779,42.528,51.233,15, 0C11 - 1  1G13 - 1  G07 - 1  1F02 - 1  FIR031 - 1  GOT009 - 1  POR016 - 1  FIR013 - 1  FIR043 - 1  GOTO40 - 1  PIE039 - 1  FIR53 - 1  FIR048 - 1  PIE125 - 1  QpZAG9 - 1  , 
QAc-G-0023,/HBG,Magazine,Pryor,99.582,,Sugarloaf,0.417,,Pryor,0,,Porter,0,,46.262,38.525,43.862,40.902,15, 0C11 - 1  1G13 - 1  G07 - 1  1F02 - 1  FIR031 - 1  GOT009 - 1  POR016 - 1  FIR013 - 1  FIR043 - 1  GOTO40 - 1  PIE039 - 1  FIR53 - 1  FIR048 - 1  PIE125 - 1  QpZAG9 - 1  , 
QAc-G-0024,/HBG,Porter,Pryor,99.795,,Pryor,0.167,,Magazine,0.038,,Sugarloaf,0,,38.679,42.096,41.456,44.646,15, 0C11 - 1  1G13 - 1  G07 - 1  1F02 - 1  FIR031 - 1  GOT009 - 1  POR016 - 1  FIR013 - 1  FIR043 - 1  GOTO40 - 1  PIE039 - 1  FIR53 - 1  FIR048 - 1  PIE125 - 1  QpZAG9 - 1  , 
QAc-G-0265,/Meis,Sugarloaf,Pryor,50.322,,Magazine,31.524,,Porter,18.067,,Pryor,0.086,,42.506,42.264,44.826,42.061,15, 0C11 - 1  1G13 - 1  G07 - 1  1F02 - 1  FIR031 - 1  GOT009 - 1  POR016 - 1  FIR013 - 1  FIR043 - 1  GOTO40 - 1  PIE039 - 1  FIR53 - 1  FIR048 - 1  PIE125 - 1  QpZAG9 - 1  , 
QAc-G-0266,/MBG,Porter,Pryor,88.861,,Pryor,9.645,,Magazine,1.494,,Sugarloaf,0,,37.23,39.004,38.194,44.949,14, 0C11 - 1  G07 - 1  1F02 - 1  FIR031 - 1  GOT009 - 1  POR016 - 1  FIR013 - 1  FIR043 - 1  GOTO40 - 1  PIE039 - 1  FIR53 - 1  FIR048 - 1  PIE125 - 1  QpZAG9 - 1  , 1G13 - 1  
QAc-G-0267,/MBG,Magazine,Magazine,99.999,,Pryor,0.001,,Sugarloaf,0,,Porter,0,,51.511,39.671,44.671,50.11,15, 0C11 - 1  1G13 - 1  G07 - 1  1F02 - 1  FIR031 - 1  GOT009 - 1  POR016 - 1  FIR013 - 1  FIR043 - 1  GOTO40 - 1  PIE039 - 1  FIR53 - 1  FIR048 - 1  PIE125 - 1  QpZAG9 - 1  , 
QAc-G-0268,/MBG,Pryor,Magazine,98.987,,Porter,0.907,,Magazine,0.106,,Sugarloaf,0,,48.245,49.176,46.207,52.715,15, 0C11 - 1  1G13 - 1  G07 - 1  1F02 - 1  FIR031 - 1  GOT009 - 1  POR016 - 1  FIR013 - 1  FIR043 - 1  GOTO40 - 1  PIE039 - 1  FIR53 - 1  FIR048 - 1  PIE125 - 1  QpZAG9 - 1  , 
QAc-G-0269,/MBG,Magazine,Magazine,99.29,,Porter,0.698,,Sugarloaf,0.012,,Pryor,0,,38.839,36.686,44.119,40.596,14, 0C11 - 1  1G13 - 1  G07 - 1  1F02 - 1  FIR031 - 1  GOT009 - 1  POR016 - 1  FIR013 - 1  GOTO40 - 1  PIE039 - 1  FIR53 - 1  FIR048 - 1  PIE125 - 1  QpZAG9 - 1  , FIR043 - 1  
QAc-G-0270,/Moore,Pryor,Porter,99.779,,Sugarloaf,0.118,,Porter,0.098,,Magazine,0.005,,44.296,45.633,41.287,44.213,15, 0C11 - 1  1G13 - 1  G07 - 1  1F02 - 1  FIR031 - 1  GOT009 - 1  POR016 - 1  FIR013 - 1  FIR043 - 1  GOTO40 - 1  PIE039 - 1  FIR53 - 1  FIR048 - 1  PIE125 - 1  QpZAG9 - 1  , 
QAc-G-0271,/MA,Pryor,Porter,99.999,,Sugarloaf,0.001,,Porter,0,,Magazine,0,,41.801,43.524,35.518,40.367,15, 0C11 - 1  1G13 - 1  G07 - 1  1F02 - 1  FIR031 - 1  GOT009 - 1  POR016 - 1  FIR013 - 1  FIR043 - 1  GOTO40 - 1  PIE039 - 1  FIR53 - 1  FIR048 - 1  PIE125 - 1  QpZAG9 - 1  , 
QAc-G-0272,/MA,Magazine,Porter,99.827,,Pryor,0.163,,Sugarloaf,0.007,,Porter,0.002,,47.678,43.04,45.826,47.179,15, 0C11 - 1  1G13 - 1  G07 - 1  1F02 - 1  FIR031 - 1  GOT009 - 1  POR016 - 1  FIR013 - 1  FIR043 - 1  GOTO40 - 1  PIE039 - 1  FIR53 - 1  FIR048 - 1  PIE125 - 1  QpZAG9 - 1  , 
QAc-G-0273,/MA,Pryor,Magazine,92.696,,Magazine,7.302,,Sugarloaf,0.003,,Porter,0,,51.825,45.185,44.082,48.645,15, 0C11 - 1  1G13 - 1  G07 - 1  1F02 - 1  FIR031 - 1  GOT009 - 1  POR016 - 1  FIR013 - 1  FIR043 - 1  GOTO40 - 1  PIE039 - 1  FIR53 - 1  FIR048 - 1  PIE125 - 1  QpZAG9 - 1  , 
QAc-G-0274,/MA,Porter,Pryor,94.92,,Magazine,4.982,,Pryor,0.098,,Sugarloaf,0,,35.875,37.155,38.861,44.404,12, 0C11 - 1  G07 - 1  1F02 - 1  FIR031 - 1  GOT009 - 1  POR016 - 1  FIR043 - 1  GOTO40 - 1  PIE039 - 1  FIR53 - 1  FIR048 - 1  PIE125 - 1  , 1G13 - 1  FIR013 - 1  QpZAG9 - 1  
QAc-G-0003,/MA,Magazine,NONE,98.255,,Porter,1.678,,Pryor,0.067,,Sugarloaf,0,,40.691,38.923,42.091,44.724,15, 0C11 - 1  1G13 - 1  G07 - 1  1F02 - 1  FIR031 - 1  GOT009 - 1  POR016 - 1  FIR013 - 1  FIR043 - 1  GOTO40 - 1  PIE039 - 1  FIR53 - 1  FIR048 - 1  PIE125 - 1  QpZAG9 - 1  , 
QAc-G-0004,/MA,Magazine,NONE,99.31,,Pryor,0.412,,Porter,0.273,,Sugarloaf,0.005,,45.48,42.919,45.301,47.19,14, 0C11 - 1  1G13 - 1  G07 - 1  1F02 - 1  FIR031 - 1  GOT009 - 1  POR016 - 1  FIR013 - 1  FIR043 - 1  GOTO40 - 1  PIE039 - 1  FIR53 - 1  FIR048 - 1  QpZAG9 - 1  , PIE125 - 1  
QAc-G-0005,/MA,Pryor,NONE,91.052,,Porter,6.913,,Magazine,2.035,,Sugarloaf,0,,40.991,41.522,39.871,46.942,15, 0C11 - 1  1G13 - 1  G07 - 1  1F02 - 1  FIR031 - 1  GOT009 - 1  POR016 - 1  FIR013 - 1  FIR043 - 1  GOTO40 - 1  PIE039 - 1  FIR53 - 1  FIR048 - 1  PIE125 - 1  QpZAG9 - 1  , 
QAc-G-0006,/MA,Magazine,NONE,100,,Sugarloaf,0,,Pryor,0,,Porter,0,,44.381,34.486,41.574,40.26,14, 0C11 - 1  1G13 - 1  G07 - 1  1F02 - 1  FIR031 - 1  GOT009 - 1  POR016 - 1  FIR013 - 1  FIR043 - 1  GOTO40 - 1  PIE039 - 1  FIR53 - 1  FIR048 - 1  QpZAG9 - 1  , PIE125 - 1  
QAc-G-0250,/MA,Magazine,NONE,98.074,,Pryor,1.924,,Porter,0.002,,Sugarloaf,0,,47.56,42.923,44.63,48.477,15, 0C11 - 1  1G13 - 1  G07 - 1  1F02 - 1  FIR031 - 1  GOT009 - 1  POR016 - 1  FIR013 - 1  FIR043 - 1  GOTO40 - 1  PIE039 - 1  FIR53 - 1  FIR048 - 1  PIE125 - 1  QpZAG9 - 1  , 
QAc-G-0283,/MA,Pryor,NONE,97,,Porter,3,,Magazine,0,,Sugarloaf,0,,42.514,47.289,41.005,48.402,15, 0C11 - 1  1G13 - 1  G07 - 1  1F02 - 1  FIR031 - 1  GOT009 - 1  POR016 - 1  FIR013 - 1  FIR043 - 1  GOTO40 - 1  PIE039 - 1  FIR53 - 1  FIR048 - 1  PIE125 - 1  QpZAG9 - 1  , 
QAc-G-0251,/Peckerwood,Magazine,Porter,97.433,,Pryor,2.436,,Sugarloaf,0.13,,Porter,0.001,,44.268,39.19,40.792,42.066,14, 0C11 - 1  1G13 - 1  G07 - 1  1F02 - 1  FIR031 - 1  GOT009 - 1  POR016 - 1  FIR013 - 1  FIR043 - 1  GOTO40 - 1  PIE039 - 1  FIR53 - 1  FIR048 - 1  QpZAG9 - 1  , PIE125 - 1  
QAc-G-0252,/Peckerwood,Magazine,Porter,70.067,,Sugarloaf,27.895,,Porter,1.952,,Pryor,0.086,,43.463,41.908,44.817,42.308,15, 0C11 - 1  1G13 - 1  G07 - 1  1F02 - 1  FIR031 - 1  GOT009 - 1  POR016 - 1  FIR013 - 1  FIR043 - 1  GOTO40 - 1  PIE039 - 1  FIR53 - 1  FIR048 - 1  PIE125 - 1  QpZAG9 - 1  , 
QAc-G-0253,/Peckerwood,Magazine,Pryor,98.202,,Pryor,1.36,,Sugarloaf,0.438,,Porter,0,,47.636,40.357,42.216,42.708,15, 0C11 - 1  1G13 - 1  G07 - 1  1F02 - 1  FIR031 - 1  GOT009 - 1  POR016 - 1  FIR013 - 1  FIR043 - 1  GOTO40 - 1  PIE039 - 1  FIR53 - 1  FIR048 - 1  PIE125 - 1  QpZAG9 - 1  , 
QAc-G-0254,/Peckerwood,Pryor,Pryor,98.378,,Porter,1.107,,Magazine,0.499,,Sugarloaf,0.016,,46.194,46.541,44.246,48.035,15, 0C11 - 1  1G13 - 1  G07 - 1  1F02 - 1  FIR031 - 1  GOT009 - 1  POR016 - 1  FIR013 - 1  FIR043 - 1  GOTO40 - 1  PIE039 - 1  FIR53 - 1  FIR048 - 1  PIE125 - 1  QpZAG9 - 1  , 
QAc-G-0255,/Peckerwood,Pryor,Magazine,66.958,,Magazine,32.742,,Porter,0.296,,Sugarloaf,0.005,,40.952,38.908,38.597,42.704,15, 0C11 - 1  1G13 - 1  G07 - 1  1F02 - 1  FIR031 - 1  GOT009 - 1  POR016 - 1  FIR013 - 1  FIR043 - 1  GOTO40 - 1  PIE039 - 1  FIR53 - 1  FIR048 - 1  PIE125 - 1  QpZAG9 - 1  , 
QAc-G-0256,/Peckerwood,Magazine,Magazine,99.984,,Pryor,0.009,,Porter,0.007,,Sugarloaf,0,,43.531,39.39,43.437,47.41,15, 0C11 - 1  1G13 - 1  G07 - 1  1F02 - 1  FIR031 - 1  GOT009 - 1  POR016 - 1  FIR013 - 1  FIR043 - 1  GOTO40 - 1  PIE039 - 1  FIR53 - 1  FIR048 - 1  PIE125 - 1  QpZAG9 - 1  , 
QAc-G-0257,/Peckerwood,Porter,Magazine,49.553,,Pryor,49.503,,Magazine,0.66,,Sugarloaf,0.284,,45.281,47.157,45.282,47.524,15, 0C11 - 1  1G13 - 1  G07 - 1  1F02 - 1  FIR031 - 1  GOT009 - 1  POR016 - 1  FIR013 - 1  FIR043 - 1  GOTO40 - 1  PIE039 - 1  FIR53 - 1  FIR048 - 1  PIE125 - 1  QpZAG9 - 1  , 
QAc-G-0258,/Peckerwood,Magazine,Magazine,99.986,,Porter,0.012,,Pryor,0.001,,Sugarloaf,0,,43.265,39.35,44.197,44.836,15, 0C11 - 1  1G13 - 1  G07 - 1  1F02 - 1  FIR031 - 1  GOT009 - 1  POR016 - 1  FIR013 - 1  FIR043 - 1  GOTO40 - 1  PIE039 - 1  FIR53 - 1  FIR048 - 1  PIE125 - 1  QpZAG9 - 1  , 
QAc-G-0259,/Peckerwood,Porter,Magazine,40.908,,Sugarloaf,36.855,,Magazine,16.341,,Pryor,5.897,,46.237,46.636,47.079,46.283,15, 0C11 - 1  1G13 - 1  G07 - 1  1F02 - 1  FIR031 - 1  GOT009 - 1  POR016 - 1  FIR013 - 1  FIR043 - 1  GOTO40 - 1  PIE039 - 1  FIR53 - 1  FIR048 - 1  PIE125 - 1  QpZAG9 - 1  , 
QAc-G-0260,/Peckerwood,Porter,Magazine,55.826,,Sugarloaf,33.532,,Pryor,10.606,,Magazine,0.036,,47.606,50.795,48.328,47.828,15, 0C11 - 1  1G13 - 1  G07 - 1  1F02 - 1  FIR031 - 1  GOT009 - 1  POR016 - 1  FIR013 - 1  FIR043 - 1  GOTO40 - 1  PIE039 - 1  FIR53 - 1  FIR048 - 1  PIE125 - 1  QpZAG9 - 1  , 
QAc-G-0261,/Peckerwood,Porter,Magazine,89.018,,Magazine,10.865,,Pryor,0.117,,Sugarloaf,0,,45.805,46.718,48.685,53.69,15, 0C11 - 1  1G13 - 1  G07 - 1  1F02 - 1  FIR031 - 1  GOT009 - 1  POR016 - 1  FIR013 - 1  FIR043 - 1  GOTO40 - 1  PIE039 - 1  FIR53 - 1  FIR048 - 1  PIE125 - 1  QpZAG9 - 1  , 
QAc-G-0262,/Peckerwood,Porter,Magazine,88.038,,Sugarloaf,11.132,,Magazine,0.798,,Pryor,0.032,,42.16,44.203,45.6,43.058,15, 0C11 - 1  1G13 - 1  G07 - 1  1F02 - 1  FIR031 - 1  GOT009 - 1  POR016 - 1  FIR013 - 1  FIR043 - 1  GOTO40 - 1  PIE039 - 1  FIR53 - 1  FIR048 - 1  PIE125 - 1  QpZAG9 - 1  , 
QAc-G-0263,/TMA,Pryor,NONE,99.306,,Magazine,0.667,,Porter,0.026,,Sugarloaf,0,,44.377,42.972,40.799,46.804,15, 0C11 - 1  1G13 - 1  G07 - 1  1F02 - 1  FIR031 - 1  GOT009 - 1  POR016 - 1  FIR013 - 1  FIR043 - 1  GOTO40 - 1  PIE039 - 1  FIR53 - 1  FIR048 - 1  PIE125 - 1  QpZAG9 - 1  , 
QAc-G-0010,/TMA,Sugarloaf,NONE,89.706,,Porter,4.833,,Pryor,4.512,,Magazine,0.949,,52.084,52.791,52.114,50.815,15, 0C11 - 1  1G13 - 1  G07 - 1  1F02 - 1  FIR031 - 1  GOT009 - 1  POR016 - 1  FIR013 - 1  FIR043 - 1  GOTO40 - 1  PIE039 - 1  FIR53 - 1  FIR048 - 1  PIE125 - 1  QpZAG9 - 1  , 
QAc-G-0011,/TMA,Sugarloaf,NONE,61.953,,Pryor,35.593,,Magazine,2.413,,Porter,0.042,,46.627,44.867,43.698,43.457,15, 0C11 - 1  1G13 - 1  G07 - 1  1F02 - 1  FIR031 - 1  GOT009 - 1  POR016 - 1  FIR013 - 1  FIR043 - 1  GOTO40 - 1  PIE039 - 1  FIR53 - 1  FIR048 - 1  PIE125 - 1  QpZAG9 - 1  , 
QAc-G-0015,/TMA,Magazine,NONE,95.506,,Pryor,4.494,,Porter,0,,Sugarloaf,0,,49.304,43.572,44.9,52.602,15, 0C11 - 1  1G13 - 1  G07 - 1  1F02 - 1  FIR031 - 1  GOT009 - 1  POR016 - 1  FIR013 - 1  FIR043 - 1  GOTO40 - 1  PIE039 - 1  FIR53 - 1  FIR048 - 1  PIE125 - 1  QpZAG9 - 1  , 
QAc-G-0106,/TMA,Magazine,Magazine,99.983,,Pryor,0.014,,Porter,0.003,,Sugarloaf,0,,45.01,40.469,44.324,50.908,15, 0C11 - 1  1G13 - 1  G07 - 1  1F02 - 1  FIR031 - 1  GOT009 - 1  POR016 - 1  FIR013 - 1  FIR043 - 1  GOTO40 - 1  PIE039 - 1  FIR53 - 1  FIR048 - 1  PIE125 - 1  QpZAG9 - 1  , 
QAc-G-0107,/TMA,Magazine,Magazine,99.929,,Porter,0.07,,Pryor,0.001,,Sugarloaf,0,,41.085,37.933,43.063,43.982,15, 0C11 - 1  1G13 - 1  G07 - 1  1F02 - 1  FIR031 - 1  GOT009 - 1  POR016 - 1  FIR013 - 1  FIR043 - 1  GOTO40 - 1  PIE039 - 1  FIR53 - 1  FIR048 - 1  PIE125 - 1  QpZAG9 - 1  , 
QAc-G-0108,/TMA,Magazine,Magazine,100,,Pryor,0,,Sugarloaf,0,,Porter,0,,52.504,38.45,44.551,44.612,15, 0C11 - 1  1G13 - 1  G07 - 1  1F02 - 1  FIR031 - 1  GOT009 - 1  POR016 - 1  FIR013 - 1  FIR043 - 1  GOTO40 - 1  PIE039 - 1  FIR53 - 1  FIR048 - 1  PIE125 - 1  QpZAG9 - 1  , 
QAc-G-0109,/TMA,Magazine,Magazine,95.262,,Pryor,4.738,,Porter,0,,Sugarloaf,0,,44.409,38.593,39.896,45.255,15, 0C11 - 1  1G13 - 1  G07 - 1  1F02 - 1  FIR031 - 1  GOT009 - 1  POR016 - 1  FIR013 - 1  FIR043 - 1  GOTO40 - 1  PIE039 - 1  FIR53 - 1  FIR048 - 1  PIE125 - 1  QpZAG9 - 1  , 
QAc-G-0110,/TMA,Pryor,Magazine,86.85,,Magazine,13.15,,Porter,0,,Sugarloaf,0,,47.645,42.474,41.654,49.505,15, 0C11 - 1  1G13 - 1  G07 - 1  1F02 - 1  FIR031 - 1  GOT009 - 1  POR016 - 1  FIR013 - 1  FIR043 - 1  GOTO40 - 1  PIE039 - 1  FIR53 - 1  FIR048 - 1  PIE125 - 1  QpZAG9 - 1  , 
QAc-G-0111,/TMA,Magazine,Magazine,98.512,,Pryor,1.342,,Porter,0.146,,Sugarloaf,0,,40.382,37.552,39.418,45.168,15, 0C11 - 1  1G13 - 1  G07 - 1  1F02 - 1  FIR031 - 1  GOT009 - 1  POR016 - 1  FIR013 - 1  FIR043 - 1  GOTO40 - 1  PIE039 - 1  FIR53 - 1  FIR048 - 1  PIE125 - 1  QpZAG9 - 1  , 
QAc-G-0112,/TMA,Magazine,Magazine,99.994,,Pryor,0.004,,Porter,0.003,,Sugarloaf,0,,44.721,40.134,44.564,49.96,15, 0C11 - 1  1G13 - 1  G07 - 1  1F02 - 1  FIR031 - 1  GOT009 - 1  POR016 - 1  FIR013 - 1  FIR043 - 1  GOTO40 - 1  PIE039 - 1  FIR53 - 1  FIR048 - 1  PIE125 - 1  QpZAG9 - 1  , 
QAc-G-0113,/TMA,Magazine,Magazine,99.989,,Pryor,0.011,,Porter,0,,Sugarloaf,0,,45.443,37.141,41.114,50.541,15, 0C11 - 1  1G13 - 1  G07 - 1  1F02 - 1  FIR031 - 1  GOT009 - 1  POR016 - 1  FIR013 - 1  FIR043 - 1  GOTO40 - 1  PIE039 - 1  FIR53 - 1  FIR048 - 1  PIE125 - 1  QpZAG9 - 1  , 
QAc-G-0114,/TMA,Porter,Magazine,95.17,,Magazine,4.818,,Pryor,0.012,,Sugarloaf,0,,44.132,45.428,48.038,51.893,15, 0C11 - 1  1G13 - 1  G07 - 1  1F02 - 1  FIR031 - 1  GOT009 - 1  POR016 - 1  FIR013 - 1  FIR043 - 1  GOTO40 - 1  PIE039 - 1  FIR53 - 1  FIR048 - 1  PIE125 - 1  QpZAG9 - 1  , 
QAc-G-0115,/TMA,Magazine,Magazine,99.995,,Pryor,0.003,,Sugarloaf,0.002,,Porter,0,,45.74,40.175,44.676,44.89,15, 0C11 - 1  1G13 - 1  G07 - 1  1F02 - 1  FIR031 - 1  GOT009 - 1  POR016 - 1  FIR013 - 1  FIR043 - 1  GOTO40 - 1  PIE039 - 1  FIR53 - 1  FIR048 - 1  PIE125 - 1  QpZAG9 - 1  , 
QAc-G-0116,/TMA,Porter,Magazine,76.924,,Magazine,22.961,,Pryor,0.115,,Sugarloaf,0,,36.065,36.59,38.89,46.776,15, 0C11 - 1  1G13 - 1  G07 - 1  1F02 - 1  FIR031 - 1  GOT009 - 1  POR016 - 1  FIR013 - 1  FIR043 - 1  GOTO40 - 1  PIE039 - 1  FIR53 - 1  FIR048 - 1  PIE125 - 1  QpZAG9 - 1  , 
QAc-G-0117,/TMA,Pryor,Magazine,82.709,,Magazine,17.265,,Porter,0.024,,Sugarloaf,0.002,,39.635,36.777,36.097,40.788,15, 0C11 - 1  1G13 - 1  G07 - 1  1F02 - 1  FIR031 - 1  GOT009 - 1  POR016 - 1  FIR013 - 1  FIR043 - 1  GOTO40 - 1  PIE039 - 1  FIR53 - 1  FIR048 - 1  PIE125 - 1  QpZAG9 - 1  , 
QAc-G-0118,/TMA,Magazine,Magazine,99.999,,Porter,0.001,,Sugarloaf,0,,Pryor,0,,44.909,39.851,45.514,45.314,15, 0C11 - 1  1G13 - 1  G07 - 1  1F02 - 1  FIR031 - 1  GOT009 - 1  POR016 - 1  FIR013 - 1  FIR043 - 1  GOTO40 - 1  PIE039 - 1  FIR53 - 1  FIR048 - 1  PIE125 - 1  QpZAG9 - 1  , 
QAc-G-0119,/TMA,Magazine,Magazine,99.998,,Porter,0.002,,Sugarloaf,0,,Pryor,0,,43.354,38.636,45.792,44.495,15, 0C11 - 1  1G13 - 1  G07 - 1  1F02 - 1  FIR031 - 1  GOT009 - 1  POR016 - 1  FIR013 - 1  FIR043 - 1  GOTO40 - 1  PIE039 - 1  FIR53 - 1  FIR048 - 1  PIE125 - 1  QpZAG9 - 1  , 
QAc-G-0120,/TMA,Pryor,Magazine,96.534,,Magazine,3.431,,Porter,0.035,,Sugarloaf,0,,43.811,41.815,40.366,47.981,15, 0C11 - 1  1G13 - 1  G07 - 1  1F02 - 1  FIR031 - 1  GOT009 - 1  POR016 - 1  FIR013 - 1  FIR043 - 1  GOTO40 - 1  PIE039 - 1  FIR53 - 1  FIR048 - 1  PIE125 - 1  QpZAG9 - 1  , 
QAc-G-0121,/TMA,Porter,Magazine,49.003,,Pryor,47.522,,Sugarloaf,3.092,,Magazine,0.384,,43.24,45.347,43.254,44.44,15, 0C11 - 1  1G13 - 1  G07 - 1  1F02 - 1  FIR031 - 1  GOT009 - 1  POR016 - 1  FIR013 - 1  FIR043 - 1  GOTO40 - 1  PIE039 - 1  FIR53 - 1  FIR048 - 1  PIE125 - 1  QpZAG9 - 1  , 
QAc-G-0122,/TMA,Pryor,Magazine,98.696,,Magazine,1.302,,Porter,0.002,,Sugarloaf,0,,47.478,44.656,42.776,52.041,15, 0C11 - 1  1G13 - 1  G07 - 1  1F02 - 1  FIR031 - 1  GOT009 - 1  POR016 - 1  FIR013 - 1  FIR043 - 1  GOTO40 - 1  PIE039 - 1  FIR53 - 1  FIR048 - 1  PIE125 - 1  QpZAG9 - 1  , 
QAc-G-0123,/TMA,Pryor,Magazine,99.694,,Magazine,0.306,,Porter,0,,Sugarloaf,0,,42.375,38.239,35.726,42.658,14, 0C11 - 1  1G13 - 1  G07 - 1  1F02 - 1  FIR031 - 1  GOT009 - 1  POR016 - 1  FIR013 - 1  GOTO40 - 1  PIE039 - 1  FIR53 - 1  FIR048 - 1  PIE125 - 1  QpZAG9 - 1  , FIR043 - 1  
QAc-G-0124,/TMA,Pryor,Magazine,99.896,,Magazine,0.101,,Porter,0.003,,Sugarloaf,0,,46.951,45.403,42.406,49.693,15, 0C11 - 1  1G13 - 1  G07 - 1  1F02 - 1  FIR031 - 1  GOT009 - 1  POR016 - 1  FIR013 - 1  FIR043 - 1  GOTO40 - 1  PIE039 - 1  FIR53 - 1  FIR048 - 1  PIE125 - 1  QpZAG9 - 1  , 
QAc-G-0125,/TMA,Porter,Magazine,55.096,,Pryor,42.222,,Magazine,2.682,,Sugarloaf,0,,41.484,42.796,41.599,47.108,15, 0C11 - 1  1G13 - 1  G07 - 1  1F02 - 1  FIR031 - 1  GOT009 - 1  POR016 - 1  FIR013 - 1  FIR043 - 1  GOTO40 - 1  PIE039 - 1  FIR53 - 1  FIR048 - 1  PIE125 - 1  QpZAG9 - 1  , 
QAc-G-0126,/TMA,Pryor,Magazine,87.287,,Porter,12.713,,Magazine,0,,Sugarloaf,0,,44.078,49.63,43.241,50.399,15, 0C11 - 1  1G13 - 1  G07 - 1  1F02 - 1  FIR031 - 1  GOT009 - 1  POR016 - 1  FIR013 - 1  FIR043 - 1  GOTO40 - 1  PIE039 - 1  FIR53 - 1  FIR048 - 1  PIE125 - 1  QpZAG9 - 1  , 
QAc-G-0127,/TMA,Porter,Magazine,81.838,,Pryor,18.131,,Magazine,0.031,,Sugarloaf,0,,43.471,46.899,44.125,48.797,15, 0C11 - 1  1G13 - 1  G07 - 1  1F02 - 1  FIR031 - 1  GOT009 - 1  POR016 - 1  FIR013 - 1  FIR043 - 1  GOTO40 - 1  PIE039 - 1  FIR53 - 1  FIR048 - 1  PIE125 - 1  QpZAG9 - 1  , 
QAc-G-0128,/TMA,Pryor,Magazine,99.882,,Magazine,0.116,,Porter,0.002,,Sugarloaf,0,,48.477,46.652,43.718,52.179,15, 0C11 - 1  1G13 - 1  G07 - 1  1F02 - 1  FIR031 - 1  GOT009 - 1  POR016 - 1  FIR013 - 1  FIR043 - 1  GOTO40 - 1  PIE039 - 1  FIR53 - 1  FIR048 - 1  PIE125 - 1  QpZAG9 - 1  , 
QAc-G-0129,/TMA,Pryor,Magazine,99.972,,Porter,0.028,,Magazine,0,,Sugarloaf,0,,45.714,48.551,42.165,53.805,15, 0C11 - 1  1G13 - 1  G07 - 1  1F02 - 1  FIR031 - 1  GOT009 - 1  POR016 - 1  FIR013 - 1  FIR043 - 1  GOTO40 - 1  PIE039 - 1  FIR53 - 1  FIR048 - 1  PIE125 - 1  QpZAG9 - 1  , 
QAc-G-0130,/TMA,Pryor,Magazine,90.086,,Magazine,8.145,,Porter,1.768,,Sugarloaf,0.001,,44.874,44.211,43.167,48.098,15, 0C11 - 1  1G13 - 1  G07 - 1  1F02 - 1  FIR031 - 1  GOT009 - 1  POR016 - 1  FIR013 - 1  FIR043 - 1  GOTO40 - 1  PIE039 - 1  FIR53 - 1  FIR048 - 1  PIE125 - 1  QpZAG9 - 1  , 
QAc-G-0131,/TMA,Pryor,Magazine,99.948,,Porter,0.052,,Magazine,0,,Sugarloaf,0,,38.479,41.898,35.191,49.676,15, 0C11 - 1  1G13 - 1  G07 - 1  1F02 - 1  FIR031 - 1  GOT009 - 1  POR016 - 1  FIR013 - 1  FIR043 - 1  GOTO40 - 1  PIE039 - 1  FIR53 - 1  FIR048 - 1  PIE125 - 1  QpZAG9 - 1  , 
QAc-G-0132,/TMA,Porter,Magazine,98.204,,Pryor,1.796,,Sugarloaf,0,,Magazine,0,,40.056,48.502,41.794,46.161,15, 0C11 - 1  1G13 - 1  G07 - 1  1F02 - 1  FIR031 - 1  GOT009 - 1  POR016 - 1  FIR013 - 1  FIR043 - 1  GOTO40 - 1  PIE039 - 1  FIR53 - 1  FIR048 - 1  PIE125 - 1  QpZAG9 - 1  , 
QAc-G-0133,/TMA,Pryor,Magazine,99.984,,Magazine,0.012,,Porter,0.004,,Sugarloaf,0,,48.419,47.963,44.029,52.434,15, 0C11 - 1  1G13 - 1  G07 - 1  1F02 - 1  FIR031 - 1  GOT009 - 1  POR016 - 1  FIR013 - 1  FIR043 - 1  GOTO40 - 1  PIE039 - 1  FIR53 - 1  FIR048 - 1  PIE125 - 1  QpZAG9 - 1  , 
QAc-G-0134,/TMA,Magazine,Magazine,99.75,,Porter,0.25,,Pryor,0,,Sugarloaf,0,,40.613,38.012,44.057,47.209,15, 0C11 - 1  1G13 - 1  G07 - 1  1F02 - 1  FIR031 - 1  GOT009 - 1  POR016 - 1  FIR013 - 1  FIR043 - 1  GOTO40 - 1  PIE039 - 1  FIR53 - 1  FIR048 - 1  PIE125 - 1  QpZAG9 - 1  , 
QAc-G-0135,/TMA,Pryor,Magazine,60.39,,Magazine,39.61,,Porter,0,,Sugarloaf,0,,44.797,39.319,39.136,47.446,15, 0C11 - 1  1G13 - 1  G07 - 1  1F02 - 1  FIR031 - 1  GOT009 - 1  POR016 - 1  FIR013 - 1  FIR043 - 1  GOTO40 - 1  PIE039 - 1  FIR53 - 1  FIR048 - 1  PIE125 - 1  QpZAG9 - 1  , 
QAc-G-0136,/TMA,Magazine,Magazine,98.105,,Pryor,1.89,,Porter,0.004,,Sugarloaf,0,,44.279,39.924,41.639,47.88,15, 0C11 - 1  1G13 - 1  G07 - 1  1F02 - 1  FIR031 - 1  GOT009 - 1  POR016 - 1  FIR013 - 1  FIR043 - 1  GOTO40 - 1  PIE039 - 1  FIR53 - 1  FIR048 - 1  PIE125 - 1  QpZAG9 - 1  , 
QAc-G-0137,/TMA,Magazine,Magazine,89.734,,Pryor,10.265,,Sugarloaf,0,,Porter,0,,48.65,41.725,42.666,47.703,15, 0C11 - 1  1G13 - 1  G07 - 1  1F02 - 1  FIR031 - 1  GOT009 - 1  POR016 - 1  FIR013 - 1  FIR043 - 1  GOTO40 - 1  PIE039 - 1  FIR53 - 1  FIR048 - 1  PIE125 - 1  QpZAG9 - 1  , 
QAc-G-0138,/TMA,Magazine,Magazine,99.959,,Pryor,0.032,,Porter,0.009,,Sugarloaf,0,,43.638,39.584,43.078,47.651,15, 0C11 - 1  1G13 - 1  G07 - 1  1F02 - 1  FIR031 - 1  GOT009 - 1  POR016 - 1  FIR013 - 1  FIR043 - 1  GOTO40 - 1  PIE039 - 1  FIR53 - 1  FIR048 - 1  PIE125 - 1  QpZAG9 - 1  , 
QAc-G-0139,/TMA,Porter,Magazine,89.408,,Magazine,9.392,,Pryor,1.2,,Sugarloaf,0,,37.057,38.036,38.93,45.236,14, 0C11 - 1  1G13 - 1  G07 - 1  1F02 - 1  FIR031 - 1  GOT009 - 1  POR016 - 1  FIR013 - 1  GOTO40 - 1  PIE039 - 1  FIR53 - 1  FIR048 - 1  PIE125 - 1  QpZAG9 - 1  , FIR043 - 1  
QAc-G-0140,/TMA,Magazine,Magazine,59.458,,Pryor,23.695,,Porter,16.846,,Sugarloaf,0,,41.413,40.865,41.265,46.084,15, 0C11 - 1  1G13 - 1  G07 - 1  1F02 - 1  FIR031 - 1  GOT009 - 1  POR016 - 1  FIR013 - 1  FIR043 - 1  GOTO40 - 1  PIE039 - 1  FIR53 - 1  FIR048 - 1  PIE125 - 1  QpZAG9 - 1  , 
QAc-G-0141,/TMA,Magazine,Magazine,99.984,,Pryor,0.014,,Porter,0.002,,Sugarloaf,0,,39.988,35.271,39.124,43.05,15, 0C11 - 1  1G13 - 1  G07 - 1  1F02 - 1  FIR031 - 1  GOT009 - 1  POR016 - 1  FIR013 - 1  FIR043 - 1  GOTO40 - 1  PIE039 - 1  FIR53 - 1  FIR048 - 1  PIE125 - 1  QpZAG9 - 1  , 
QAc-G-0142,/TMA,Porter,Magazine,99.556,,Magazine,0.407,,Pryor,0.036,,Sugarloaf,0.001,,43.607,45.995,47.05,48.78,15, 0C11 - 1  1G13 - 1  G07 - 1  1F02 - 1  FIR031 - 1  GOT009 - 1  POR016 - 1  FIR013 - 1  FIR043 - 1  GOTO40 - 1  PIE039 - 1  FIR53 - 1  FIR048 - 1  PIE125 - 1  QpZAG9 - 1  , 
QAc-G-0143,/TMA,Magazine,Magazine,100,,Sugarloaf,0,,Porter,0,,Pryor,0,,46.508,36.433,46.69,43.803,14, 0C11 - 1  1G13 - 1  G07 - 1  1F02 - 1  FIR031 - 1  GOT009 - 1  POR016 - 1  FIR013 - 1  GOTO40 - 1  PIE039 - 1  FIR53 - 1  FIR048 - 1  PIE125 - 1  QpZAG9 - 1  , FIR043 - 1  
QAc-G-0144,/TMA,Magazine,Magazine,97.039,,Porter,2.773,,Pryor,0.14,,Sugarloaf,0.049,,42.011,40.467,43.309,43.765,15, 0C11 - 1  1G13 - 1  G07 - 1  1F02 - 1  FIR031 - 1  GOT009 - 1  POR016 - 1  FIR013 - 1  FIR043 - 1  GOTO40 - 1  PIE039 - 1  FIR53 - 1  FIR048 - 1  PIE125 - 1  QpZAG9 - 1  , 
QAc-G-0145,/TMA,Pryor,Magazine,96.362,,Magazine,3.44,,Porter,0.195,,Sugarloaf,0.003,,44.311,43.064,41.617,46.1,15, 0C11 - 1  1G13 - 1  G07 - 1  1F02 - 1  FIR031 - 1  GOT009 - 1  POR016 - 1  FIR013 - 1  FIR043 - 1  GOTO40 - 1  PIE039 - 1  FIR53 - 1  FIR048 - 1  PIE125 - 1  QpZAG9 - 1  , 
QAc-G-0146,/TMA,Magazine,Magazine,96.73,,Porter,3.112,,Sugarloaf,0.154,,Pryor,0.004,,38.73,37.238,41.623,40.037,15, 0C11 - 1  1G13 - 1  G07 - 1  1F02 - 1  FIR031 - 1  GOT009 - 1  POR016 - 1  FIR013 - 1  FIR043 - 1  GOTO40 - 1  PIE039 - 1  FIR53 - 1  FIR048 - 1  PIE125 - 1  QpZAG9 - 1  , 
QAc-G-0147,/TMA,Magazine,Magazine,99.773,,Pryor,0.189,,Porter,0.037,,Sugarloaf,0,,45.164,41.737,44.458,51.778,15, 0C11 - 1  1G13 - 1  G07 - 1  1F02 - 1  FIR031 - 1  GOT009 - 1  POR016 - 1  FIR013 - 1  FIR043 - 1  GOTO40 - 1  PIE039 - 1  FIR53 - 1  FIR048 - 1  PIE125 - 1  QpZAG9 - 1  , 
QAc-G-0148,/TMA,Pryor,Magazine,98.948,,Porter,1.046,,Magazine,0.007,,Sugarloaf,0,,46.392,48.595,44.416,50.392,15, 0C11 - 1  1G13 - 1  G07 - 1  1F02 - 1  FIR031 - 1  GOT009 - 1  POR016 - 1  FIR013 - 1  FIR043 - 1  GOTO40 - 1  PIE039 - 1  FIR53 - 1  FIR048 - 1  PIE125 - 1  QpZAG9 - 1  , 
QAc-G-0149,/TMA,Pryor,Magazine,99.393,,Porter,0.477,,Magazine,0.13,,Sugarloaf,0,,40.962,41.527,38.644,45.293,15, 0C11 - 1  1G13 - 1  G07 - 1  1F02 - 1  FIR031 - 1  GOT009 - 1  POR016 - 1  FIR013 - 1  FIR043 - 1  GOTO40 - 1  PIE039 - 1  FIR53 - 1  FIR048 - 1  PIE125 - 1  QpZAG9 - 1  , 
QAc-G-0150,/TMA,Pryor,Magazine,99.218,,Magazine,0.751,,Porter,0.031,,Sugarloaf,0,,49.259,47.882,45.761,51.666,15, 0C11 - 1  1G13 - 1  G07 - 1  1F02 - 1  FIR031 - 1  GOT009 - 1  POR016 - 1  FIR013 - 1  FIR043 - 1  GOTO40 - 1  PIE039 - 1  FIR53 - 1  FIR048 - 1  PIE125 - 1  QpZAG9 - 1  , 
QAc-G-0151,/TMA,Pryor,Magazine,92.554,,Magazine,7.421,,Sugarloaf,0.025,,Porter,0,,52.456,46.259,45.163,48.739,15, 0C11 - 1  1G13 - 1  G07 - 1  1F02 - 1  FIR031 - 1  GOT009 - 1  POR016 - 1  FIR013 - 1  FIR043 - 1  GOTO40 - 1  PIE039 - 1  FIR53 - 1  FIR048 - 1  PIE125 - 1  QpZAG9 - 1  , 
QAc-G-0152,/TMA,Pryor,Magazine,99.654,,Magazine,0.228,,Porter,0.119,,Sugarloaf,0,,46.219,45.935,43.294,51.471,15, 0C11 - 1  1G13 - 1  G07 - 1  1F02 - 1  FIR031 - 1  GOT009 - 1  POR016 - 1  FIR013 - 1  FIR043 - 1  GOTO40 - 1  PIE039 - 1  FIR53 - 1  FIR048 - 1  PIE125 - 1  QpZAG9 - 1  , 
QAc-G-0153,/TMA,Pryor,Magazine,90.822,,Porter,9.047,,Magazine,0.131,,Sugarloaf,0,,40.895,42.733,39.893,46.966,15, 0C11 - 1  1G13 - 1  G07 - 1  1F02 - 1  FIR031 - 1  GOT009 - 1  POR016 - 1  FIR013 - 1  FIR043 - 1  GOTO40 - 1  PIE039 - 1  FIR53 - 1  FIR048 - 1  PIE125 - 1  QpZAG9 - 1  , 
QAc-G-0154,/TMA,Pryor,Magazine,99.704,,Porter,0.174,,Magazine,0.121,,Sugarloaf,0,,46.558,46.715,43.801,51.491,15, 0C11 - 1  1G13 - 1  G07 - 1  1F02 - 1  FIR031 - 1  GOT009 - 1  POR016 - 1  FIR013 - 1  FIR043 - 1  GOTO40 - 1  PIE039 - 1  FIR53 - 1  FIR048 - 1  PIE125 - 1  QpZAG9 - 1  , 
QAc-G-0155,/TMA,Pryor,Magazine,99.877,,Porter,0.066,,Magazine,0.057,,Sugarloaf,0,,48.61,48.678,45.432,50.809,15, 0C11 - 1  1G13 - 1  G07 - 1  1F02 - 1  FIR031 - 1  GOT009 - 1  POR016 - 1  FIR013 - 1  FIR043 - 1  GOTO40 - 1  PIE039 - 1  FIR53 - 1  FIR048 - 1  PIE125 - 1  QpZAG9 - 1  , 
QAc-G-0158,/TMA,Porter,Magazine,99.384,,Magazine,0.609,,Pryor,0.007,,Sugarloaf,0,,39.549,41.762,43.723,46.436,15, 0C11 - 1  1G13 - 1  G07 - 1  1F02 - 1  FIR031 - 1  GOT009 - 1  POR016 - 1  FIR013 - 1  FIR043 - 1  GOTO40 - 1  PIE039 - 1  FIR53 - 1  FIR048 - 1  PIE125 - 1  QpZAG9 - 1  , 
QAc-G-0159,/TMA,Magazine,Magazine,70.291,,Pryor,24.362,,Porter,5.341,,Sugarloaf,0.006,,41.518,40.399,40.859,44.449,15, 0C11 - 1  1G13 - 1  G07 - 1  1F02 - 1  FIR031 - 1  GOT009 - 1  POR016 - 1  FIR013 - 1  FIR043 - 1  GOTO40 - 1  PIE039 - 1  FIR53 - 1  FIR048 - 1  PIE125 - 1  QpZAG9 - 1  , 
QAc-G-0160,/TMA,Magazine,Magazine,98.687,,Porter,1.268,,Pryor,0.024,,Sugarloaf,0.021,,40.518,38.627,42.234,42.297,15, 0C11 - 1  1G13 - 1  G07 - 1  1F02 - 1  FIR031 - 1  GOT009 - 1  POR016 - 1  FIR013 - 1  FIR043 - 1  GOTO40 - 1  PIE039 - 1  FIR53 - 1  FIR048 - 1  PIE125 - 1  QpZAG9 - 1  , 
QAc-G-0161,/TMA,Magazine,Magazine,99.984,,Porter,0.014,,Pryor,0.001,,Sugarloaf,0,,43.769,39.924,44.872,45.244,15, 0C11 - 1  1G13 - 1  G07 - 1  1F02 - 1  FIR031 - 1  GOT009 - 1  POR016 - 1  FIR013 - 1  FIR043 - 1  GOTO40 - 1  PIE039 - 1  FIR53 - 1  FIR048 - 1  PIE125 - 1  QpZAG9 - 1  , 
QAc-G-0162,/TMA,Porter,Magazine,84.369,,Magazine,14.499,,Sugarloaf,1.131,,Pryor,0,,40.077,40.842,46.813,41.95,15, 0C11 - 1  1G13 - 1  G07 - 1  1F02 - 1  FIR031 - 1  GOT009 - 1  POR016 - 1  FIR013 - 1  FIR043 - 1  GOTO40 - 1  PIE039 - 1  FIR53 - 1  FIR048 - 1  PIE125 - 1  QpZAG9 - 1  , 
QAc-G-0163,/TMA,Porter,Magazine,61.315,,Pryor,26.296,,Sugarloaf,12.22,,Magazine,0.17,,40.053,42.611,40.421,40.754,15, 0C11 - 1  1G13 - 1  G07 - 1  1F02 - 1  FIR031 - 1  GOT009 - 1  POR016 - 1  FIR013 - 1  FIR043 - 1  GOTO40 - 1  PIE039 - 1  FIR53 - 1  FIR048 - 1  PIE125 - 1  QpZAG9 - 1  , 
QAc-G-0164,/TMA,Magazine,Magazine,99.949,,Pryor,0.037,,Porter,0.014,,Sugarloaf,0,,43.438,39.582,43.017,45.904,15, 0C11 - 1  1G13 - 1  G07 - 1  1F02 - 1  FIR031 - 1  GOT009 - 1  POR016 - 1  FIR013 - 1  FIR043 - 1  GOTO40 - 1  PIE039 - 1  FIR53 - 1  FIR048 - 1  PIE125 - 1  QpZAG9 - 1  , 
QAc-G-0165,/TMA,Magazine,Magazine,99.996,,Porter,0.004,,Pryor,0,,Sugarloaf,0,,40.636,36.2,46.423,46.528,15, 0C11 - 1  1G13 - 1  G07 - 1  1F02 - 1  FIR031 - 1  GOT009 - 1  POR016 - 1  FIR013 - 1  FIR043 - 1  GOTO40 - 1  PIE039 - 1  FIR53 - 1  FIR048 - 1  PIE125 - 1  QpZAG9 - 1  , 
QAc-G-0166,/TMA,Magazine,Magazine,90.261,,Porter,9.736,,Pryor,0.003,,Sugarloaf,0,,40.565,39.598,44.119,47.181,15, 0C11 - 1  1G13 - 1  G07 - 1  1F02 - 1  FIR031 - 1  GOT009 - 1  POR016 - 1  FIR013 - 1  FIR043 - 1  GOTO40 - 1  PIE039 - 1  FIR53 - 1  FIR048 - 1  PIE125 - 1  QpZAG9 - 1  , 
QAc-G-0167,/TMA,Magazine,Magazine,87.559,,Porter,12.401,,Sugarloaf,0.024,,Pryor,0.016,,39.942,39.093,42.825,42.658,15, 0C11 - 1  1G13 - 1  G07 - 1  1F02 - 1  FIR031 - 1  GOT009 - 1  POR016 - 1  FIR013 - 1  FIR043 - 1  GOTO40 - 1  PIE039 - 1  FIR53 - 1  FIR048 - 1  PIE125 - 1  QpZAG9 - 1  , 
QAc-G-0168,/TMA,Porter,Magazine,78.861,,Pryor,20.422,,Magazine,0.717,,Sugarloaf,0,,33.951,35.992,34.538,39.698,14, 0C11 - 1  G07 - 1  1F02 - 1  FIR031 - 1  GOT009 - 1  POR016 - 1  FIR013 - 1  FIR043 - 1  GOTO40 - 1  PIE039 - 1  FIR53 - 1  FIR048 - 1  PIE125 - 1  QpZAG9 - 1  , 1G13 - 1  
QAc-G-0169,/TMA,Porter,Magazine,98.216,,Magazine,0.956,,Pryor,0.826,,Sugarloaf,0.002,,37.832,39.844,39.907,42.483,15, 0C11 - 1  1G13 - 1  G07 - 1  1F02 - 1  FIR031 - 1  GOT009 - 1  POR016 - 1  FIR013 - 1  FIR043 - 1  GOTO40 - 1  PIE039 - 1  FIR53 - 1  FIR048 - 1  PIE125 - 1  QpZAG9 - 1  , 
QAc-G-0170,/TMA,Magazine,Magazine,97.862,,Pryor,1.818,,Porter,0.32,,Sugarloaf,0,,43.543,41.057,42.788,48.004,15, 0C11 - 1  1G13 - 1  G07 - 1  1F02 - 1  FIR031 - 1  GOT009 - 1  POR016 - 1  FIR013 - 1  FIR043 - 1  GOTO40 - 1  PIE039 - 1  FIR53 - 1  FIR048 - 1  PIE125 - 1  QpZAG9 - 1  , 
QAc-G-0171,/TMA,Magazine,Magazine,99.328,,Pryor,0.669,,Sugarloaf,0.003,,Porter,0,,53.861,43.735,45.907,48.27,15, 0C11 - 1  1G13 - 1  G07 - 1  1F02 - 1  FIR031 - 1  GOT009 - 1  POR016 - 1  FIR013 - 1  FIR043 - 1  GOTO40 - 1  PIE039 - 1  FIR53 - 1  FIR048 - 1  PIE125 - 1  QpZAG9 - 1  , 
QAc-G-0172,/TMA,Pryor,Magazine,94.564,,Magazine,5.339,,Porter,0.096,,Sugarloaf,0,,43.526,41.782,40.534,47.375,15, 0C11 - 1  1G13 - 1  G07 - 1  1F02 - 1  FIR031 - 1  GOT009 - 1  POR016 - 1  FIR013 - 1  FIR043 - 1  GOTO40 - 1  PIE039 - 1  FIR53 - 1  FIR048 - 1  PIE125 - 1  QpZAG9 - 1  , 
QAc-G-0173,/TMA,Pryor,Magazine,99.913,,Magazine,0.062,,Porter,0.025,,Sugarloaf,0,,41.851,41.465,38.257,51.378,15, 0C11 - 1  1G13 - 1  G07 - 1  1F02 - 1  FIR031 - 1  GOT009 - 1  POR016 - 1  FIR013 - 1  FIR043 - 1  GOTO40 - 1  PIE039 - 1  FIR53 - 1  FIR048 - 1  PIE125 - 1  QpZAG9 - 1  , 
QAc-G-0174,/TMA,Pryor,Magazine,77.513,,Magazine,22.486,,Porter,0,,Sugarloaf,0,,44.757,40.023,39.485,45.039,15, 0C11 - 1  1G13 - 1  G07 - 1  1F02 - 1  FIR031 - 1  GOT009 - 1  POR016 - 1  FIR013 - 1  FIR043 - 1  GOTO40 - 1  PIE039 - 1  FIR53 - 1  FIR048 - 1  PIE125 - 1  QpZAG9 - 1  , 
QAc-G-0175,/TMA,Magazine,Magazine,99.934,,Porter,0.052,,Pryor,0.014,,Sugarloaf,0,,42.816,39.528,43.376,45.439,15, 0C11 - 1  1G13 - 1  G07 - 1  1F02 - 1  FIR031 - 1  GOT009 - 1  POR016 - 1  FIR013 - 1  FIR043 - 1  GOTO40 - 1  PIE039 - 1  FIR53 - 1  FIR048 - 1  PIE125 - 1  QpZAG9 - 1  , 
QAc-G-0176,/TMA,Magazine,Magazine,87.791,,Porter,10.084,,Pryor,2.112,,Sugarloaf,0.013,,40.835,39.895,41.514,43.728,15, 0C11 - 1  1G13 - 1  G07 - 1  1F02 - 1  FIR031 - 1  GOT009 - 1  POR016 - 1  FIR013 - 1  FIR043 - 1  GOTO40 - 1  PIE039 - 1  FIR53 - 1  FIR048 - 1  PIE125 - 1  QpZAG9 - 1  , 
QAc-G-0177,/TMA,Pryor,Magazine,76.874,,Sugarloaf,17.667,,Porter,5.439,,Magazine,0.02,,44.156,46.586,43.006,43.644,15, 0C11 - 1  1G13 - 1  G07 - 1  1F02 - 1  FIR031 - 1  GOT009 - 1  POR016 - 1  FIR013 - 1  FIR043 - 1  GOTO40 - 1  PIE039 - 1  FIR53 - 1  FIR048 - 1  PIE125 - 1  QpZAG9 - 1  , 
QAc-G-0178,/TMA,Magazine,Magazine,98.167,,Porter,1.529,,Sugarloaf,0.164,,Pryor,0.14,,39.737,37.93,40.776,40.708,14, 0C11 - 1  1G13 - 1  G07 - 1  1F02 - 1  FIR031 - 1  GOT009 - 1  POR016 - 1  FIR013 - 1  GOTO40 - 1  PIE039 - 1  FIR53 - 1  FIR048 - 1  PIE125 - 1  QpZAG9 - 1  , FIR043 - 1  
QAc-G-0179,/TMA,Magazine,Magazine,99.95,,Porter,0.025,,Pryor,0.023,,Sugarloaf,0.002,,44.683,41.077,44.707,45.88,15, 0C11 - 1  1G13 - 1  G07 - 1  1F02 - 1  FIR031 - 1  GOT009 - 1  POR016 - 1  FIR013 - 1  FIR043 - 1  GOTO40 - 1  PIE039 - 1  FIR53 - 1  FIR048 - 1  PIE125 - 1  QpZAG9 - 1  , 
QAc-G-0180,/TMA,Magazine,Magazine,99.924,,Porter,0.055,,Sugarloaf,0.018,,Pryor,0.004,,45.63,42.367,46.767,46.119,15, 0C11 - 1  1G13 - 1  G07 - 1  1F02 - 1  FIR031 - 1  GOT009 - 1  POR016 - 1  FIR013 - 1  FIR043 - 1  GOTO40 - 1  PIE039 - 1  FIR53 - 1  FIR048 - 1  PIE125 - 1  QpZAG9 - 1  , 
QAc-G-0181,/TMA,Pryor,Magazine,99.038,,Sugarloaf,0.479,,Magazine,0.469,,Porter,0.013,,42.206,40.663,38.339,40.655,15, 0C11 - 1  1G13 - 1  G07 - 1  1F02 - 1  FIR031 - 1  GOT009 - 1  POR016 - 1  FIR013 - 1  FIR043 - 1  GOTO40 - 1  PIE039 - 1  FIR53 - 1  FIR048 - 1  PIE125 - 1  QpZAG9 - 1  , 
QAc-G-0182,/TMA,Magazine,Magazine,98.008,,Pryor,1.834,,Porter,0.158,,Sugarloaf,0,,37.583,34.79,36.518,43.118,14, 0C11 - 1  1G13 - 1  G07 - 1  1F02 - 1  FIR031 - 1  GOT009 - 1  POR016 - 1  FIR013 - 1  FIR043 - 1  GOTO40 - 1  PIE039 - 1  FIR53 - 1  FIR048 - 1  QpZAG9 - 1  , PIE125 - 1  
QAc-G-0183,/TMA,Magazine,Magazine,99.569,,Porter,0.403,,Pryor,0.028,,Sugarloaf,0,,41.774,39.381,42.932,45.137,15, 0C11 - 1  1G13 - 1  G07 - 1  1F02 - 1  FIR031 - 1  GOT009 - 1  POR016 - 1  FIR013 - 1  FIR043 - 1  GOTO40 - 1  PIE039 - 1  FIR53 - 1  FIR048 - 1  PIE125 - 1  QpZAG9 - 1  , 
QAc-G-0184,/TMA,Magazine,Magazine,88.595,,Sugarloaf,6.526,,Pryor,4.86,,Porter,0.02,,45.651,42.003,43.264,43.136,15, 0C11 - 1  1G13 - 1  G07 - 1  1F02 - 1  FIR031 - 1  GOT009 - 1  POR016 - 1  FIR013 - 1  FIR043 - 1  GOTO40 - 1  PIE039 - 1  FIR53 - 1  FIR048 - 1  PIE125 - 1  QpZAG9 - 1  , 
QAc-G-0185,/TMA,Magazine,Magazine,99.781,,Sugarloaf,0.189,,Porter,0.03,,Pryor,0,,44.429,40.911,46.834,43.633,15, 0C11 - 1  1G13 - 1  G07 - 1  1F02 - 1  FIR031 - 1  GOT009 - 1  POR016 - 1  FIR013 - 1  FIR043 - 1  GOTO40 - 1  PIE039 - 1  FIR53 - 1  FIR048 - 1  PIE125 - 1  QpZAG9 - 1  , 
QAc-G-0186,/TMA,Magazine,Magazine,99.904,,Porter,0.092,,Sugarloaf,0.002,,Pryor,0.001,,40.822,37.788,42.649,42.503,15, 0C11 - 1  1G13 - 1  G07 - 1  1F02 - 1  FIR031 - 1  GOT009 - 1  POR016 - 1  FIR013 - 1  FIR043 - 1  GOTO40 - 1  PIE039 - 1  FIR53 - 1  FIR048 - 1  PIE125 - 1  QpZAG9 - 1  , 
QAc-G-0187,/TMA,Magazine,Magazine,99.757,,Porter,0.228,,Sugarloaf,0.008,,Pryor,0.007,,44.989,42.349,46.49,46.473,15, 0C11 - 1  1G13 - 1  G07 - 1  1F02 - 1  FIR031 - 1  GOT009 - 1  POR016 - 1  FIR013 - 1  FIR043 - 1  GOTO40 - 1  PIE039 - 1  FIR53 - 1  FIR048 - 1  PIE125 - 1  QpZAG9 - 1  , 
QAc-G-0188,/TMA,Pryor,Magazine,99.785,,Magazine,0.21,,Porter,0.004,,Sugarloaf,0,,44.979,43.304,40.628,47.868,15, 0C11 - 1  1G13 - 1  G07 - 1  1F02 - 1  FIR031 - 1  GOT009 - 1  POR016 - 1  FIR013 - 1  FIR043 - 1  GOTO40 - 1  PIE039 - 1  FIR53 - 1  FIR048 - 1  PIE125 - 1  QpZAG9 - 1  , 
QAc-G-0189,/TMA,Magazine,Magazine,57.907,,Porter,41.912,,Pryor,0.181,,Sugarloaf,0,,39.317,39.177,41.683,44.328,15, 0C11 - 1  1G13 - 1  G07 - 1  1F02 - 1  FIR031 - 1  GOT009 - 1  POR016 - 1  FIR013 - 1  FIR043 - 1  GOTO40 - 1  PIE039 - 1  FIR53 - 1  FIR048 - 1  PIE125 - 1  QpZAG9 - 1  , 
QAc-G-0190,/TMA,Magazine,Magazine,57.907,,Porter,41.912,,Pryor,0.181,,Sugarloaf,0,,39.317,39.177,41.683,44.328,15, 0C11 - 1  1G13 - 1  G07 - 1  1F02 - 1  FIR031 - 1  GOT009 - 1  POR016 - 1  FIR013 - 1  FIR043 - 1  GOTO40 - 1  PIE039 - 1  FIR53 - 1  FIR048 - 1  PIE125 - 1  QpZAG9 - 1  , 
QAc-G-0191,/TMA,Pryor,Magazine,87.288,,Magazine,12.542,,Porter,0.17,,Sugarloaf,0,,42.083,40.216,39.373,45.52,15, 0C11 - 1  1G13 - 1  G07 - 1  1F02 - 1  FIR031 - 1  GOT009 - 1  POR016 - 1  FIR013 - 1  FIR043 - 1  GOTO40 - 1  PIE039 - 1  FIR53 - 1  FIR048 - 1  PIE125 - 1  QpZAG9 - 1  , 
QAc-G-0192,/TMA,Porter,Magazine,95.844,,Pryor,3.165,,Magazine,0.989,,Sugarloaf,0.001,,40.122,42.108,41.603,44.994,15, 0C11 - 1  1G13 - 1  G07 - 1  1F02 - 1  FIR031 - 1  GOT009 - 1  POR016 - 1  FIR013 - 1  FIR043 - 1  GOTO40 - 1  PIE039 - 1  FIR53 - 1  FIR048 - 1  PIE125 - 1  QpZAG9 - 1  , 
QAc-G-0193,/TMA,Porter,Magazine,85.413,,Pryor,13.906,,Magazine,0.67,,Sugarloaf,0.011,,38.557,40.662,39.345,42.441,15, 0C11 - 1  1G13 - 1  G07 - 1  1F02 - 1  FIR031 - 1  GOT009 - 1  POR016 - 1  FIR013 - 1  FIR043 - 1  GOTO40 - 1  PIE039 - 1  FIR53 - 1  FIR048 - 1  PIE125 - 1  QpZAG9 - 1  , 
QAc-G-0194,/TMA,Pryor,Magazine,62.178,,Magazine,37.337,,Porter,0.485,,Sugarloaf,0,,46.73,44.843,44.622,50.128,15, 0C11 - 1  1G13 - 1  G07 - 1  1F02 - 1  FIR031 - 1  GOT009 - 1  POR016 - 1  FIR013 - 1  FIR043 - 1  GOTO40 - 1  PIE039 - 1  FIR53 - 1  FIR048 - 1  PIE125 - 1  QpZAG9 - 1  , 
QAc-G-0195,/TMA,Magazine,Magazine,99.99,,Porter,0.009,,Pryor,0.001,,Sugarloaf,0,,40.281,36.258,41.269,50.36,15, 0C11 - 1  1G13 - 1  G07 - 1  1F02 - 1  FIR031 - 1  GOT009 - 1  POR016 - 1  FIR013 - 1  FIR043 - 1  GOTO40 - 1  PIE039 - 1  FIR53 - 1  FIR048 - 1  PIE125 - 1  QpZAG9 - 1  , 
QAc-G-0196,/TMA,Magazine,Magazine,89.865,,Pryor,10.052,,Porter,0.058,,Sugarloaf,0.025,,41.873,38.681,39.632,42.233,15, 0C11 - 1  1G13 - 1  G07 - 1  1F02 - 1  FIR031 - 1  GOT009 - 1  POR016 - 1  FIR013 - 1  FIR043 - 1  GOTO40 - 1  PIE039 - 1  FIR53 - 1  FIR048 - 1  PIE125 - 1  QpZAG9 - 1  , 
QAc-G-0197,/TMA,Magazine,Magazine,99.991,,Porter,0.005,,Pryor,0.004,,Sugarloaf,0,,43.812,39.509,43.944,48.968,15, 0C11 - 1  1G13 - 1  G07 - 1  1F02 - 1  FIR031 - 1  GOT009 - 1  POR016 - 1  FIR013 - 1  FIR043 - 1  GOTO40 - 1  PIE039 - 1  FIR53 - 1  FIR048 - 1  PIE125 - 1  QpZAG9 - 1  , 
QAc-G-0198,/TMA,Pryor,Magazine,98.349,,Magazine,1.257,,Porter,0.351,,Sugarloaf,0.043,,43.853,43.298,41.405,44.765,15, 0C11 - 1  1G13 - 1  G07 - 1  1F02 - 1  FIR031 - 1  GOT009 - 1  POR016 - 1  FIR013 - 1  FIR043 - 1  GOTO40 - 1  PIE039 - 1  FIR53 - 1  FIR048 - 1  PIE125 - 1  QpZAG9 - 1  , 
QAc-G-0199,/TMA,Magazine,Magazine,99.999,,Porter,0.001,,Pryor,0,,Sugarloaf,0,,40.364,35.429,43.523,44.388,15, 0C11 - 1  1G13 - 1  G07 - 1  1F02 - 1  FIR031 - 1  GOT009 - 1  POR016 - 1  FIR013 - 1  FIR043 - 1  GOTO40 - 1  PIE039 - 1  FIR53 - 1  FIR048 - 1  PIE125 - 1  QpZAG9 - 1  , 
QAc-G-0200,/TMA,Magazine,Magazine,82.606,,Pryor,17.391,,Porter,0.003,,Sugarloaf,0,,43.286,38.835,39.511,50.917,15, 0C11 - 1  1G13 - 1  G07 - 1  1F02 - 1  FIR031 - 1  GOT009 - 1  POR016 - 1  FIR013 - 1  FIR043 - 1  GOTO40 - 1  PIE039 - 1  FIR53 - 1  FIR048 - 1  PIE125 - 1  QpZAG9 - 1  , 
QAc-G-0201,/TMA,Pryor,Magazine,99.508,,Magazine,0.492,,Porter,0,,Sugarloaf,0,,41.619,37.655,35.349,44.378,14, 1G13 - 1  G07 - 1  1F02 - 1  FIR031 - 1  GOT009 - 1  POR016 - 1  FIR013 - 1  FIR043 - 1  GOTO40 - 1  PIE039 - 1  FIR53 - 1  FIR048 - 1  PIE125 - 1  QpZAG9 - 1  , 0C11 - 1  
QAc-G-0202,/TMA,Pryor,Magazine,59.096,,Magazine,37.186,,Porter,3.717,,Sugarloaf,0,,38.954,37.954,37.753,43.203,15, 0C11 - 1  1G13 - 1  G07 - 1  1F02 - 1  FIR031 - 1  GOT009 - 1  POR016 - 1  FIR013 - 1  FIR043 - 1  GOTO40 - 1  PIE039 - 1  FIR53 - 1  FIR048 - 1  PIE125 - 1  QpZAG9 - 1  , 
QAc-G-0203,/TMA,Magazine,Magazine,99.917,,Porter,0.079,,Pryor,0.004,,Sugarloaf,0,,38.483,35.381,39.787,41.862,15, 0C11 - 1  1G13 - 1  G07 - 1  1F02 - 1  FIR031 - 1  GOT009 - 1  POR016 - 1  FIR013 - 1  FIR043 - 1  GOTO40 - 1  PIE039 - 1  FIR53 - 1  FIR048 - 1  PIE125 - 1  QpZAG9 - 1  , 
QAc-G-0204,/TMA,Magazine,Magazine,93.899,,Pryor,6.093,,Porter,0.008,,Sugarloaf,0.001,,46.698,42.603,43.791,47.824,15, 0C11 - 1  1G13 - 1  G07 - 1  1F02 - 1  FIR031 - 1  GOT009 - 1  POR016 - 1  FIR013 - 1  FIR043 - 1  GOTO40 - 1  PIE039 - 1  FIR53 - 1  FIR048 - 1  PIE125 - 1  QpZAG9 - 1  , 
QAc-G-0205,/TMA,Porter,Magazine,93.42,,Pryor,6.426,,Magazine,0.137,,Sugarloaf,0.017,,44.231,47.065,45.394,47.968,15, 0C11 - 1  1G13 - 1  G07 - 1  1F02 - 1  FIR031 - 1  GOT009 - 1  POR016 - 1  FIR013 - 1  FIR043 - 1  GOTO40 - 1  PIE039 - 1  FIR53 - 1  FIR048 - 1  PIE125 - 1  QpZAG9 - 1  , 
QAc-G-0206,/TMA,Magazine,Magazine,81.728,,Pryor,18.265,,Porter,0.007,,Sugarloaf,0,,47.256,43.159,43.809,50.518,15, 0C11 - 1  1G13 - 1  G07 - 1  1F02 - 1  FIR031 - 1  GOT009 - 1  POR016 - 1  FIR013 - 1  FIR043 - 1  GOTO40 - 1  PIE039 - 1  FIR53 - 1  FIR048 - 1  PIE125 - 1  QpZAG9 - 1  , 
QAc-G-0207,/TMA,Pryor,Pryor,79.247,,Magazine,20.469,,Sugarloaf,0.283,,Porter,0.001,,49.133,44.665,44.077,46.524,15, 0C11 - 1  1G13 - 1  G07 - 1  1F02 - 1  FIR031 - 1  GOT009 - 1  POR016 - 1  FIR013 - 1  FIR043 - 1  GOTO40 - 1  PIE039 - 1  FIR53 - 1  FIR048 - 1  PIE125 - 1  QpZAG9 - 1  , 
QAc-G-0208,/TMA,Magazine,Pryor,58.258,,Pryor,21.984,,Sugarloaf,19.75,,Porter,0.007,,47.478,43.573,43.996,44.042,15, 0C11 - 1  1G13 - 1  G07 - 1  1F02 - 1  FIR031 - 1  GOT009 - 1  POR016 - 1  FIR013 - 1  FIR043 - 1  GOTO40 - 1  PIE039 - 1  FIR53 - 1  FIR048 - 1  PIE125 - 1  QpZAG9 - 1  , 
QAc-G-0209,/TMA,Pryor,Pryor,87.886,,Magazine,12.114,,Porter,0,,Sugarloaf,0,,52.404,47.101,46.241,53.2,15, 0C11 - 1  1G13 - 1  G07 - 1  1F02 - 1  FIR031 - 1  GOT009 - 1  POR016 - 1  FIR013 - 1  FIR043 - 1  GOTO40 - 1  PIE039 - 1  FIR53 - 1  FIR048 - 1  PIE125 - 1  QpZAG9 - 1  , 
QAc-G-0210,/TMA,Pryor,Pryor,98.715,,Magazine,1.147,,Sugarloaf,0.135,,Porter,0.002,,50.429,47.73,45.795,48.659,15, 0C11 - 1  1G13 - 1  G07 - 1  1F02 - 1  FIR031 - 1  GOT009 - 1  POR016 - 1  FIR013 - 1  FIR043 - 1  GOTO40 - 1  PIE039 - 1  FIR53 - 1  FIR048 - 1  PIE125 - 1  QpZAG9 - 1  , 
QAc-G-0211,/TMA,Magazine,Pryor,86.577,,Pryor,13.224,,Sugarloaf,0.126,,Porter,0.073,,44.67,41.596,42.412,44.432,15, 0C11 - 1  1G13 - 1  G07 - 1  1F02 - 1  FIR031 - 1  GOT009 - 1  POR016 - 1  FIR013 - 1  FIR043 - 1  GOTO40 - 1  PIE039 - 1  FIR53 - 1  FIR048 - 1  PIE125 - 1  QpZAG9 - 1  , 
QAc-G-0212,/TMA,Magazine,Pryor,98.931,,Pryor,1.012,,Sugarloaf,0.057,,Porter,0,,52.94,43.023,45.014,46.262,15, 0C11 - 1  1G13 - 1  G07 - 1  1F02 - 1  FIR031 - 1  GOT009 - 1  POR016 - 1  FIR013 - 1  FIR043 - 1  GOTO40 - 1  PIE039 - 1  FIR53 - 1  FIR048 - 1  PIE125 - 1  QpZAG9 - 1  , 
QAc-G-0213,/TMA,Pryor,Pryor,96.254,,Porter,3.129,,Magazine,0.616,,Sugarloaf,0,,42.566,43.272,41.078,46.965,15, 0C11 - 1  1G13 - 1  G07 - 1  1F02 - 1  FIR031 - 1  GOT009 - 1  POR016 - 1  FIR013 - 1  FIR043 - 1  GOTO40 - 1  PIE039 - 1  FIR53 - 1  FIR048 - 1  PIE125 - 1  QpZAG9 - 1  , 
QAc-G-0214,/TMA,Sugarloaf,Pryor,98.605,,Magazine,1.314,,Porter,0.063,,Pryor,0.017,,41.705,40.388,42.28,38.513,15, 0C11 - 1  1G13 - 1  G07 - 1  1F02 - 1  FIR031 - 1  GOT009 - 1  POR016 - 1  FIR013 - 1  FIR043 - 1  GOTO40 - 1  PIE039 - 1  FIR53 - 1  FIR048 - 1  PIE125 - 1  QpZAG9 - 1  , 
QAc-G-0215,/TMA,Pryor,Pryor,93.498,,Magazine,3.587,,Porter,2.726,,Sugarloaf,0.189,,40.847,40.728,39.312,42.007,15, 0C11 - 1  1G13 - 1  G07 - 1  1F02 - 1  FIR031 - 1  GOT009 - 1  POR016 - 1  FIR013 - 1  FIR043 - 1  GOTO40 - 1  PIE039 - 1  FIR53 - 1  FIR048 - 1  PIE125 - 1  QpZAG9 - 1  , 
QAc-G-0216,/TMA,Pryor,Pryor,100,,Porter,0,,Sugarloaf,0,,Magazine,0,,45.819,46.921,39.955,45.889,15, 0C11 - 1  1G13 - 1  G07 - 1  1F02 - 1  FIR031 - 1  GOT009 - 1  POR016 - 1  FIR013 - 1  FIR043 - 1  GOTO40 - 1  PIE039 - 1  FIR53 - 1  FIR048 - 1  PIE125 - 1  QpZAG9 - 1  , 
QAc-G-0217,/TMA,Pryor,Pryor,51.264,,Magazine,32.387,,Porter,16.346,,Sugarloaf,0.003,,40.83,40.533,40.333,44.596,15, 0C11 - 1  1G13 - 1  G07 - 1  1F02 - 1  FIR031 - 1  GOT009 - 1  POR016 - 1  FIR013 - 1  FIR043 - 1  GOTO40 - 1  PIE039 - 1  FIR53 - 1  FIR048 - 1  PIE125 - 1  QpZAG9 - 1  , 
QAc-G-0218,/TMA,Sugarloaf,Pryor,76.191,,Pryor,19.193,,Magazine,4.613,,Porter,0.002,,48.334,44.968,44.349,43.75,15, 0C11 - 1  1G13 - 1  G07 - 1  1F02 - 1  FIR031 - 1  GOT009 - 1  POR016 - 1  FIR013 - 1  FIR043 - 1  GOTO40 - 1  PIE039 - 1  FIR53 - 1  FIR048 - 1  PIE125 - 1  QpZAG9 - 1  , 
QAc-G-0219,/TMA,Pryor,Pryor,96.833,,Sugarloaf,3.1,,Magazine,0.062,,Porter,0.005,,51.639,50.524,47.332,48.827,15, 0C11 - 1  1G13 - 1  G07 - 1  1F02 - 1  FIR031 - 1  GOT009 - 1  POR016 - 1  FIR013 - 1  FIR043 - 1  GOTO40 - 1  PIE039 - 1  FIR53 - 1  FIR048 - 1  PIE125 - 1  QpZAG9 - 1  , 
QAc-G-0220,/TMA,Sugarloaf,Pryor,58.088,,Magazine,34.919,,Porter,6.781,,Pryor,0.212,,48.85,48.138,50.355,47.917,15, 0C11 - 1  1G13 - 1  G07 - 1  1F02 - 1  FIR031 - 1  GOT009 - 1  POR016 - 1  FIR013 - 1  FIR043 - 1  GOTO40 - 1  PIE039 - 1  FIR53 - 1  FIR048 - 1  PIE125 - 1  QpZAG9 - 1  , 
QAc-G-0221,/TMA,Magazine,Pryor,95.002,,Pryor,4.019,,Porter,0.856,,Sugarloaf,0.124,,46.778,44.732,46.106,47.616,15, 0C11 - 1  1G13 - 1  G07 - 1  1F02 - 1  FIR031 - 1  GOT009 - 1  POR016 - 1  FIR013 - 1  FIR043 - 1  GOTO40 - 1  PIE039 - 1  FIR53 - 1  FIR048 - 1  PIE125 - 1  QpZAG9 - 1  , 
QAc-G-0222,/TMA,Pryor,Pryor,99.983,,Magazine,0.013,,Sugarloaf,0.004,,Porter,0,,51.38,49.364,45.473,49.834,15, 0C11 - 1  1G13 - 1  G07 - 1  1F02 - 1  FIR031 - 1  GOT009 - 1  POR016 - 1  FIR013 - 1  FIR043 - 1  GOTO40 - 1  PIE039 - 1  FIR53 - 1  FIR048 - 1  PIE125 - 1  QpZAG9 - 1  , 
QAc-G-0223,/TMA,Magazine,Pryor,91.96,,Pryor,7.116,,Porter,0.82,,Sugarloaf,0.104,,44.98,42.93,44.041,45.877,15, 0C11 - 1  1G13 - 1  G07 - 1  1F02 - 1  FIR031 - 1  GOT009 - 1  POR016 - 1  FIR013 - 1  FIR043 - 1  GOTO40 - 1  PIE039 - 1  FIR53 - 1  FIR048 - 1  PIE125 - 1  QpZAG9 - 1  , 
QAc-G-0224,/TMA,Pryor,Pryor,99.903,,Magazine,0.095,,Sugarloaf,0.002,,Porter,0,,50.648,46.891,43.868,48.612,15, 0C11 - 1  1G13 - 1  G07 - 1  1F02 - 1  FIR031 - 1  GOT009 - 1  POR016 - 1  FIR013 - 1  FIR043 - 1  GOTO40 - 1  PIE039 - 1  FIR53 - 1  FIR048 - 1  PIE125 - 1  QpZAG9 - 1  , 
QAc-G-0226,/TMA,Magazine,Porter,86.684,,Porter,12.603,,Pryor,0.713,,Sugarloaf,0,,42.106,41.268,43.353,48.004,15, 0C11 - 1  1G13 - 1  G07 - 1  1F02 - 1  FIR031 - 1  GOT009 - 1  POR016 - 1  FIR013 - 1  FIR043 - 1  GOTO40 - 1  PIE039 - 1  FIR53 - 1  FIR048 - 1  PIE125 - 1  QpZAG9 - 1  , 
QAc-G-0227,/TMA,Magazine,Porter,99.997,,Sugarloaf,0.003,,Porter,0,,Pryor,0,,44.262,37.106,44.811,41.57,14, 0C11 - 1  1G13 - 1  G07 - 1  1F02 - 1  FIR031 - 1  GOT009 - 1  POR016 - 1  FIR043 - 1  GOTO40 - 1  PIE039 - 1  FIR53 - 1  FIR048 - 1  PIE125 - 1  QpZAG9 - 1  , FIR013 - 1  
QAc-G-0228,/TMA,Pryor,Porter,99.861,,Magazine,0.103,,Porter,0.036,,Sugarloaf,0,,43.977,43.522,40.536,46.026,15, 0C11 - 1  1G13 - 1  G07 - 1  1F02 - 1  FIR031 - 1  GOT009 - 1  POR016 - 1  FIR013 - 1  FIR043 - 1  GOTO40 - 1  PIE039 - 1  FIR53 - 1  FIR048 - 1  PIE125 - 1  QpZAG9 - 1  , 
QAc-G-0229,/TMA,Magazine,Porter,99.999,,Pryor,0.001,,Porter,0,,Sugarloaf,0,,43.546,35.666,40.841,44.688,15, 0C11 - 1  1G13 - 1  G07 - 1  1F02 - 1  FIR031 - 1  GOT009 - 1  POR016 - 1  FIR013 - 1  FIR043 - 1  GOTO40 - 1  PIE039 - 1  FIR53 - 1  FIR048 - 1  PIE125 - 1  QpZAG9 - 1  , 
QAc-G-0230,/TMA,Pryor,Porter,53.438,,Magazine,46.363,,Porter,0.199,,Sugarloaf,0,,48.731,46.363,46.301,51.951,15, 0C11 - 1  1G13 - 1  G07 - 1  1F02 - 1  FIR031 - 1  GOT009 - 1  POR016 - 1  FIR013 - 1  FIR043 - 1  GOTO40 - 1  PIE039 - 1  FIR53 - 1  FIR048 - 1  PIE125 - 1  QpZAG9 - 1  , 
QAc-G-0231,/TMA,Porter,Porter,88.161,,Pryor,11.839,,Sugarloaf,0.001,,Magazine,0,,44.431,50.677,45.303,49.553,15, 0C11 - 1  1G13 - 1  G07 - 1  1F02 - 1  FIR031 - 1  GOT009 - 1  POR016 - 1  FIR013 - 1  FIR043 - 1  GOTO40 - 1  PIE039 - 1  FIR53 - 1  FIR048 - 1  PIE125 - 1  QpZAG9 - 1  , 
QAc-G-0232,/TMA,Pryor,Porter,97.471,,Magazine,2.387,,Porter,0.107,,Sugarloaf,0.035,,48.645,47.297,45.686,49.127,15, 0C11 - 1  1G13 - 1  G07 - 1  1F02 - 1  FIR031 - 1  GOT009 - 1  POR016 - 1  FIR013 - 1  FIR043 - 1  GOTO40 - 1  PIE039 - 1  FIR53 - 1  FIR048 - 1  PIE125 - 1  QpZAG9 - 1  , 
QAc-G-0233,/TMA,Magazine,Porter,67.368,,Pryor,15.78,,Sugarloaf,12.446,,Porter,4.407,,44.873,43.688,44.319,44.422,15, 0C11 - 1  1G13 - 1  G07 - 1  1F02 - 1  FIR031 - 1  GOT009 - 1  POR016 - 1  FIR013 - 1  FIR043 - 1  GOTO40 - 1  PIE039 - 1  FIR53 - 1  FIR048 - 1  PIE125 - 1  QpZAG9 - 1  , 
QAc-G-0234,/TMA,Pryor,Porter,99.835,,Magazine,0.149,,Sugarloaf,0.016,,Porter,0.001,,43.066,40.679,37.851,41.65,15, 0C11 - 1  1G13 - 1  G07 - 1  1F02 - 1  FIR031 - 1  GOT009 - 1  POR016 - 1  FIR013 - 1  FIR043 - 1  GOTO40 - 1  PIE039 - 1  FIR53 - 1  FIR048 - 1  PIE125 - 1  QpZAG9 - 1  , 
QAc-G-0235,/TMA,Magazine,Porter,99.989,,Pryor,0.01,,Sugarloaf,0.001,,Porter,0.001,,43.999,38.723,42.73,43.673,15, 0C11 - 1  1G13 - 1  G07 - 1  1F02 - 1  FIR031 - 1  GOT009 - 1  POR016 - 1  FIR013 - 1  FIR043 - 1  GOTO40 - 1  PIE039 - 1  FIR53 - 1  FIR048 - 1  PIE125 - 1  QpZAG9 - 1  , 
QAc-G-0236,/TMA,Sugarloaf,Porter,63.471,,Porter,19.427,,Magazine,16.644,,Pryor,0.457,,44.409,44.476,46.038,43.895,15, 0C11 - 1  1G13 - 1  G07 - 1  1F02 - 1  FIR031 - 1  GOT009 - 1  POR016 - 1  FIR013 - 1  FIR043 - 1  GOTO40 - 1  PIE039 - 1  FIR53 - 1  FIR048 - 1  PIE125 - 1  QpZAG9 - 1  , 
QAc-G-0237,/TMA,Magazine,Porter,100,,Sugarloaf,0,,Pryor,0,,Porter,0,,48.861,35.698,44.51,41.762,15, 0C11 - 1  1G13 - 1  G07 - 1  1F02 - 1  FIR031 - 1  GOT009 - 1  POR016 - 1  FIR013 - 1  FIR043 - 1  GOTO40 - 1  PIE039 - 1  FIR53 - 1  FIR048 - 1  PIE125 - 1  QpZAG9 - 1  , 
QAc-G-0238,/TMA,Magazine,Porter,93.169,,Sugarloaf,6.831,,Pryor,0,,Porter,0,,46.498,40.478,46.423,41.613,15, 0C11 - 1  1G13 - 1  G07 - 1  1F02 - 1  FIR031 - 1  GOT009 - 1  POR016 - 1  FIR013 - 1  FIR043 - 1  GOTO40 - 1  PIE039 - 1  FIR53 - 1  FIR048 - 1  PIE125 - 1  QpZAG9 - 1  , 
QAc-G-0239,/TMA,Magazine,Porter,99.996,,Porter,0.004,,Pryor,0,,Sugarloaf,0,,39.76,35.327,42.393,45.028,15, 0C11 - 1  1G13 - 1  G07 - 1  1F02 - 1  FIR031 - 1  GOT009 - 1  POR016 - 1  FIR013 - 1  FIR043 - 1  GOTO40 - 1  PIE039 - 1  FIR53 - 1  FIR048 - 1  PIE125 - 1  QpZAG9 - 1  , 
QAc-G-0240,/TMA,Porter,Porter,76.585,,Pryor,23.023,,Sugarloaf,0.24,,Magazine,0.152,,43.412,46.113,43.934,45.917,15, 0C11 - 1  1G13 - 1  G07 - 1  1F02 - 1  FIR031 - 1  GOT009 - 1  POR016 - 1  FIR013 - 1  FIR043 - 1  GOTO40 - 1  PIE039 - 1  FIR53 - 1  FIR048 - 1  PIE125 - 1  QpZAG9 - 1  , 
QAc-G-0241,/TMA,Pryor,Porter,69.852,,Porter,17.746,,Magazine,12.395,,Sugarloaf,0.007,,46.173,46.329,45.578,49.595,15, 0C11 - 1  1G13 - 1  G07 - 1  1F02 - 1  FIR031 - 1  GOT009 - 1  POR016 - 1  FIR013 - 1  FIR043 - 1  GOTO40 - 1  PIE039 - 1  FIR53 - 1  FIR048 - 1  PIE125 - 1  QpZAG9 - 1  , 
QAc-G-0242,/TMA,Porter,Porter,50.108,,Magazine,49.779,,Pryor,0.105,,Sugarloaf,0.007,,39.406,39.409,42.084,43.237,15, 0C11 - 1  1G13 - 1  G07 - 1  1F02 - 1  FIR031 - 1  GOT009 - 1  POR016 - 1  FIR013 - 1  FIR043 - 1  GOTO40 - 1  PIE039 - 1  FIR53 - 1  FIR048 - 1  PIE125 - 1  QpZAG9 - 1  , 
QAc-G-0243,/TMA,Magazine,Porter,99.996,,Pryor,0.003,,Porter,0.001,,Sugarloaf,0,,42.241,37.158,41.684,44.331,15, 0C11 - 1  1G13 - 1  G07 - 1  1F02 - 1  FIR031 - 1  GOT009 - 1  POR016 - 1  FIR013 - 1  FIR043 - 1  GOTO40 - 1  PIE039 - 1  FIR53 - 1  FIR048 - 1  PIE125 - 1  QpZAG9 - 1  , 
QAc-G-0244,/TMA,Magazine,Porter,99.997,,Pryor,0.002,,Porter,0.001,,Sugarloaf,0,,41.782,36.921,41.635,46.952,15, 0C11 - 1  1G13 - 1  G07 - 1  1F02 - 1  FIR031 - 1  GOT009 - 1  POR016 - 1  FIR013 - 1  FIR043 - 1  GOTO40 - 1  PIE039 - 1  FIR53 - 1  FIR048 - 1  PIE125 - 1  QpZAG9 - 1  , 
QAc-G-0245,/TMA,Porter,Porter,51.281,,Magazine,47.716,,Pryor,0.968,,Sugarloaf,0.035,,43.58,43.611,45.304,46.75,15, 0C11 - 1  1G13 - 1  G07 - 1  1F02 - 1  FIR031 - 1  GOT009 - 1  POR016 - 1  FIR013 - 1  FIR043 - 1  GOTO40 - 1  PIE039 - 1  FIR53 - 1  FIR048 - 1  PIE125 - 1  QpZAG9 - 1  , 
QAc-G-0246,/TMA,Magazine,Porter,99.882,,Sugarloaf,0.117,,Pryor,0.001,,Porter,0,,44.148,37.805,42.912,40.735,15, 0C11 - 1  1G13 - 1  G07 - 1  1F02 - 1  FIR031 - 1  GOT009 - 1  POR016 - 1  FIR013 - 1  FIR043 - 1  GOTO40 - 1  PIE039 - 1  FIR53 - 1  FIR048 - 1  PIE125 - 1  QpZAG9 - 1  , 
QAc-G-0247,/TMA,Magazine,Porter,99.98,,Sugarloaf,0.02,,Porter,0,,Pryor,0,,43.862,38.15,45.84,41.848,15, 0C11 - 1  1G13 - 1  G07 - 1  1F02 - 1  FIR031 - 1  GOT009 - 1  POR016 - 1  FIR013 - 1  FIR043 - 1  GOTO40 - 1  PIE039 - 1  FIR53 - 1  FIR048 - 1  PIE125 - 1  QpZAG9 - 1  , 
QAc-G-0248,/Trompenburg,Magazine,Porter,99.189,,Porter,0.553,,Pryor,0.258,,Sugarloaf,0,,44.79,42.536,45.122,51.056,15, 0C11 - 1  1G13 - 1  G07 - 1  1F02 - 1  FIR031 - 1  GOT009 - 1  POR016 - 1  FIR013 - 1  FIR043 - 1  GOTO40 - 1  PIE039 - 1  FIR53 - 1  FIR048 - 1  PIE125 - 1  QpZAG9 - 1  , 
QAc-G-0249,/USNA,Pryor,NONE,85.7,,Magazine,14.3,,Sugarloaf,0.001,,Porter,0,,51.065,44.976,44.198,49.323,15, 0C11 - 1  1G13 - 1  G07 - 1  1F02 - 1  FIR031 - 1  GOT009 - 1  POR016 - 1  FIR013 - 1  FIR043 - 1  GOTO40 - 1  PIE039 - 1  FIR53 - 1  FIR048 - 1  PIE125 - 1  QpZAG9 - 1  , 
QAc-G-0025,/USNA,Pryor,Magazine,99.304,,Magazine,0.435,,Porter,0.23,,Sugarloaf,0.031,,47.527,47.25,44.891,48.402,15, 0C11 - 1  1G13 - 1  G07 - 1  1F02 - 1  FIR031 - 1  GOT009 - 1  POR016 - 1  FIR013 - 1  FIR043 - 1  GOTO40 - 1  PIE039 - 1  FIR53 - 1  FIR048 - 1  PIE125 - 1  QpZAG9 - 1  , 
QAc-G-0028,/UWBG,Magazine,Magazine,74.096,,Pryor,25.904,,Porter,0,,Sugarloaf,0,,48.305,41.999,42.456,48.518,15, 0C11 - 1  1G13 - 1  G07 - 1  1F02 - 1  FIR031 - 1  GOT009 - 1  POR016 - 1  FIR013 - 1  FIR043 - 1  GOTO40 - 1  PIE039 - 1  FIR53 - 1  FIR048 - 1  PIE125 - 1  QpZAG9 - 1  , 
QAc-G-0275,/Plze?,Porter,NONE,83.761,,Magazine,15.636,,Pryor,0.602,,Sugarloaf,0.001,,43.397,44.126,45.54,48.373,15, 0C11 - 1  1G13 - 1  G07 - 1  1F02 - 1  FIR031 - 1  GOT009 - 1  POR016 - 1  FIR013 - 1  FIR043 - 1  GOTO40 - 1  PIE039 - 1  FIR53 - 1  FIR048 - 1  PIE125 - 1  QpZAG9 - 1  , 
