,,,rank,score,,rank,score,,rank,score,,rank,score,,rank,score,,PorterMountain_W,MagazineMountain_W,PryorMountain_W,Sugar_Loaf_Mountains_W,Kessler_Mountain_W,Nb. of loci,Used loci,Missing loci
,Pop,Sampled From,1,%,,2,%,,3,%,,4,%,,5,%,,'-log(L),'-log(L),'-log(L),'-log(L),'-log(L),,,
QAc-G-0029,/AP,summit of Pryor Mtn,Sugar_Loaf_Mountains_W,89.161,,PorterMountain_W,9.924,,MagazineMountain_W,0.891,,Kessler_Mountain_W,0.023,,PryorMountain_W,0,,37.554,38.601,42.034,36.6,40.187,15, 0C11 - 1  1G13 - 1  G07 - 1  1F02 - 1  FIR031 - 1  GOT009 - 1  POR016 - 1  FIR013 - 1  FIR043 - 1  GOTO40 - 1  PIE039 - 1  FIR53 - 1  FIR048 - 1  PIE125 - 1  QpZAG9 - 1  , 
QAc-G-0030,/AP,summit of Pryor Mtn,MagazineMountain_W,88.571,,PorterMountain_W,7.792,,Sugar_Loaf_Mountains_W,3.476,,PryorMountain_W,0.148,,Kessler_Mountain_W,0.013,,33.427,32.371,35.148,33.778,36.192,15, 0C11 - 1  1G13 - 1  G07 - 1  1F02 - 1  FIR031 - 1  GOT009 - 1  POR016 - 1  FIR013 - 1  FIR043 - 1  GOTO40 - 1  PIE039 - 1  FIR53 - 1  FIR048 - 1  PIE125 - 1  QpZAG9 - 1  , 
QAc-G-0061,/Arnold,summit of Pryor Mtn,Kessler_Mountain_W,54.042,,PorterMountain_W,45.955,,PryorMountain_W,0.003,,MagazineMountain_W,0,,Sugar_Loaf_Mountains_W,0,,38.747,43.918,43.005,44.893,38.677,15, 0C11 - 1  1G13 - 1  G07 - 1  1F02 - 1  FIR031 - 1  GOT009 - 1  POR016 - 1  FIR013 - 1  FIR043 - 1  GOTO40 - 1  PIE039 - 1  FIR53 - 1  FIR048 - 1  PIE125 - 1  QpZAG9 - 1  , 
QAc-G-0062,/Arnold,S side of Pryor mtn. ,MagazineMountain_W,99.999,,Kessler_Mountain_W,0,,PorterMountain_W,0,,PryorMountain_W,0,,Sugar_Loaf_Mountains_W,0,,36.739,31.343,41.058,43.618,36.721,15, 0C11 - 1  1G13 - 1  G07 - 1  1F02 - 1  FIR031 - 1  GOT009 - 1  POR016 - 1  FIR013 - 1  FIR043 - 1  GOTO40 - 1  PIE039 - 1  FIR53 - 1  FIR048 - 1  PIE125 - 1  QpZAG9 - 1  , 
QAc-G-0063,/Arnold,Magazine Mountain,Kessler_Mountain_W,96.26,,MagazineMountain_W,2.506,,PorterMountain_W,1.228,,Sugar_Loaf_Mountains_W,0.005,,PryorMountain_W,0.001,,35.066,34.756,38.269,37.455,33.171,15, 0C11 - 1  1G13 - 1  G07 - 1  1F02 - 1  FIR031 - 1  GOT009 - 1  POR016 - 1  FIR013 - 1  FIR043 - 1  GOTO40 - 1  PIE039 - 1  FIR53 - 1  FIR048 - 1  PIE125 - 1  QpZAG9 - 1  , 
QAc-G-0064,/Arnold,Magazine Mountain,PorterMountain_W,93.109,,MagazineMountain_W,5.281,,Kessler_Mountain_W,1.61,,Sugar_Loaf_Mountains_W,0,,PryorMountain_W,0,,32.062,33.308,41.097,41.056,33.824,15, 0C11 - 1  1G13 - 1  G07 - 1  1F02 - 1  FIR031 - 1  GOT009 - 1  POR016 - 1  FIR013 - 1  FIR043 - 1  GOTO40 - 1  PIE039 - 1  FIR53 - 1  FIR048 - 1  PIE125 - 1  QpZAG9 - 1  , 
QAc-G-0065,/Arnold,Southeast of Magazine Mountain,MagazineMountain_W,99.759,,PorterMountain_W,0.241,,PryorMountain_W,0,,Kessler_Mountain_W,0,,Sugar_Loaf_Mountains_W,0,,36.742,34.125,40.73,43.793,42.394,15, 0C11 - 1  1G13 - 1  G07 - 1  1F02 - 1  FIR031 - 1  GOT009 - 1  POR016 - 1  FIR013 - 1  FIR043 - 1  GOTO40 - 1  PIE039 - 1  FIR53 - 1  FIR048 - 1  PIE125 - 1  QpZAG9 - 1  , 
QAc-G-0066,/Arnold,Southeast of Magazine Mountain,Kessler_Mountain_W,75.666,,PorterMountain_W,13.934,,MagazineMountain_W,10.335,,PryorMountain_W,0.057,,Sugar_Loaf_Mountains_W,0.008,,34.951,35.081,37.339,38.219,34.216,15, 0C11 - 1  1G13 - 1  G07 - 1  1F02 - 1  FIR031 - 1  GOT009 - 1  POR016 - 1  FIR013 - 1  FIR043 - 1  GOTO40 - 1  PIE039 - 1  FIR53 - 1  FIR048 - 1  PIE125 - 1  QpZAG9 - 1  , 
QAc-G-0067,/Arnold,Southeast of Magazine Mountain,MagazineMountain_W,99.997,,Kessler_Mountain_W,0.003,,PorterMountain_W,0,,Sugar_Loaf_Mountains_W,0,,PryorMountain_W,0,,39.628,34.098,45.55,41.644,38.631,15, 0C11 - 1  1G13 - 1  G07 - 1  1F02 - 1  FIR031 - 1  GOT009 - 1  POR016 - 1  FIR013 - 1  FIR043 - 1  GOTO40 - 1  PIE039 - 1  FIR53 - 1  FIR048 - 1  PIE125 - 1  QpZAG9 - 1  , 
QAc-G-0068,/Arnold,Southeast of Magazine Mountain,MagazineMountain_W,99.991,,Sugar_Loaf_Mountains_W,0.004,,Kessler_Mountain_W,0.004,,PorterMountain_W,0,,PryorMountain_W,0,,42.434,36.932,42.966,41.283,41.36,15, 0C11 - 1  1G13 - 1  G07 - 1  1F02 - 1  FIR031 - 1  GOT009 - 1  POR016 - 1  FIR013 - 1  FIR043 - 1  GOTO40 - 1  PIE039 - 1  FIR53 - 1  FIR048 - 1  PIE125 - 1  QpZAG9 - 1  , 
QAc-G-0070,/Arnold,Southeast of Magazine Mountain,MagazineMountain_W,94.709,,PorterMountain_W,4.229,,Kessler_Mountain_W,0.875,,Sugar_Loaf_Mountains_W,0.187,,PryorMountain_W,0,,32.333,30.983,37.993,33.687,33.017,15, 0C11 - 1  1G13 - 1  G07 - 1  1F02 - 1  FIR031 - 1  GOT009 - 1  POR016 - 1  FIR013 - 1  FIR043 - 1  GOTO40 - 1  PIE039 - 1  FIR53 - 1  FIR048 - 1  PIE125 - 1  QpZAG9 - 1  , 
QAc-G-0071,/Arnold,Southeast of Magazine Mountain,Kessler_Mountain_W,87.414,,MagazineMountain_W,7.869,,PryorMountain_W,4.354,,PorterMountain_W,0.363,,Sugar_Loaf_Mountains_W,0,,31.032,29.697,29.954,35.031,28.651,13, 0C11 - 1  1G13 - 1  FIR031 - 1  GOT009 - 1  POR016 - 1  FIR013 - 1  FIR043 - 1  GOTO40 - 1  PIE039 - 1  FIR53 - 1  FIR048 - 1  PIE125 - 1  QpZAG9 - 1  , G07 - 1  1F02 - 1  
QAc-G-0072,/Arnold,Southeast of Magazine Mountain,Kessler_Mountain_W,98.827,,PorterMountain_W,1.166,,MagazineMountain_W,0.006,,Sugar_Loaf_Mountains_W,0.001,,PryorMountain_W,0,,33.163,35.482,38.752,36.173,31.234,15, 0C11 - 1  1G13 - 1  G07 - 1  1F02 - 1  FIR031 - 1  GOT009 - 1  POR016 - 1  FIR013 - 1  FIR043 - 1  GOTO40 - 1  PIE039 - 1  FIR53 - 1  FIR048 - 1  PIE125 - 1  QpZAG9 - 1  , 
QAc-G-0073,/Arnold,Porter Mountain Area,Kessler_Mountain_W,99.907,,PorterMountain_W,0.093,,Sugar_Loaf_Mountains_W,0,,MagazineMountain_W,0,,PryorMountain_W,0,,34.232,39.286,42.538,36.585,31.2,15, 0C11 - 1  1G13 - 1  G07 - 1  1F02 - 1  FIR031 - 1  GOT009 - 1  POR016 - 1  FIR013 - 1  FIR043 - 1  GOTO40 - 1  PIE039 - 1  FIR53 - 1  FIR048 - 1  PIE125 - 1  QpZAG9 - 1  , 
QAc-G-0074,/Arnold,Porter Mountain Area,PorterMountain_W,97.906,,Kessler_Mountain_W,2.088,,Sugar_Loaf_Mountains_W,0.006,,PryorMountain_W,0.001,,MagazineMountain_W,0,,27.85,34.411,33.068,32.061,29.521,15, 0C11 - 1  1G13 - 1  G07 - 1  1F02 - 1  FIR031 - 1  GOT009 - 1  POR016 - 1  FIR013 - 1  FIR043 - 1  GOTO40 - 1  PIE039 - 1  FIR53 - 1  FIR048 - 1  PIE125 - 1  QpZAG9 - 1  , 
QAc-G-0075,/Arnold,Porter Mountain Area,Sugar_Loaf_Mountains_W,94.026,,MagazineMountain_W,4.821,,Kessler_Mountain_W,0.595,,PorterMountain_W,0.558,,PryorMountain_W,0,,32.665,31.729,37.434,30.438,32.637,15, 0C11 - 1  1G13 - 1  G07 - 1  1F02 - 1  FIR031 - 1  GOT009 - 1  POR016 - 1  FIR013 - 1  FIR043 - 1  GOTO40 - 1  PIE039 - 1  FIR53 - 1  FIR048 - 1  PIE125 - 1  QpZAG9 - 1  , 
QAc-G-0076,/Arnold,Porter Mountain Area,PorterMountain_W,99.961,,MagazineMountain_W,0.036,,Kessler_Mountain_W,0.003,,Sugar_Loaf_Mountains_W,0,,PryorMountain_W,0,,32.735,36.182,44.848,40.074,37.194,15, 0C11 - 1  1G13 - 1  G07 - 1  1F02 - 1  FIR031 - 1  GOT009 - 1  POR016 - 1  FIR013 - 1  FIR043 - 1  GOTO40 - 1  PIE039 - 1  FIR53 - 1  FIR048 - 1  PIE125 - 1  QpZAG9 - 1  , 
QAc-G-0080,/Arnold,Southeast of Pryor,Kessler_Mountain_W,83.522,,PryorMountain_W,11.566,,MagazineMountain_W,4.91,,Sugar_Loaf_Mountains_W,0.002,,PorterMountain_W,0,,44.741,39.458,39.086,42.857,38.227,15, 0C11 - 1  1G13 - 1  G07 - 1  1F02 - 1  FIR031 - 1  GOT009 - 1  POR016 - 1  FIR013 - 1  FIR043 - 1  GOTO40 - 1  PIE039 - 1  FIR53 - 1  FIR048 - 1  PIE125 - 1  QpZAG9 - 1  , 
QAc-G-0081,/Arnold,"Sugarloaf Mountain, Rim of east facing bluff and adjacent glade-like area on lookout",Kessler_Mountain_W,54.725,,Sugar_Loaf_Mountains_W,39.986,,PorterMountain_W,5.148,,MagazineMountain_W,0.141,,PryorMountain_W,0,,36.798,38.361,41.401,35.908,35.771,15, 0C11 - 1  1G13 - 1  G07 - 1  1F02 - 1  FIR031 - 1  GOT009 - 1  POR016 - 1  FIR013 - 1  FIR043 - 1  GOTO40 - 1  PIE039 - 1  FIR53 - 1  FIR048 - 1  PIE125 - 1  QpZAG9 - 1  , 
QAc-G-0082,/Arnold,"Sugarloaf Mountain, Rim of east facing bluff and adjacent glade-like area on lookout",Kessler_Mountain_W,91.592,,MagazineMountain_W,8.407,,Sugar_Loaf_Mountains_W,0.001,,PryorMountain_W,0,,PorterMountain_W,0,,43.239,33.013,40.251,37.059,31.976,15, 0C11 - 1  1G13 - 1  G07 - 1  1F02 - 1  FIR031 - 1  GOT009 - 1  POR016 - 1  FIR013 - 1  FIR043 - 1  GOTO40 - 1  PIE039 - 1  FIR53 - 1  FIR048 - 1  PIE125 - 1  QpZAG9 - 1  , 
QAc-G-0083,/Arnold,"Sugarloaf Mountain, Rim of east facing bluff and adjacent glade-like area on lookout",PorterMountain_W,95.306,,MagazineMountain_W,4.591,,Kessler_Mountain_W,0.103,,PryorMountain_W,0,,Sugar_Loaf_Mountains_W,0,,26.798,28.116,32.762,35.157,29.765,15, 0C11 - 1  1G13 - 1  G07 - 1  1F02 - 1  FIR031 - 1  GOT009 - 1  POR016 - 1  FIR013 - 1  FIR043 - 1  GOTO40 - 1  PIE039 - 1  FIR53 - 1  FIR048 - 1  PIE125 - 1  QpZAG9 - 1  , 
QAc-G-0001,/Bartlett,,PorterMountain_W,78.298,,MagazineMountain_W,21.626,,PryorMountain_W,0.075,,Kessler_Mountain_W,0.002,,Sugar_Loaf_Mountains_W,0,,27.321,27.88,30.342,36.125,31.986,13, G07 - 1  1F02 - 1  FIR031 - 1  GOT009 - 1  POR016 - 1  FIR013 - 1  FIR043 - 1  GOTO40 - 1  PIE039 - 1  FIR53 - 1  FIR048 - 1  PIE125 - 1  QpZAG9 - 1  , 0C11 - 1  1G13 - 1  
QAc-G-0285,/CBG,,MagazineMountain_W,99.974,,PorterMountain_W,0.018,,Kessler_Mountain_W,0.007,,PryorMountain_W,0.001,,Sugar_Loaf_Mountains_W,0,,30.201,26.446,31.634,34.624,30.574,15, 0C11 - 1  1G13 - 1  G07 - 1  1F02 - 1  FIR031 - 1  GOT009 - 1  POR016 - 1  FIR013 - 1  FIR043 - 1  GOTO40 - 1  PIE039 - 1  FIR53 - 1  FIR048 - 1  PIE125 - 1  QpZAG9 - 1  , 
QAc-G-0286,/CBG,,Kessler_Mountain_W,63.461,,MagazineMountain_W,28.196,,PorterMountain_W,8.34,,Sugar_Loaf_Mountains_W,0.002,,PryorMountain_W,0,,31.524,30.995,36.357,35.075,30.642,15, 0C11 - 1  1G13 - 1  G07 - 1  1F02 - 1  FIR031 - 1  GOT009 - 1  POR016 - 1  FIR013 - 1  FIR043 - 1  GOTO40 - 1  PIE039 - 1  FIR53 - 1  FIR048 - 1  PIE125 - 1  QpZAG9 - 1  , 
QAc-G-0287,/CBG,,Kessler_Mountain_W,99.299,,MagazineMountain_W,0.692,,PorterMountain_W,0.009,,PryorMountain_W,0.001,,Sugar_Loaf_Mountains_W,0,,36.085,34.2,37.324,38.952,32.043,15, 0C11 - 1  1G13 - 1  G07 - 1  1F02 - 1  FIR031 - 1  GOT009 - 1  POR016 - 1  FIR013 - 1  FIR043 - 1  GOTO40 - 1  PIE039 - 1  FIR53 - 1  FIR048 - 1  PIE125 - 1  QpZAG9 - 1  , 
QAc-G-0288,/CBG,,Kessler_Mountain_W,96.079,,Sugar_Loaf_Mountains_W,2.201,,MagazineMountain_W,1.435,,PorterMountain_W,0.285,,PryorMountain_W,0,,34.044,33.341,39.233,33.155,31.515,14, 0C11 - 1  G07 - 1  1F02 - 1  FIR031 - 1  GOT009 - 1  POR016 - 1  FIR013 - 1  FIR043 - 1  GOTO40 - 1  PIE039 - 1  FIR53 - 1  FIR048 - 1  PIE125 - 1  QpZAG9 - 1  , 1G13 - 1  
QAc-G-0292,/CBG,,MagazineMountain_W,99.918,,Kessler_Mountain_W,0.074,,PorterMountain_W,0.008,,Sugar_Loaf_Mountains_W,0,,PryorMountain_W,0,,31.668,27.57,35.953,33.331,30.702,15, 0C11 - 1  1G13 - 1  G07 - 1  1F02 - 1  FIR031 - 1  GOT009 - 1  POR016 - 1  FIR013 - 1  FIR043 - 1  GOTO40 - 1  PIE039 - 1  FIR53 - 1  FIR048 - 1  PIE125 - 1  QpZAG9 - 1  , 
QAc-G-0294,/CBG,,PorterMountain_W,99.665,,Kessler_Mountain_W,0.326,,MagazineMountain_W,0.007,,Sugar_Loaf_Mountains_W,0.002,,PryorMountain_W,0,,31.316,35.463,42.361,36.127,33.8,15, 0C11 - 1  1G13 - 1  G07 - 1  1F02 - 1  FIR031 - 1  GOT009 - 1  POR016 - 1  FIR013 - 1  FIR043 - 1  GOTO40 - 1  PIE039 - 1  FIR53 - 1  FIR048 - 1  PIE125 - 1  QpZAG9 - 1  , 
QAc-G-0295,/CBG,,Kessler_Mountain_W,93.252,,MagazineMountain_W,6.743,,PorterMountain_W,0.005,,Sugar_Loaf_Mountains_W,0.001,,PryorMountain_W,0,,35.554,32.393,37.371,36.309,31.252,15, 0C11 - 1  1G13 - 1  G07 - 1  1F02 - 1  FIR031 - 1  GOT009 - 1  POR016 - 1  FIR013 - 1  FIR043 - 1  GOTO40 - 1  PIE039 - 1  FIR53 - 1  FIR048 - 1  PIE125 - 1  QpZAG9 - 1  , 
QAc-G-0296,/CBG,,Kessler_Mountain_W,99.997,,PorterMountain_W,0.003,,Sugar_Loaf_Mountains_W,0,,MagazineMountain_W,0,,PryorMountain_W,0,,34.082,36.727,41.964,35.52,29.541,15, 0C11 - 1  1G13 - 1  G07 - 1  1F02 - 1  FIR031 - 1  GOT009 - 1  POR016 - 1  FIR013 - 1  FIR043 - 1  GOTO40 - 1  PIE039 - 1  FIR53 - 1  FIR048 - 1  PIE125 - 1  QpZAG9 - 1  , 
QAc-G-0297,/CBG,,Kessler_Mountain_W,96.425,,PorterMountain_W,2.284,,MagazineMountain_W,1.041,,PryorMountain_W,0.247,,Sugar_Loaf_Mountains_W,0.003,,35.828,36.169,36.794,38.717,34.202,15, 0C11 - 1  1G13 - 1  G07 - 1  1F02 - 1  FIR031 - 1  GOT009 - 1  POR016 - 1  FIR013 - 1  FIR043 - 1  GOTO40 - 1  PIE039 - 1  FIR53 - 1  FIR048 - 1  PIE125 - 1  QpZAG9 - 1  , 
QAc-G-0298,/CBG,,MagazineMountain_W,89.695,,Kessler_Mountain_W,6.196,,PorterMountain_W,3.947,,Sugar_Loaf_Mountains_W,0.162,,PryorMountain_W,0,,29.423,28.066,36.562,30.81,29.227,14, 0C11 - 1  G07 - 1  1F02 - 1  FIR031 - 1  GOT009 - 1  POR016 - 1  FIR013 - 1  FIR043 - 1  GOTO40 - 1  PIE039 - 1  FIR53 - 1  FIR048 - 1  PIE125 - 1  QpZAG9 - 1  , 1G13 - 1  
QAc-G-0299,/CBG,,PorterMountain_W,97.442,,Sugar_Loaf_Mountains_W,1.557,,MagazineMountain_W,0.651,,Kessler_Mountain_W,0.351,,PryorMountain_W,0,,31.392,33.567,37.773,33.188,33.835,15, 0C11 - 1  1G13 - 1  G07 - 1  1F02 - 1  FIR031 - 1  GOT009 - 1  POR016 - 1  FIR013 - 1  FIR043 - 1  GOTO40 - 1  PIE039 - 1  FIR53 - 1  FIR048 - 1  PIE125 - 1  QpZAG9 - 1  , 
QAc-G-0300,/CBG,,PorterMountain_W,85.294,,Kessler_Mountain_W,7.905,,MagazineMountain_W,6.797,,Sugar_Loaf_Mountains_W,0.004,,PryorMountain_W,0,,31.607,32.706,37.44,35.965,32.64,15, 0C11 - 1  1G13 - 1  G07 - 1  1F02 - 1  FIR031 - 1  GOT009 - 1  POR016 - 1  FIR013 - 1  FIR043 - 1  GOTO40 - 1  PIE039 - 1  FIR53 - 1  FIR048 - 1  PIE125 - 1  QpZAG9 - 1  , 
QAc-G-0301,/CBG,,Kessler_Mountain_W,92.398,,PorterMountain_W,7.146,,Sugar_Loaf_Mountains_W,0.396,,MagazineMountain_W,0.06,,PryorMountain_W,0,,33.115,35.188,39.286,34.371,32.004,15, 0C11 - 1  1G13 - 1  G07 - 1  1F02 - 1  FIR031 - 1  GOT009 - 1  POR016 - 1  FIR013 - 1  FIR043 - 1  GOTO40 - 1  PIE039 - 1  FIR53 - 1  FIR048 - 1  PIE125 - 1  QpZAG9 - 1  , 
QAc-G-0302,/CBG,,PorterMountain_W,92.549,,MagazineMountain_W,6.891,,Sugar_Loaf_Mountains_W,0.378,,Kessler_Mountain_W,0.121,,PryorMountain_W,0.061,,32.559,33.687,35.742,34.948,35.443,15, 0C11 - 1  1G13 - 1  G07 - 1  1F02 - 1  FIR031 - 1  GOT009 - 1  POR016 - 1  FIR013 - 1  FIR043 - 1  GOTO40 - 1  PIE039 - 1  FIR53 - 1  FIR048 - 1  PIE125 - 1  QpZAG9 - 1  , 
QAc-G-0303,/CBG,,MagazineMountain_W,100,,PryorMountain_W,0,,PorterMountain_W,0,,Kessler_Mountain_W,0,,Sugar_Loaf_Mountains_W,0,,39.074,32.399,37.729,40.965,40.508,15, 0C11 - 1  1G13 - 1  G07 - 1  1F02 - 1  FIR031 - 1  GOT009 - 1  POR016 - 1  FIR013 - 1  FIR043 - 1  GOTO40 - 1  PIE039 - 1  FIR53 - 1  FIR048 - 1  PIE125 - 1  QpZAG9 - 1  , 
QAc-G-0305,/CBG,,MagazineMountain_W,73.821,,PorterMountain_W,19.798,,Sugar_Loaf_Mountains_W,6.059,,Kessler_Mountain_W,0.323,,PryorMountain_W,0,,32.27,31.699,40.503,32.785,34.058,15, 0C11 - 1  1G13 - 1  G07 - 1  1F02 - 1  FIR031 - 1  GOT009 - 1  POR016 - 1  FIR013 - 1  FIR043 - 1  GOTO40 - 1  PIE039 - 1  FIR53 - 1  FIR048 - 1  PIE125 - 1  QpZAG9 - 1  , 
QAc-G-0307,/CBG,,MagazineMountain_W,71.336,,Kessler_Mountain_W,16.876,,PorterMountain_W,11.426,,Sugar_Loaf_Mountains_W,0.362,,PryorMountain_W,0,,33.975,33.179,39.38,35.474,33.806,15, 0C11 - 1  1G13 - 1  G07 - 1  1F02 - 1  FIR031 - 1  GOT009 - 1  POR016 - 1  FIR013 - 1  FIR043 - 1  GOTO40 - 1  PIE039 - 1  FIR53 - 1  FIR048 - 1  PIE125 - 1  QpZAG9 - 1  , 
QAc-G-0308,/CBG,,Kessler_Mountain_W,99.879,,PorterMountain_W,0.112,,Sugar_Loaf_Mountains_W,0.007,,MagazineMountain_W,0.002,,PryorMountain_W,0,,37.662,39.347,42.016,38.895,34.711,15, 0C11 - 1  1G13 - 1  G07 - 1  1F02 - 1  FIR031 - 1  GOT009 - 1  POR016 - 1  FIR013 - 1  FIR043 - 1  GOTO40 - 1  PIE039 - 1  FIR53 - 1  FIR048 - 1  PIE125 - 1  QpZAG9 - 1  , 
QAc-G-0309,/CBG,,PorterMountain_W,46.253,,MagazineMountain_W,38.908,,PryorMountain_W,13.025,,Sugar_Loaf_Mountains_W,1.801,,Kessler_Mountain_W,0.013,,34.201,34.276,34.751,35.61,37.769,15, 0C11 - 1  1G13 - 1  G07 - 1  1F02 - 1  FIR031 - 1  GOT009 - 1  POR016 - 1  FIR013 - 1  FIR043 - 1  GOTO40 - 1  PIE039 - 1  FIR53 - 1  FIR048 - 1  PIE125 - 1  QpZAG9 - 1  , 
QAc-G-0312,/CBG,,MagazineMountain_W,99.609,,Kessler_Mountain_W,0.236,,PorterMountain_W,0.078,,Sugar_Loaf_Mountains_W,0.076,,PryorMountain_W,0,,36.681,33.577,44.126,36.692,36.202,15, 0C11 - 1  1G13 - 1  G07 - 1  1F02 - 1  FIR031 - 1  GOT009 - 1  POR016 - 1  FIR013 - 1  FIR043 - 1  GOTO40 - 1  PIE039 - 1  FIR53 - 1  FIR048 - 1  PIE125 - 1  QpZAG9 - 1  , 
QAc-G-0313,/CBG,,MagazineMountain_W,99.483,,PorterMountain_W,0.491,,Sugar_Loaf_Mountains_W,0.019,,Kessler_Mountain_W,0.007,,PryorMountain_W,0,,31.656,29.349,39.588,33.07,33.486,15, 0C11 - 1  1G13 - 1  G07 - 1  1F02 - 1  FIR031 - 1  GOT009 - 1  POR016 - 1  FIR013 - 1  FIR043 - 1  GOTO40 - 1  PIE039 - 1  FIR53 - 1  FIR048 - 1  PIE125 - 1  QpZAG9 - 1  , 
QAc-G-0314,/CBG,,Sugar_Loaf_Mountains_W,79.003,,PorterMountain_W,17.01,,Kessler_Mountain_W,3.942,,PryorMountain_W,0.033,,MagazineMountain_W,0.013,,34.473,37.578,37.191,33.806,35.108,15, 0C11 - 1  1G13 - 1  G07 - 1  1F02 - 1  FIR031 - 1  GOT009 - 1  POR016 - 1  FIR013 - 1  FIR043 - 1  GOTO40 - 1  PIE039 - 1  FIR53 - 1  FIR048 - 1  PIE125 - 1  QpZAG9 - 1  , 
QAc-G-0315,/CBG,,Kessler_Mountain_W,99.999,,PorterMountain_W,0.001,,Sugar_Loaf_Mountains_W,0,,MagazineMountain_W,0,,PryorMountain_W,0,,39.309,42.984,43.332,40.678,34.321,15, 0C11 - 1  1G13 - 1  G07 - 1  1F02 - 1  FIR031 - 1  GOT009 - 1  POR016 - 1  FIR013 - 1  FIR043 - 1  GOTO40 - 1  PIE039 - 1  FIR53 - 1  FIR048 - 1  PIE125 - 1  QpZAG9 - 1  , 
QAc-G-0316,/CBG,,Kessler_Mountain_W,71.509,,MagazineMountain_W,27.135,,PorterMountain_W,1.251,,Sugar_Loaf_Mountains_W,0.105,,PryorMountain_W,0.001,,38.074,36.738,41.434,39.151,36.317,15, 0C11 - 1  1G13 - 1  G07 - 1  1F02 - 1  FIR031 - 1  GOT009 - 1  POR016 - 1  FIR013 - 1  FIR043 - 1  GOTO40 - 1  PIE039 - 1  FIR53 - 1  FIR048 - 1  PIE125 - 1  QpZAG9 - 1  , 
QAc-G-0032,/DBG,"Ozark National Forest, Mt. Magazine State Park",MagazineMountain_W,97.103,,Kessler_Mountain_W,2.897,,PryorMountain_W,0,,Sugar_Loaf_Mountains_W,0,,PorterMountain_W,0,,46.279,35.478,41.878,44.01,37.003,14, 0C11 - 1  1G13 - 1  G07 - 1  1F02 - 1  FIR031 - 1  GOT009 - 1  POR016 - 1  FIR013 - 1  FIR043 - 1  GOTO40 - 1  PIE039 - 1  FIR53 - 1  FIR048 - 1  QpZAG9 - 1  , PIE125 - 1  
QAc-G-0033,/DBG,"Ouachita National Forest, Porter Mtn area",Sugar_Loaf_Mountains_W,98.651,,PorterMountain_W,1.32,,Kessler_Mountain_W,0.029,,MagazineMountain_W,0.001,,PryorMountain_W,0,,31.304,34.646,37.635,29.431,32.964,15, 0C11 - 1  1G13 - 1  G07 - 1  1F02 - 1  FIR031 - 1  GOT009 - 1  POR016 - 1  FIR013 - 1  FIR043 - 1  GOTO40 - 1  PIE039 - 1  FIR53 - 1  FIR048 - 1  PIE125 - 1  QpZAG9 - 1  , 
QAc-G-0034,/DBG,"Ouachita National Forest, Porter Mtn area",Sugar_Loaf_Mountains_W,73.311,,MagazineMountain_W,24.44,,PorterMountain_W,2.156,,Kessler_Mountain_W,0.093,,PryorMountain_W,0,,36.758,35.704,41.208,35.227,38.123,15, 0C11 - 1  1G13 - 1  G07 - 1  1F02 - 1  FIR031 - 1  GOT009 - 1  POR016 - 1  FIR013 - 1  FIR043 - 1  GOTO40 - 1  PIE039 - 1  FIR53 - 1  FIR048 - 1  PIE125 - 1  QpZAG9 - 1  , 
QAc-G-0035,/DBG,"Ouachita National Forest, Porter Mtn area",Kessler_Mountain_W,90.34,,Sugar_Loaf_Mountains_W,9.233,,PorterMountain_W,0.426,,PryorMountain_W,0,,MagazineMountain_W,0,,35.649,38.849,38.613,34.313,33.323,15, 0C11 - 1  1G13 - 1  G07 - 1  1F02 - 1  FIR031 - 1  GOT009 - 1  POR016 - 1  FIR013 - 1  FIR043 - 1  GOTO40 - 1  PIE039 - 1  FIR53 - 1  FIR048 - 1  PIE125 - 1  QpZAG9 - 1  , 
QAc-G-0036,/DBG,"Ouachita National Forest, Porter Mtn area",Kessler_Mountain_W,87.397,,Sugar_Loaf_Mountains_W,12.6,,PorterMountain_W,0.003,,MagazineMountain_W,0,,PryorMountain_W,0,,36.689,37.938,43.739,33.123,32.282,15, 0C11 - 1  1G13 - 1  G07 - 1  1F02 - 1  FIR031 - 1  GOT009 - 1  POR016 - 1  FIR013 - 1  FIR043 - 1  GOTO40 - 1  PIE039 - 1  FIR53 - 1  FIR048 - 1  PIE125 - 1  QpZAG9 - 1  , 
QAc-G-0037,/DBG,"Ouachita National Forest, Porter Mtn area",Kessler_Mountain_W,99.999,,PorterMountain_W,0.001,,MagazineMountain_W,0,,Sugar_Loaf_Mountains_W,0,,PryorMountain_W,0,,36.177,39.746,42.612,40.001,31.072,15, 0C11 - 1  1G13 - 1  G07 - 1  1F02 - 1  FIR031 - 1  GOT009 - 1  POR016 - 1  FIR013 - 1  FIR043 - 1  GOTO40 - 1  PIE039 - 1  FIR53 - 1  FIR048 - 1  PIE125 - 1  QpZAG9 - 1  , 
QAc-G-0038,/DBG,"Ouachita National Forest, Porter Mtn area",Kessler_Mountain_W,99.067,,PorterMountain_W,0.929,,Sugar_Loaf_Mountains_W,0.003,,MagazineMountain_W,0.001,,PryorMountain_W,0,,31.774,34.955,40.689,34.267,29.746,15, 0C11 - 1  1G13 - 1  G07 - 1  1F02 - 1  FIR031 - 1  GOT009 - 1  POR016 - 1  FIR013 - 1  FIR043 - 1  GOTO40 - 1  PIE039 - 1  FIR53 - 1  FIR048 - 1  PIE125 - 1  QpZAG9 - 1  , 
QAc-G-0039,/DBG,"Ouachita National Forest, Porter Mtn area",PorterMountain_W,99.695,,Sugar_Loaf_Mountains_W,0.286,,Kessler_Mountain_W,0.019,,MagazineMountain_W,0,,PryorMountain_W,0,,30.965,36.398,38.76,33.508,34.686,15, 0C11 - 1  1G13 - 1  G07 - 1  1F02 - 1  FIR031 - 1  GOT009 - 1  POR016 - 1  FIR013 - 1  FIR043 - 1  GOTO40 - 1  PIE039 - 1  FIR53 - 1  FIR048 - 1  PIE125 - 1  QpZAG9 - 1  , 
QAc-G-0040,/DBG,"Ouachita National Forest, Porter Mtn area",Kessler_Mountain_W,71.068,,PorterMountain_W,28.922,,Sugar_Loaf_Mountains_W,0.009,,MagazineMountain_W,0.001,,PryorMountain_W,0,,33.66,38.1,41.14,37.168,33.269,15, 0C11 - 1  1G13 - 1  G07 - 1  1F02 - 1  FIR031 - 1  GOT009 - 1  POR016 - 1  FIR013 - 1  FIR043 - 1  GOTO40 - 1  PIE039 - 1  FIR53 - 1  FIR048 - 1  PIE125 - 1  QpZAG9 - 1  , 
QAc-G-0045,/DBG,,PorterMountain_W,98.269,,Kessler_Mountain_W,1.477,,Sugar_Loaf_Mountains_W,0.237,,MagazineMountain_W,0.017,,PryorMountain_W,0,,31.1,34.86,39.917,33.718,32.924,15, 0C11 - 1  1G13 - 1  G07 - 1  1F02 - 1  FIR031 - 1  GOT009 - 1  POR016 - 1  FIR013 - 1  FIR043 - 1  GOTO40 - 1  PIE039 - 1  FIR53 - 1  FIR048 - 1  PIE125 - 1  QpZAG9 - 1  , 
QAc-G-0049,/DBG,,MagazineMountain_W,97.538,,PorterMountain_W,2.458,,Sugar_Loaf_Mountains_W,0.003,,PryorMountain_W,0.001,,Kessler_Mountain_W,0.001,,33.497,31.898,36.874,36.424,36.923,15, 0C11 - 1  1G13 - 1  G07 - 1  1F02 - 1  FIR031 - 1  GOT009 - 1  POR016 - 1  FIR013 - 1  FIR043 - 1  GOTO40 - 1  PIE039 - 1  FIR53 - 1  FIR048 - 1  PIE125 - 1  QpZAG9 - 1  , 
QAc-G-0050,/DBG,,MagazineMountain_W,99.992,,PorterMountain_W,0.008,,Kessler_Mountain_W,0,,PryorMountain_W,0,,Sugar_Loaf_Mountains_W,0,,34.131,30.055,39.751,40.674,37.891,15, 0C11 - 1  1G13 - 1  G07 - 1  1F02 - 1  FIR031 - 1  GOT009 - 1  POR016 - 1  FIR013 - 1  FIR043 - 1  GOTO40 - 1  PIE039 - 1  FIR53 - 1  FIR048 - 1  PIE125 - 1  QpZAG9 - 1  , 
QAc-G-0052,/DBG,,MagazineMountain_W,92.804,,Kessler_Mountain_W,7.195,,Sugar_Loaf_Mountains_W,0,,PorterMountain_W,0,,PryorMountain_W,0,,39.649,34.213,44.131,39.574,35.324,15, 0C11 - 1  1G13 - 1  G07 - 1  1F02 - 1  FIR031 - 1  GOT009 - 1  POR016 - 1  FIR013 - 1  FIR043 - 1  GOTO40 - 1  PIE039 - 1  FIR53 - 1  FIR048 - 1  PIE125 - 1  QpZAG9 - 1  , 
QAc-G-0053,/DBG,,Kessler_Mountain_W,99.876,,Sugar_Loaf_Mountains_W,0.123,,PorterMountain_W,0.001,,MagazineMountain_W,0,,PryorMountain_W,0,,43.596,43.945,44.212,41.331,38.42,15, 0C11 - 1  1G13 - 1  G07 - 1  1F02 - 1  FIR031 - 1  GOT009 - 1  POR016 - 1  FIR013 - 1  FIR043 - 1  GOTO40 - 1  PIE039 - 1  FIR53 - 1  FIR048 - 1  PIE125 - 1  QpZAG9 - 1  , 
QAc-G-0054,/DBG,,Kessler_Mountain_W,99.998,,Sugar_Loaf_Mountains_W,0.002,,PorterMountain_W,0,,PryorMountain_W,0,,MagazineMountain_W,0,,43.105,45.143,43.519,42.122,37.382,15, 0C11 - 1  1G13 - 1  G07 - 1  1F02 - 1  FIR031 - 1  GOT009 - 1  POR016 - 1  FIR013 - 1  FIR043 - 1  GOTO40 - 1  PIE039 - 1  FIR53 - 1  FIR048 - 1  PIE125 - 1  QpZAG9 - 1  , 
QAc-G-0056,/DBG,,Kessler_Mountain_W,96.529,,PorterMountain_W,2.804,,MagazineMountain_W,0.657,,Sugar_Loaf_Mountains_W,0.011,,PryorMountain_W,0,,36.24,36.87,46.485,38.666,34.703,15, 0C11 - 1  1G13 - 1  G07 - 1  1F02 - 1  FIR031 - 1  GOT009 - 1  POR016 - 1  FIR013 - 1  FIR043 - 1  GOTO40 - 1  PIE039 - 1  FIR53 - 1  FIR048 - 1  PIE125 - 1  QpZAG9 - 1  , 
QAc-G-0276,/FGT,,Kessler_Mountain_W,99.449,,PorterMountain_W,0.549,,MagazineMountain_W,0.001,,Sugar_Loaf_Mountains_W,0,,PryorMountain_W,0,,35.201,37.79,41.122,39.346,32.943,15, 0C11 - 1  1G13 - 1  G07 - 1  1F02 - 1  FIR031 - 1  GOT009 - 1  POR016 - 1  FIR013 - 1  FIR043 - 1  GOTO40 - 1  PIE039 - 1  FIR53 - 1  FIR048 - 1  PIE125 - 1  QpZAG9 - 1  , 
QAc-G-0279,/FGT,,Kessler_Mountain_W,78.706,,PorterMountain_W,13.671,,MagazineMountain_W,7.484,,Sugar_Loaf_Mountains_W,0.138,,PryorMountain_W,0,,33.638,33.9,40.12,35.633,32.878,15, 0C11 - 1  1G13 - 1  G07 - 1  1F02 - 1  FIR031 - 1  GOT009 - 1  POR016 - 1  FIR013 - 1  FIR043 - 1  GOTO40 - 1  PIE039 - 1  FIR53 - 1  FIR048 - 1  PIE125 - 1  QpZAG9 - 1  , 
QAc-G-0280,/FGT,,Kessler_Mountain_W,68.401,,PorterMountain_W,30.766,,MagazineMountain_W,0.833,,Sugar_Loaf_Mountains_W,0,,PryorMountain_W,0,,27.209,28.776,36.848,34.942,26.862,14, 0C11 - 1  G07 - 1  1F02 - 1  FIR031 - 1  GOT009 - 1  POR016 - 1  FIR013 - 1  FIR043 - 1  GOTO40 - 1  PIE039 - 1  FIR53 - 1  FIR048 - 1  PIE125 - 1  QpZAG9 - 1  , 1G13 - 1  
QAc-G-0281,/FGT,,PryorMountain_W,64.559,,PorterMountain_W,35.424,,Kessler_Mountain_W,0.012,,MagazineMountain_W,0.005,,Sugar_Loaf_Mountains_W,0,,37.126,40.983,36.865,43.224,40.583,15, 0C11 - 1  1G13 - 1  G07 - 1  1F02 - 1  FIR031 - 1  GOT009 - 1  POR016 - 1  FIR013 - 1  FIR043 - 1  GOTO40 - 1  PIE039 - 1  FIR53 - 1  FIR048 - 1  PIE125 - 1  QpZAG9 - 1  , 
QAc-G-0018,/HBG,,MagazineMountain_W,98.638,,PorterMountain_W,1.117,,Kessler_Mountain_W,0.244,,Sugar_Loaf_Mountains_W,0,,PryorMountain_W,0,,34.975,33.029,40.285,38.641,35.635,15, 0C11 - 1  1G13 - 1  G07 - 1  1F02 - 1  FIR031 - 1  GOT009 - 1  POR016 - 1  FIR013 - 1  FIR043 - 1  GOTO40 - 1  PIE039 - 1  FIR53 - 1  FIR048 - 1  PIE125 - 1  QpZAG9 - 1  , 
QAc-G-0019,/HBG,,Kessler_Mountain_W,54.536,,MagazineMountain_W,41.321,,PorterMountain_W,3.022,,Sugar_Loaf_Mountains_W,1.122,,PryorMountain_W,0,,34.678,33.542,39.388,35.109,33.422,15, 0C11 - 1  1G13 - 1  G07 - 1  1F02 - 1  FIR031 - 1  GOT009 - 1  POR016 - 1  FIR013 - 1  FIR043 - 1  GOTO40 - 1  PIE039 - 1  FIR53 - 1  FIR048 - 1  PIE125 - 1  QpZAG9 - 1  , 
QAc-G-0020,/HBG,,Kessler_Mountain_W,99.996,,PorterMountain_W,0.004,,Sugar_Loaf_Mountains_W,0,,MagazineMountain_W,0,,PryorMountain_W,0,,34.628,40.507,43.44,38.135,30.2,15, 0C11 - 1  1G13 - 1  G07 - 1  1F02 - 1  FIR031 - 1  GOT009 - 1  POR016 - 1  FIR013 - 1  FIR043 - 1  GOTO40 - 1  PIE039 - 1  FIR53 - 1  FIR048 - 1  PIE125 - 1  QpZAG9 - 1  , 
QAc-G-0021,/HBG,,PorterMountain_W,99.946,,Kessler_Mountain_W,0.054,,MagazineMountain_W,0,,Sugar_Loaf_Mountains_W,0,,PryorMountain_W,0,,28.079,35.565,37.644,35.578,31.347,14, 0C11 - 1  1G13 - 1  G07 - 1  FIR031 - 1  GOT009 - 1  POR016 - 1  FIR013 - 1  FIR043 - 1  GOTO40 - 1  PIE039 - 1  FIR53 - 1  FIR048 - 1  PIE125 - 1  QpZAG9 - 1  , 1F02 - 1  
QAc-G-0023,/HBG,,PryorMountain_W,99.98,,Sugar_Loaf_Mountains_W,0.012,,MagazineMountain_W,0.005,,PorterMountain_W,0.002,,Kessler_Mountain_W,0.001,,38.482,38.039,33.721,37.65,38.606,15, 0C11 - 1  1G13 - 1  G07 - 1  1F02 - 1  FIR031 - 1  GOT009 - 1  POR016 - 1  FIR013 - 1  FIR043 - 1  GOTO40 - 1  PIE039 - 1  FIR53 - 1  FIR048 - 1  PIE125 - 1  QpZAG9 - 1  , 
QAc-G-0016,/HBG,,MagazineMountain_W,99.347,,Kessler_Mountain_W,0.588,,Sugar_Loaf_Mountains_W,0.065,,PorterMountain_W,0.001,,PryorMountain_W,0,,40.253,35.05,41.886,38.234,37.278,15, 0C11 - 1  1G13 - 1  G07 - 1  1F02 - 1  FIR031 - 1  GOT009 - 1  POR016 - 1  FIR013 - 1  FIR043 - 1  GOTO40 - 1  PIE039 - 1  FIR53 - 1  FIR048 - 1  PIE125 - 1  QpZAG9 - 1  , 
QAc-G-0017,/HBG,,MagazineMountain_W,99.984,,PorterMountain_W,0.015,,Sugar_Loaf_Mountains_W,0.001,,PryorMountain_W,0,,Kessler_Mountain_W,0,,32.122,28.309,34.185,33.589,34.471,15, 0C11 - 1  1G13 - 1  G07 - 1  1F02 - 1  FIR031 - 1  GOT009 - 1  POR016 - 1  FIR013 - 1  FIR043 - 1  GOTO40 - 1  PIE039 - 1  FIR53 - 1  FIR048 - 1  PIE125 - 1  QpZAG9 - 1  , 
QAc-G-0250,/Meis,,PorterMountain_W,66.576,,Kessler_Mountain_W,33.422,,MagazineMountain_W,0.002,,Sugar_Loaf_Mountains_W,0,,PryorMountain_W,0,,29.646,34.198,40.477,39.75,29.946,15, 0C11 - 1  1G13 - 1  G07 - 1  1F02 - 1  FIR031 - 1  GOT009 - 1  POR016 - 1  FIR013 - 1  FIR043 - 1  GOTO40 - 1  PIE039 - 1  FIR53 - 1  FIR048 - 1  PIE125 - 1  QpZAG9 - 1  , 
QAc-G-0003,/MBG,,MagazineMountain_W,67.404,,PorterMountain_W,18.705,,Kessler_Mountain_W,13.888,,Sugar_Loaf_Mountains_W,0.002,,PryorMountain_W,0,,28.683,28.126,36.576,32.57,28.812,14, 0C11 - 1  G07 - 1  1F02 - 1  FIR031 - 1  GOT009 - 1  POR016 - 1  FIR013 - 1  FIR043 - 1  GOTO40 - 1  PIE039 - 1  FIR53 - 1  FIR048 - 1  PIE125 - 1  QpZAG9 - 1  , 1G13 - 1  
QAc-G-0004,/MBG,,MagazineMountain_W,100,,PryorMountain_W,0,,Kessler_Mountain_W,0,,Sugar_Loaf_Mountains_W,0,,PorterMountain_W,0,,38.936,27.725,36.464,37.767,37.649,15, 0C11 - 1  1G13 - 1  G07 - 1  1F02 - 1  FIR031 - 1  GOT009 - 1  POR016 - 1  FIR013 - 1  FIR043 - 1  GOTO40 - 1  PIE039 - 1  FIR53 - 1  FIR048 - 1  PIE125 - 1  QpZAG9 - 1  , 
QAc-G-0005,/MBG,,MagazineMountain_W,99.999,,PorterMountain_W,0.001,,Kessler_Mountain_W,0,,Sugar_Loaf_Mountains_W,0,,PryorMountain_W,0,,39.477,34.196,42.657,42.551,39.914,15, 0C11 - 1  1G13 - 1  G07 - 1  1F02 - 1  FIR031 - 1  GOT009 - 1  POR016 - 1  FIR013 - 1  FIR043 - 1  GOTO40 - 1  PIE039 - 1  FIR53 - 1  FIR048 - 1  PIE125 - 1  QpZAG9 - 1  , 
QAc-G-0006,/MBG,,MagazineMountain_W,99.652,,Kessler_Mountain_W,0.348,,PryorMountain_W,0,,PorterMountain_W,0,,Sugar_Loaf_Mountains_W,0,,36.236,27.028,36.055,37.451,29.485,14, 0C11 - 1  1G13 - 1  G07 - 1  1F02 - 1  FIR031 - 1  GOT009 - 1  POR016 - 1  FIR013 - 1  GOTO40 - 1  PIE039 - 1  FIR53 - 1  FIR048 - 1  PIE125 - 1  QpZAG9 - 1  , FIR043 - 1  
QAc-G-0283,/Moore,,Kessler_Mountain_W,99.997,,Sugar_Loaf_Mountains_W,0.003,,MagazineMountain_W,0,,PryorMountain_W,0,,PorterMountain_W,0,,37.541,34.205,34.789,33.314,28.75,15, 0C11 - 1  1G13 - 1  G07 - 1  1F02 - 1  FIR031 - 1  GOT009 - 1  POR016 - 1  FIR013 - 1  FIR043 - 1  GOTO40 - 1  PIE039 - 1  FIR53 - 1  FIR048 - 1  PIE125 - 1  QpZAG9 - 1  , 
QAc-G-0265,/MA,,Sugar_Loaf_Mountains_W,50.21,,MagazineMountain_W,47.928,,PorterMountain_W,1.575,,Kessler_Mountain_W,0.287,,PryorMountain_W,0.001,,29.651,28.167,33.02,28.147,30.389,15, 0C11 - 1  1G13 - 1  G07 - 1  1F02 - 1  FIR031 - 1  GOT009 - 1  POR016 - 1  FIR013 - 1  FIR043 - 1  GOTO40 - 1  PIE039 - 1  FIR53 - 1  FIR048 - 1  PIE125 - 1  QpZAG9 - 1  , 
QAc-G-0266,/MA,,MagazineMountain_W,99.631,,PorterMountain_W,0.263,,Sugar_Loaf_Mountains_W,0.068,,Kessler_Mountain_W,0.032,,PryorMountain_W,0.006,,37.808,35.229,39.46,38.395,38.726,15, 0C11 - 1  1G13 - 1  G07 - 1  1F02 - 1  FIR031 - 1  GOT009 - 1  POR016 - 1  FIR013 - 1  FIR043 - 1  GOTO40 - 1  PIE039 - 1  FIR53 - 1  FIR048 - 1  PIE125 - 1  QpZAG9 - 1  , 
QAc-G-0267,/MA,,MagazineMountain_W,83.655,,Kessler_Mountain_W,12.641,,PorterMountain_W,3.704,,PryorMountain_W,0,,Sugar_Loaf_Mountains_W,0,,31.081,29.727,37.153,38.26,30.548,15, 0C11 - 1  1G13 - 1  G07 - 1  1F02 - 1  FIR031 - 1  GOT009 - 1  POR016 - 1  FIR013 - 1  FIR043 - 1  GOTO40 - 1  PIE039 - 1  FIR53 - 1  FIR048 - 1  PIE125 - 1  QpZAG9 - 1  , 
QAc-G-0268,/MA,,MagazineMountain_W,90.862,,PorterMountain_W,7.226,,Kessler_Mountain_W,1.912,,PryorMountain_W,0,,Sugar_Loaf_Mountains_W,0,,29.187,28.088,35.162,38.586,29.765,12, 0C11 - 1  G07 - 1  1F02 - 1  FIR031 - 1  GOT009 - 1  POR016 - 1  FIR043 - 1  GOTO40 - 1  PIE039 - 1  FIR53 - 1  FIR048 - 1  PIE125 - 1  , 1G13 - 1  FIR013 - 1  QpZAG9 - 1  
QAc-G-0269,/MA,,Kessler_Mountain_W,98.529,,MagazineMountain_W,1.464,,PorterMountain_W,0.007,,Sugar_Loaf_Mountains_W,0,,PryorMountain_W,0,,35.95,33.651,40.607,37.29,31.823,15, 0C11 - 1  1G13 - 1  G07 - 1  1F02 - 1  FIR031 - 1  GOT009 - 1  POR016 - 1  FIR013 - 1  FIR043 - 1  GOTO40 - 1  PIE039 - 1  FIR53 - 1  FIR048 - 1  PIE125 - 1  QpZAG9 - 1  , 
QAc-G-0270,/MA,,Kessler_Mountain_W,55.281,,PorterMountain_W,26.579,,Sugar_Loaf_Mountains_W,18.13,,MagazineMountain_W,0.011,,PryorMountain_W,0,,32.609,35.992,40.508,32.775,32.291,14, 0C11 - 1  1G13 - 1  G07 - 1  1F02 - 1  FIR031 - 1  GOT009 - 1  POR016 - 1  FIR013 - 1  FIR043 - 1  GOTO40 - 1  PIE039 - 1  FIR53 - 1  FIR048 - 1  QpZAG9 - 1  , PIE125 - 1  
QAc-G-0271,/MA,,PorterMountain_W,99.999,,Sugar_Loaf_Mountains_W,0.001,,MagazineMountain_W,0,,Kessler_Mountain_W,0,,PryorMountain_W,0,,29.403,34.911,36.584,34.428,36.411,15, 0C11 - 1  1G13 - 1  G07 - 1  1F02 - 1  FIR031 - 1  GOT009 - 1  POR016 - 1  FIR013 - 1  FIR043 - 1  GOTO40 - 1  PIE039 - 1  FIR53 - 1  FIR048 - 1  PIE125 - 1  QpZAG9 - 1  , 
QAc-G-0273,/MA,,PorterMountain_W,50.853,,MagazineMountain_W,49.142,,PryorMountain_W,0.005,,Sugar_Loaf_Mountains_W,0,,Kessler_Mountain_W,0,,32.778,32.793,36.778,38.244,39.081,15, 0C11 - 1  1G13 - 1  G07 - 1  1F02 - 1  FIR031 - 1  GOT009 - 1  POR016 - 1  FIR013 - 1  FIR043 - 1  GOTO40 - 1  PIE039 - 1  FIR53 - 1  FIR048 - 1  PIE125 - 1  QpZAG9 - 1  , 
QAc-G-0274,/MA,,MagazineMountain_W,88.291,,PorterMountain_W,11.709,,Kessler_Mountain_W,0,,Sugar_Loaf_Mountains_W,0,,PryorMountain_W,0,,35.067,34.189,43.1,42.082,39.689,15, 0C11 - 1  1G13 - 1  G07 - 1  1F02 - 1  FIR031 - 1  GOT009 - 1  POR016 - 1  FIR013 - 1  FIR043 - 1  GOTO40 - 1  PIE039 - 1  FIR53 - 1  FIR048 - 1  PIE125 - 1  QpZAG9 - 1  , 
QAc-G-0251,/Peckerwood,,Sugar_Loaf_Mountains_W,97.864,,Kessler_Mountain_W,1.726,,MagazineMountain_W,0.409,,PorterMountain_W,0,,PryorMountain_W,0,,34.892,31.963,40.94,29.584,31.337,14, 0C11 - 1  1G13 - 1  G07 - 1  1F02 - 1  FIR031 - 1  GOT009 - 1  POR016 - 1  FIR013 - 1  FIR043 - 1  GOTO40 - 1  PIE039 - 1  FIR53 - 1  FIR048 - 1  QpZAG9 - 1  , PIE125 - 1  
QAc-G-0252,/Peckerwood,,Kessler_Mountain_W,98.669,,PorterMountain_W,0.765,,Sugar_Loaf_Mountains_W,0.566,,MagazineMountain_W,0,,PryorMountain_W,0,,31.664,35.228,38.607,31.795,29.554,15, 0C11 - 1  1G13 - 1  G07 - 1  1F02 - 1  FIR031 - 1  GOT009 - 1  POR016 - 1  FIR013 - 1  FIR043 - 1  GOTO40 - 1  PIE039 - 1  FIR53 - 1  FIR048 - 1  PIE125 - 1  QpZAG9 - 1  , 
QAc-G-0253,/Peckerwood,,Kessler_Mountain_W,89.552,,MagazineMountain_W,10.443,,PryorMountain_W,0.004,,PorterMountain_W,0.002,,Sugar_Loaf_Mountains_W,0,,41.599,37.773,41.243,43.56,36.84,15, 0C11 - 1  1G13 - 1  G07 - 1  1F02 - 1  FIR031 - 1  GOT009 - 1  POR016 - 1  FIR013 - 1  FIR043 - 1  GOTO40 - 1  PIE039 - 1  FIR53 - 1  FIR048 - 1  PIE125 - 1  QpZAG9 - 1  , 
QAc-G-0254,/Peckerwood,,PorterMountain_W,91.801,,MagazineMountain_W,7.214,,PryorMountain_W,0.703,,Sugar_Loaf_Mountains_W,0.175,,Kessler_Mountain_W,0.107,,36.778,37.883,38.894,39.498,39.711,15, 0C11 - 1  1G13 - 1  G07 - 1  1F02 - 1  FIR031 - 1  GOT009 - 1  POR016 - 1  FIR013 - 1  FIR043 - 1  GOTO40 - 1  PIE039 - 1  FIR53 - 1  FIR048 - 1  PIE125 - 1  QpZAG9 - 1  , 
QAc-G-0255,/Peckerwood,,PorterMountain_W,71.302,,MagazineMountain_W,14.829,,PryorMountain_W,12.422,,Sugar_Loaf_Mountains_W,1.188,,Kessler_Mountain_W,0.259,,32.619,33.301,33.378,34.397,35.058,15, 0C11 - 1  1G13 - 1  G07 - 1  1F02 - 1  FIR031 - 1  GOT009 - 1  POR016 - 1  FIR013 - 1  FIR043 - 1  GOTO40 - 1  PIE039 - 1  FIR53 - 1  FIR048 - 1  PIE125 - 1  QpZAG9 - 1  , 
QAc-G-0256,/Peckerwood,,MagazineMountain_W,99.988,,PorterMountain_W,0.011,,PryorMountain_W,0.001,,Sugar_Loaf_Mountains_W,0,,Kessler_Mountain_W,0,,36.236,32.286,37.535,37.794,39.169,15, 0C11 - 1  1G13 - 1  G07 - 1  1F02 - 1  FIR031 - 1  GOT009 - 1  POR016 - 1  FIR013 - 1  FIR043 - 1  GOTO40 - 1  PIE039 - 1  FIR53 - 1  FIR048 - 1  PIE125 - 1  QpZAG9 - 1  , 
QAc-G-0257,/Peckerwood,,MagazineMountain_W,99.999,,Sugar_Loaf_Mountains_W,0,,Kessler_Mountain_W,0,,PorterMountain_W,0,,PryorMountain_W,0,,38.966,31.593,40.576,36.957,37.778,15, 0C11 - 1  1G13 - 1  G07 - 1  1F02 - 1  FIR031 - 1  GOT009 - 1  POR016 - 1  FIR013 - 1  FIR043 - 1  GOTO40 - 1  PIE039 - 1  FIR53 - 1  FIR048 - 1  PIE125 - 1  QpZAG9 - 1  , 
QAc-G-0259,/Peckerwood,,Kessler_Mountain_W,100,,Sugar_Loaf_Mountains_W,0,,PryorMountain_W,0,,MagazineMountain_W,0,,PorterMountain_W,0,,44.568,44.443,42.234,41.223,34.079,15, 0C11 - 1  1G13 - 1  G07 - 1  1F02 - 1  FIR031 - 1  GOT009 - 1  POR016 - 1  FIR013 - 1  FIR043 - 1  GOTO40 - 1  PIE039 - 1  FIR53 - 1  FIR048 - 1  PIE125 - 1  QpZAG9 - 1  , 
QAc-G-0260,/Peckerwood,,Kessler_Mountain_W,99.99,,PorterMountain_W,0.007,,MagazineMountain_W,0.003,,PryorMountain_W,0,,Sugar_Loaf_Mountains_W,0,,37.711,38.141,39.022,41.211,33.553,15, 0C11 - 1  1G13 - 1  G07 - 1  1F02 - 1  FIR031 - 1  GOT009 - 1  POR016 - 1  FIR013 - 1  FIR043 - 1  GOTO40 - 1  PIE039 - 1  FIR53 - 1  FIR048 - 1  PIE125 - 1  QpZAG9 - 1  , 
QAc-G-0261,/Peckerwood,,MagazineMountain_W,99.999,,PorterMountain_W,0.001,,Kessler_Mountain_W,0,,PryorMountain_W,0,,Sugar_Loaf_Mountains_W,0,,40.627,35.45,45.281,45.905,42.668,15, 0C11 - 1  1G13 - 1  G07 - 1  1F02 - 1  FIR031 - 1  GOT009 - 1  POR016 - 1  FIR013 - 1  FIR043 - 1  GOTO40 - 1  PIE039 - 1  FIR53 - 1  FIR048 - 1  PIE125 - 1  QpZAG9 - 1  , 
QAc-G-0010,/TMA,,MagazineMountain_W,93.068,,Kessler_Mountain_W,6.706,,PorterMountain_W,0.137,,Sugar_Loaf_Mountains_W,0.089,,PryorMountain_W,0,,33.723,30.891,37.083,33.908,32.034,15, 0C11 - 1  1G13 - 1  G07 - 1  1F02 - 1  FIR031 - 1  GOT009 - 1  POR016 - 1  FIR013 - 1  FIR043 - 1  GOTO40 - 1  PIE039 - 1  FIR53 - 1  FIR048 - 1  PIE125 - 1  QpZAG9 - 1  , 
QAc-G-0011,/TMA,,Kessler_Mountain_W,98.565,,Sugar_Loaf_Mountains_W,1.131,,PorterMountain_W,0.2,,MagazineMountain_W,0.085,,PryorMountain_W,0.019,,39.945,40.314,40.976,39.192,37.252,15, 0C11 - 1  1G13 - 1  G07 - 1  1F02 - 1  FIR031 - 1  GOT009 - 1  POR016 - 1  FIR013 - 1  FIR043 - 1  GOTO40 - 1  PIE039 - 1  FIR53 - 1  FIR048 - 1  PIE125 - 1  QpZAG9 - 1  , 
QAc-G-0015,/TMA,,MagazineMountain_W,60.827,,Sugar_Loaf_Mountains_W,38.887,,PorterMountain_W,0.281,,PryorMountain_W,0.005,,Kessler_Mountain_W,0,,35.169,32.835,36.947,33.029,38.879,15, 0C11 - 1  1G13 - 1  G07 - 1  1F02 - 1  FIR031 - 1  GOT009 - 1  POR016 - 1  FIR013 - 1  FIR043 - 1  GOTO40 - 1  PIE039 - 1  FIR53 - 1  FIR048 - 1  PIE125 - 1  QpZAG9 - 1  , 
QAc-G-0106,/TMA,,MagazineMountain_W,92.514,,Kessler_Mountain_W,7.417,,PorterMountain_W,0.069,,PryorMountain_W,0,,Sugar_Loaf_Mountains_W,0,,38.444,35.314,40.787,41.954,36.41,15, 0C11 - 1  1G13 - 1  G07 - 1  1F02 - 1  FIR031 - 1  GOT009 - 1  POR016 - 1  FIR013 - 1  FIR043 - 1  GOTO40 - 1  PIE039 - 1  FIR53 - 1  FIR048 - 1  PIE125 - 1  QpZAG9 - 1  , 
QAc-G-0109,/TMA,,MagazineMountain_W,100,,Sugar_Loaf_Mountains_W,0,,PryorMountain_W,0,,PorterMountain_W,0,,Kessler_Mountain_W,0,,38.068,28.051,37.405,35.933,39.241,15, 0C11 - 1  1G13 - 1  G07 - 1  1F02 - 1  FIR031 - 1  GOT009 - 1  POR016 - 1  FIR013 - 1  FIR043 - 1  GOTO40 - 1  PIE039 - 1  FIR53 - 1  FIR048 - 1  PIE125 - 1  QpZAG9 - 1  , 
QAc-G-0111,/TMA,,MagazineMountain_W,100,,Kessler_Mountain_W,0,,PryorMountain_W,0,,PorterMountain_W,0,,Sugar_Loaf_Mountains_W,0,,38.424,30.059,37.482,38.599,36.184,15, 0C11 - 1  1G13 - 1  G07 - 1  1F02 - 1  FIR031 - 1  GOT009 - 1  POR016 - 1  FIR013 - 1  FIR043 - 1  GOTO40 - 1  PIE039 - 1  FIR53 - 1  FIR048 - 1  PIE125 - 1  QpZAG9 - 1  , 
QAc-G-0114,/TMA,,MagazineMountain_W,100,,Kessler_Mountain_W,0,,PryorMountain_W,0,,PorterMountain_W,0,,Sugar_Loaf_Mountains_W,0,,37.869,26.385,36.476,38.972,35.222,15, 0C11 - 1  1G13 - 1  G07 - 1  1F02 - 1  FIR031 - 1  GOT009 - 1  POR016 - 1  FIR013 - 1  FIR043 - 1  GOTO40 - 1  PIE039 - 1  FIR53 - 1  FIR048 - 1  PIE125 - 1  QpZAG9 - 1  , 
QAc-G-0115,/TMA,,MagazineMountain_W,99.996,,PryorMountain_W,0.004,,Kessler_Mountain_W,0,,PorterMountain_W,0,,Sugar_Loaf_Mountains_W,0,,42.976,33.94,38.39,43.437,39.895,15, 0C11 - 1  1G13 - 1  G07 - 1  1F02 - 1  FIR031 - 1  GOT009 - 1  POR016 - 1  FIR013 - 1  FIR043 - 1  GOTO40 - 1  PIE039 - 1  FIR53 - 1  FIR048 - 1  PIE125 - 1  QpZAG9 - 1  , 
QAc-G-0117,/TMA,,PorterMountain_W,54.989,,MagazineMountain_W,45.011,,Sugar_Loaf_Mountains_W,0,,Kessler_Mountain_W,0,,PryorMountain_W,0,,26.985,27.072,39.293,32.597,35.619,15, 0C11 - 1  1G13 - 1  G07 - 1  1F02 - 1  FIR031 - 1  GOT009 - 1  POR016 - 1  FIR013 - 1  FIR043 - 1  GOTO40 - 1  PIE039 - 1  FIR53 - 1  FIR048 - 1  PIE125 - 1  QpZAG9 - 1  , 
QAc-G-0120,/TMA,,MagazineMountain_W,89.584,,PorterMountain_W,9.395,,Sugar_Loaf_Mountains_W,0.855,,Kessler_Mountain_W,0.167,,PryorMountain_W,0,,32.981,32.002,39.17,34.022,34.732,15, 0C11 - 1  1G13 - 1  G07 - 1  1F02 - 1  FIR031 - 1  GOT009 - 1  POR016 - 1  FIR013 - 1  FIR043 - 1  GOTO40 - 1  PIE039 - 1  FIR53 - 1  FIR048 - 1  PIE125 - 1  QpZAG9 - 1  , 
QAc-G-0121,/TMA,,MagazineMountain_W,99.999,,PorterMountain_W,0.001,,PryorMountain_W,0,,Kessler_Mountain_W,0,,Sugar_Loaf_Mountains_W,0,,36.114,31.043,37.515,40.153,37.852,15, 0C11 - 1  1G13 - 1  G07 - 1  1F02 - 1  FIR031 - 1  GOT009 - 1  POR016 - 1  FIR013 - 1  FIR043 - 1  GOTO40 - 1  PIE039 - 1  FIR53 - 1  FIR048 - 1  PIE125 - 1  QpZAG9 - 1  , 
QAc-G-0122,/TMA,,PorterMountain_W,96.27,,MagazineMountain_W,3.722,,Kessler_Mountain_W,0.008,,PryorMountain_W,0,,Sugar_Loaf_Mountains_W,0,,29.48,30.892,36.773,38.483,33.575,15, 0C11 - 1  1G13 - 1  G07 - 1  1F02 - 1  FIR031 - 1  GOT009 - 1  POR016 - 1  FIR013 - 1  FIR043 - 1  GOTO40 - 1  PIE039 - 1  FIR53 - 1  FIR048 - 1  PIE125 - 1  QpZAG9 - 1  , 
QAc-G-0125,/TMA,,MagazineMountain_W,100,,PryorMountain_W,0,,PorterMountain_W,0,,Kessler_Mountain_W,0,,Sugar_Loaf_Mountains_W,0,,36.538,29.545,36.183,42.18,37.725,15, 0C11 - 1  1G13 - 1  G07 - 1  1F02 - 1  FIR031 - 1  GOT009 - 1  POR016 - 1  FIR013 - 1  FIR043 - 1  GOTO40 - 1  PIE039 - 1  FIR53 - 1  FIR048 - 1  PIE125 - 1  QpZAG9 - 1  , 
QAc-G-0126,/TMA,,MagazineMountain_W,99.964,,PorterMountain_W,0.036,,Kessler_Mountain_W,0,,PryorMountain_W,0,,Sugar_Loaf_Mountains_W,0,,32.431,28.99,38.033,38.683,36.469,15, 0C11 - 1  1G13 - 1  G07 - 1  1F02 - 1  FIR031 - 1  GOT009 - 1  POR016 - 1  FIR013 - 1  FIR043 - 1  GOTO40 - 1  PIE039 - 1  FIR53 - 1  FIR048 - 1  PIE125 - 1  QpZAG9 - 1  , 
QAc-G-0127,/TMA,,PorterMountain_W,74.458,,MagazineMountain_W,25.542,,Kessler_Mountain_W,0,,PryorMountain_W,0,,Sugar_Loaf_Mountains_W,0,,34.121,34.586,41.707,42.438,41.401,15, 0C11 - 1  1G13 - 1  G07 - 1  1F02 - 1  FIR031 - 1  GOT009 - 1  POR016 - 1  FIR013 - 1  FIR043 - 1  GOTO40 - 1  PIE039 - 1  FIR53 - 1  FIR048 - 1  PIE125 - 1  QpZAG9 - 1  , 
QAc-G-0137,/TMA,,MagazineMountain_W,100,,PorterMountain_W,0,,PryorMountain_W,0,,Kessler_Mountain_W,0,,Sugar_Loaf_Mountains_W,0,,35.6,24.342,35.91,38.196,35.972,15, 0C11 - 1  1G13 - 1  G07 - 1  1F02 - 1  FIR031 - 1  GOT009 - 1  POR016 - 1  FIR013 - 1  FIR043 - 1  GOTO40 - 1  PIE039 - 1  FIR53 - 1  FIR048 - 1  PIE125 - 1  QpZAG9 - 1  , 
QAc-G-0141,/TMA,,Kessler_Mountain_W,92.662,,Sugar_Loaf_Mountains_W,6.828,,PorterMountain_W,0.51,,PryorMountain_W,0,,MagazineMountain_W,0,,34.581,39.818,38.949,33.454,32.322,15, 0C11 - 1  1G13 - 1  G07 - 1  1F02 - 1  FIR031 - 1  GOT009 - 1  POR016 - 1  FIR013 - 1  FIR043 - 1  GOTO40 - 1  PIE039 - 1  FIR53 - 1  FIR048 - 1  PIE125 - 1  QpZAG9 - 1  , 
QAc-G-0143,/TMA,,Kessler_Mountain_W,77.559,,PorterMountain_W,18.382,,Sugar_Loaf_Mountains_W,3.184,,MagazineMountain_W,0.839,,PryorMountain_W,0.037,,38.879,40.219,41.576,39.64,38.253,15, 0C11 - 1  1G13 - 1  G07 - 1  1F02 - 1  FIR031 - 1  GOT009 - 1  POR016 - 1  FIR013 - 1  FIR043 - 1  GOTO40 - 1  PIE039 - 1  FIR53 - 1  FIR048 - 1  PIE125 - 1  QpZAG9 - 1  , 
QAc-G-0145,/TMA,,Kessler_Mountain_W,99.405,,PorterMountain_W,0.319,,MagazineMountain_W,0.273,,Sugar_Loaf_Mountains_W,0.003,,PryorMountain_W,0,,32.71,32.779,38.178,34.778,30.217,15, 0C11 - 1  1G13 - 1  G07 - 1  1F02 - 1  FIR031 - 1  GOT009 - 1  POR016 - 1  FIR013 - 1  FIR043 - 1  GOTO40 - 1  PIE039 - 1  FIR53 - 1  FIR048 - 1  PIE125 - 1  QpZAG9 - 1  , 
QAc-G-0147,/TMA,,Sugar_Loaf_Mountains_W,99.842,,MagazineMountain_W,0.154,,PorterMountain_W,0.003,,Kessler_Mountain_W,0.001,,PryorMountain_W,0,,29.996,28.325,36.367,25.513,30.555,15, 0C11 - 1  1G13 - 1  G07 - 1  1F02 - 1  FIR031 - 1  GOT009 - 1  POR016 - 1  FIR013 - 1  FIR043 - 1  GOTO40 - 1  PIE039 - 1  FIR53 - 1  FIR048 - 1  PIE125 - 1  QpZAG9 - 1  , 
QAc-G-0148,/TMA,,MagazineMountain_W,83.632,,Kessler_Mountain_W,15.145,,PorterMountain_W,1.222,,Sugar_Loaf_Mountains_W,0,,PryorMountain_W,0,,33.649,31.814,40.976,37.156,32.556,15, 0C11 - 1  1G13 - 1  G07 - 1  1F02 - 1  FIR031 - 1  GOT009 - 1  POR016 - 1  FIR013 - 1  FIR043 - 1  GOTO40 - 1  PIE039 - 1  FIR53 - 1  FIR048 - 1  PIE125 - 1  QpZAG9 - 1  , 
QAc-G-0150,/TMA,,Kessler_Mountain_W,54.261,,MagazineMountain_W,44.308,,PorterMountain_W,1.391,,PryorMountain_W,0.02,,Sugar_Loaf_Mountains_W,0.02,,34.534,33.031,36.368,36.387,32.943,15, 0C11 - 1  1G13 - 1  G07 - 1  1F02 - 1  FIR031 - 1  GOT009 - 1  POR016 - 1  FIR013 - 1  FIR043 - 1  GOTO40 - 1  PIE039 - 1  FIR53 - 1  FIR048 - 1  PIE125 - 1  QpZAG9 - 1  , 
QAc-G-0162,/TMA,,Kessler_Mountain_W,99.986,,PorterMountain_W,0.007,,MagazineMountain_W,0.007,,Sugar_Loaf_Mountains_W,0,,PryorMountain_W,0,,32.766,32.807,41.096,34.58,28.624,15, 0C11 - 1  1G13 - 1  G07 - 1  1F02 - 1  FIR031 - 1  GOT009 - 1  POR016 - 1  FIR013 - 1  FIR043 - 1  GOTO40 - 1  PIE039 - 1  FIR53 - 1  FIR048 - 1  PIE125 - 1  QpZAG9 - 1  , 
QAc-G-0165,/TMA,,MagazineMountain_W,92.588,,Kessler_Mountain_W,6.097,,Sugar_Loaf_Mountains_W,1.061,,PorterMountain_W,0.254,,PryorMountain_W,0,,34.347,31.785,39.458,33.726,32.966,15, 0C11 - 1  1G13 - 1  G07 - 1  1F02 - 1  FIR031 - 1  GOT009 - 1  POR016 - 1  FIR013 - 1  FIR043 - 1  GOTO40 - 1  PIE039 - 1  FIR53 - 1  FIR048 - 1  PIE125 - 1  QpZAG9 - 1  , 
QAc-G-0167,/TMA,,Kessler_Mountain_W,99.909,,PorterMountain_W,0.062,,MagazineMountain_W,0.028,,Sugar_Loaf_Mountains_W,0,,PryorMountain_W,0,,33.171,33.513,40.514,36.164,29.967,15, 0C11 - 1  1G13 - 1  G07 - 1  1F02 - 1  FIR031 - 1  GOT009 - 1  POR016 - 1  FIR013 - 1  FIR043 - 1  GOTO40 - 1  PIE039 - 1  FIR53 - 1  FIR048 - 1  PIE125 - 1  QpZAG9 - 1  , 
QAc-G-0174,/TMA,,MagazineMountain_W,96.585,,PorterMountain_W,3.414,,Kessler_Mountain_W,0.002,,Sugar_Loaf_Mountains_W,0,,PryorMountain_W,0,,30.156,28.704,36.885,36.573,33.453,15, 0C11 - 1  1G13 - 1  G07 - 1  1F02 - 1  FIR031 - 1  GOT009 - 1  POR016 - 1  FIR013 - 1  FIR043 - 1  GOTO40 - 1  PIE039 - 1  FIR53 - 1  FIR048 - 1  PIE125 - 1  QpZAG9 - 1  , 
QAc-G-0188,/TMA,,PorterMountain_W,38.854,,Sugar_Loaf_Mountains_W,34.405,,Kessler_Mountain_W,26.709,,MagazineMountain_W,0.033,,PryorMountain_W,0,,35.865,38.942,43.026,35.918,36.028,15, 0C11 - 1  1G13 - 1  G07 - 1  1F02 - 1  FIR031 - 1  GOT009 - 1  POR016 - 1  FIR013 - 1  FIR043 - 1  GOTO40 - 1  PIE039 - 1  FIR53 - 1  FIR048 - 1  PIE125 - 1  QpZAG9 - 1  , 
QAc-G-0207,/TMA,,MagazineMountain_W,95.749,,PorterMountain_W,4.171,,PryorMountain_W,0.047,,Kessler_Mountain_W,0.033,,Sugar_Loaf_Mountains_W,0,,35.61,34.249,37.561,41.17,37.712,15, 0C11 - 1  1G13 - 1  G07 - 1  1F02 - 1  FIR031 - 1  GOT009 - 1  POR016 - 1  FIR013 - 1  FIR043 - 1  GOTO40 - 1  PIE039 - 1  FIR53 - 1  FIR048 - 1  PIE125 - 1  QpZAG9 - 1  , 
QAc-G-0213,/TMA,,Kessler_Mountain_W,98.038,,PryorMountain_W,1.903,,MagazineMountain_W,0.058,,PorterMountain_W,0,,Sugar_Loaf_Mountains_W,0,,38.799,36.588,35.072,39.393,33.361,15, 0C11 - 1  1G13 - 1  G07 - 1  1F02 - 1  FIR031 - 1  GOT009 - 1  POR016 - 1  FIR013 - 1  FIR043 - 1  GOTO40 - 1  PIE039 - 1  FIR53 - 1  FIR048 - 1  PIE125 - 1  QpZAG9 - 1  , 
QAc-G-0216,/TMA,,MagazineMountain_W,99.996,,Kessler_Mountain_W,0.003,,PorterMountain_W,0.001,,PryorMountain_W,0,,Sugar_Loaf_Mountains_W,0,,32.786,27.928,34.737,34.907,32.482,15, 0C11 - 1  1G13 - 1  G07 - 1  1F02 - 1  FIR031 - 1  GOT009 - 1  POR016 - 1  FIR013 - 1  FIR043 - 1  GOTO40 - 1  PIE039 - 1  FIR53 - 1  FIR048 - 1  PIE125 - 1  QpZAG9 - 1  , 
QAc-G-0217,/TMA,,Sugar_Loaf_Mountains_W,56.66,,PryorMountain_W,43.299,,MagazineMountain_W,0.028,,PorterMountain_W,0.013,,Kessler_Mountain_W,0,,38.256,37.926,34.741,34.624,39.952,15, 0C11 - 1  1G13 - 1  G07 - 1  1F02 - 1  FIR031 - 1  GOT009 - 1  POR016 - 1  FIR013 - 1  FIR043 - 1  GOTO40 - 1  PIE039 - 1  FIR53 - 1  FIR048 - 1  PIE125 - 1  QpZAG9 - 1  , 
QAc-G-0227,/TMA,,Kessler_Mountain_W,54.22,,MagazineMountain_W,44.83,,PorterMountain_W,0.894,,Sugar_Loaf_Mountains_W,0.055,,PryorMountain_W,0,,36.978,35.278,41.625,38.187,35.195,15, 0C11 - 1  1G13 - 1  G07 - 1  1F02 - 1  FIR031 - 1  GOT009 - 1  POR016 - 1  FIR013 - 1  FIR043 - 1  GOTO40 - 1  PIE039 - 1  FIR53 - 1  FIR048 - 1  PIE125 - 1  QpZAG9 - 1  , 
QAc-G-0228,/TMA,,Kessler_Mountain_W,99.969,,Sugar_Loaf_Mountains_W,0.027,,PorterMountain_W,0.005,,MagazineMountain_W,0,,PryorMountain_W,0,,32.201,34.784,40.398,31.439,27.863,14, 0C11 - 1  1G13 - 1  G07 - 1  1F02 - 1  FIR031 - 1  GOT009 - 1  POR016 - 1  FIR043 - 1  GOTO40 - 1  PIE039 - 1  FIR53 - 1  FIR048 - 1  PIE125 - 1  QpZAG9 - 1  , FIR013 - 1  
QAc-G-0229,/TMA,,PorterMountain_W,99.792,,Kessler_Mountain_W,0.148,,Sugar_Loaf_Mountains_W,0.046,,MagazineMountain_W,0.015,,PryorMountain_W,0,,29.481,33.308,36.809,32.819,32.311,15, 0C11 - 1  1G13 - 1  G07 - 1  1F02 - 1  FIR031 - 1  GOT009 - 1  POR016 - 1  FIR013 - 1  FIR043 - 1  GOTO40 - 1  PIE039 - 1  FIR53 - 1  FIR048 - 1  PIE125 - 1  QpZAG9 - 1  , 
QAc-G-0230,/TMA,,PorterMountain_W,99.713,,Kessler_Mountain_W,0.275,,Sugar_Loaf_Mountains_W,0.007,,MagazineMountain_W,0.006,,PryorMountain_W,0,,28.189,32.422,34.008,32.348,30.749,15, 0C11 - 1  1G13 - 1  G07 - 1  1F02 - 1  FIR031 - 1  GOT009 - 1  POR016 - 1  FIR013 - 1  FIR043 - 1  GOTO40 - 1  PIE039 - 1  FIR53 - 1  FIR048 - 1  PIE125 - 1  QpZAG9 - 1  , 
QAc-G-0232,/TMA,,PorterMountain_W,95.288,,Kessler_Mountain_W,4.709,,Sugar_Loaf_Mountains_W,0.003,,MagazineMountain_W,0,,PryorMountain_W,0,,33.753,40.531,42.055,38.261,35.059,15, 0C11 - 1  1G13 - 1  G07 - 1  1F02 - 1  FIR031 - 1  GOT009 - 1  POR016 - 1  FIR013 - 1  FIR043 - 1  GOTO40 - 1  PIE039 - 1  FIR53 - 1  FIR048 - 1  PIE125 - 1  QpZAG9 - 1  , 
QAc-G-0233,/TMA,,Kessler_Mountain_W,97.674,,PryorMountain_W,2.323,,PorterMountain_W,0.002,,MagazineMountain_W,0.001,,Sugar_Loaf_Mountains_W,0,,38.971,39.343,35.897,39.598,34.273,15, 0C11 - 1  1G13 - 1  G07 - 1  1F02 - 1  FIR031 - 1  GOT009 - 1  POR016 - 1  FIR013 - 1  FIR043 - 1  GOTO40 - 1  PIE039 - 1  FIR53 - 1  FIR048 - 1  PIE125 - 1  QpZAG9 - 1  , 
QAc-G-0234,/TMA,,PorterMountain_W,86.518,,Kessler_Mountain_W,13.478,,Sugar_Loaf_Mountains_W,0.003,,MagazineMountain_W,0,,PryorMountain_W,0,,29.37,36.938,38.071,33.775,30.177,15, 0C11 - 1  1G13 - 1  G07 - 1  1F02 - 1  FIR031 - 1  GOT009 - 1  POR016 - 1  FIR013 - 1  FIR043 - 1  GOTO40 - 1  PIE039 - 1  FIR53 - 1  FIR048 - 1  PIE125 - 1  QpZAG9 - 1  , 
QAc-G-0236,/TMA,,Kessler_Mountain_W,99.922,,MagazineMountain_W,0.066,,PorterMountain_W,0.011,,Sugar_Loaf_Mountains_W,0.001,,PryorMountain_W,0,,32.145,31.365,39.039,33.124,28.184,15, 0C11 - 1  1G13 - 1  G07 - 1  1F02 - 1  FIR031 - 1  GOT009 - 1  POR016 - 1  FIR013 - 1  FIR043 - 1  GOTO40 - 1  PIE039 - 1  FIR53 - 1  FIR048 - 1  PIE125 - 1  QpZAG9 - 1  , 
QAc-G-0237,/TMA,,PorterMountain_W,53.847,,Sugar_Loaf_Mountains_W,45.464,,Kessler_Mountain_W,0.683,,MagazineMountain_W,0.006,,PryorMountain_W,0,,30.493,34.462,36.471,30.567,32.39,15, 0C11 - 1  1G13 - 1  G07 - 1  1F02 - 1  FIR031 - 1  GOT009 - 1  POR016 - 1  FIR013 - 1  FIR043 - 1  GOTO40 - 1  PIE039 - 1  FIR53 - 1  FIR048 - 1  PIE125 - 1  QpZAG9 - 1  , 
QAc-G-0241,/TMA,,PorterMountain_W,78.958,,MagazineMountain_W,16.507,,Sugar_Loaf_Mountains_W,4.511,,Kessler_Mountain_W,0.023,,PryorMountain_W,0.001,,32.939,33.619,37.939,34.183,36.471,15, 0C11 - 1  1G13 - 1  G07 - 1  1F02 - 1  FIR031 - 1  GOT009 - 1  POR016 - 1  FIR013 - 1  FIR043 - 1  GOTO40 - 1  PIE039 - 1  FIR53 - 1  FIR048 - 1  PIE125 - 1  QpZAG9 - 1  , 
QAc-G-0243,/TMA,,PorterMountain_W,92.631,,Kessler_Mountain_W,7.363,,Sugar_Loaf_Mountains_W,0.003,,MagazineMountain_W,0.003,,PryorMountain_W,0,,30.346,34.875,37.165,34.796,31.445,15, 0C11 - 1  1G13 - 1  G07 - 1  1F02 - 1  FIR031 - 1  GOT009 - 1  POR016 - 1  FIR013 - 1  FIR043 - 1  GOTO40 - 1  PIE039 - 1  FIR53 - 1  FIR048 - 1  PIE125 - 1  QpZAG9 - 1  , 
QAc-G-0248,/TMA,,Kessler_Mountain_W,99.9,,PorterMountain_W,0.076,,MagazineMountain_W,0.015,,Sugar_Loaf_Mountains_W,0.01,,PryorMountain_W,0,,32.956,33.667,38.488,33.857,29.837,15, 0C11 - 1  1G13 - 1  G07 - 1  1F02 - 1  FIR031 - 1  GOT009 - 1  POR016 - 1  FIR013 - 1  FIR043 - 1  GOTO40 - 1  PIE039 - 1  FIR53 - 1  FIR048 - 1  PIE125 - 1  QpZAG9 - 1  , 
QAc-G-0249,/Trompenburg,,PorterMountain_W,76.348,,Kessler_Mountain_W,12.662,,Sugar_Loaf_Mountains_W,10.151,,MagazineMountain_W,0.828,,PryorMountain_W,0.012,,31.768,33.733,35.564,32.644,32.548,15, 0C11 - 1  1G13 - 1  G07 - 1  1F02 - 1  FIR031 - 1  GOT009 - 1  POR016 - 1  FIR013 - 1  FIR043 - 1  GOTO40 - 1  PIE039 - 1  FIR53 - 1  FIR048 - 1  PIE125 - 1  QpZAG9 - 1  , 
QAc-G-0025,/USNA,,MagazineMountain_W,99.241,,Sugar_Loaf_Mountains_W,0.432,,PryorMountain_W,0.185,,PorterMountain_W,0.111,,Kessler_Mountain_W,0.032,,38.95,35.997,38.726,38.358,39.495,15, 0C11 - 1  1G13 - 1  G07 - 1  1F02 - 1  FIR031 - 1  GOT009 - 1  POR016 - 1  FIR013 - 1  FIR043 - 1  GOTO40 - 1  PIE039 - 1  FIR53 - 1  FIR048 - 1  PIE125 - 1  QpZAG9 - 1  , 
QAc-G-0028,/USNA,,PorterMountain_W,53.184,,Kessler_Mountain_W,45.749,,Sugar_Loaf_Mountains_W,1.054,,PryorMountain_W,0.013,,MagazineMountain_W,0,,35.007,43.072,38.61,36.709,35.072,15, 0C11 - 1  1G13 - 1  G07 - 1  1F02 - 1  FIR031 - 1  GOT009 - 1  POR016 - 1  FIR013 - 1  FIR043 - 1  GOTO40 - 1  PIE039 - 1  FIR53 - 1  FIR048 - 1  PIE125 - 1  QpZAG9 - 1  , 
QAc-G-0275,Kessler_Mountain_W,,90.24,,PryorMountain_W,5.821,,MagazineMountain_W,3.849,,PorterMountain_W,0.09,,Sugar_Loaf_Mountains_W,0,,38.744,37.113,36.933,44.819,35.743,15, 0C11 - 1  1G13 - 1  G07 - 1  1F02 - 1  FIR031 - 1  GOT009 - 1  POR016 - 1  FIR013 - 1  FIR043 - 1  GOTO40 - 1  PIE039 - 1  FIR53 - 1  FIR048 - 1  PIE125 - 1  QpZAG9 - 1  , ,
QAc-G-0263,MagazineMountain_W,,82.504,,Sugar_Loaf_Mountains_W,14.871,,Kessler_Mountain_W,1.889,,PorterMountain_W,0.737,,PryorMountain_W,0,,35.044,32.995,43.026,33.739,34.635,15, 0C11 - 1  1G13 - 1  G07 - 1  1F02 - 1  FIR031 - 1  GOT009 - 1  POR016 - 1  FIR013 - 1  FIR043 - 1  GOTO40 - 1  PIE039 - 1  FIR53 - 1  FIR048 - 1  PIE125 - 1  QpZAG9 - 1  , ,
/UWBG,,,,,,,,,,,,,,,,,,,,,,,,,
/Plze?,,,,,,,,,,,,,,,,,,,,,,,,,
