Ind,Garden,Sampled From,#1,,,,,,,,,,,,,,,,,,,,,,
QAc-G-0029,/AP,summit of Pryor Mtn,Kessler,99.818,,Magazine,0.181,,Porter,0.001,,Pryor,0,,SL,0,,45.971,43.644,46.567,51.328,40.901,15, 0C11 - 1  1G13 - 1  G07 - 1  1F02 - 1  FIR031 - 1  GOT009 - 1  POR016 - 1  FIR013 - 1  FIR043 - 1  GOTO40 - 1  PIE039 - 1  FIR53 - 1  FIR048 - 1  PIE125 - 1  QpZAG9 - 1  , 
QAc-G-0030,/AP,summit of Pryor Mtn,Pryor,99.918,,Kessler,0.075,,Magazine,0.007,,Porter,0,,SL,0,,41.097,39.147,34.989,45.099,38.113,15, 0C11 - 1  1G13 - 1  G07 - 1  1F02 - 1  FIR031 - 1  GOT009 - 1  POR016 - 1  FIR013 - 1  FIR043 - 1  GOTO40 - 1  PIE039 - 1  FIR53 - 1  FIR048 - 1  PIE125 - 1  QpZAG9 - 1  , 
QAc-G-0031,/AP,summit of Pryor Mtn,Kessler,64.277,,Pryor,35.689,,Porter,0.023,,Magazine,0.01,,SL,0,,40.749,41.104,37.559,46.858,37.303,15, 0C11 - 1  1G13 - 1  G07 - 1  1F02 - 1  FIR031 - 1  GOT009 - 1  POR016 - 1  FIR013 - 1  FIR043 - 1  GOTO40 - 1  PIE039 - 1  FIR53 - 1  FIR048 - 1  PIE125 - 1  QpZAG9 - 1  , 
QAc-G-0061,/Arnold,S side of Pryor mtn. ,Kessler,99.995,,Magazine,0.003,,Pryor,0.002,,Porter,0,,SL,0,,48.789,45.607,45.776,53.954,41.092,15, 0C11 - 1  1G13 - 1  G07 - 1  1F02 - 1  FIR031 - 1  GOT009 - 1  POR016 - 1  FIR013 - 1  FIR043 - 1  GOTO40 - 1  PIE039 - 1  FIR53 - 1  FIR048 - 1  PIE125 - 1  QpZAG9 - 1  , 
QAc-G-0062,/Arnold,Magazine Mountain,Kessler,93.942,,Magazine,6.023,,Porter,0.025,,Pryor,0.009,,SL,0,,40.649,38.273,41.08,46.775,37.08,15, 0C11 - 1  1G13 - 1  G07 - 1  1F02 - 1  FIR031 - 1  GOT009 - 1  POR016 - 1  FIR013 - 1  FIR043 - 1  GOTO40 - 1  PIE039 - 1  FIR53 - 1  FIR048 - 1  PIE125 - 1  QpZAG9 - 1  , 
QAc-G-0063,/Arnold,Magazine Mountain,Magazine,51.974,,Kessler,48.017,,Porter,0.008,,Pryor,0.001,,SL,0,,39.441,35.637,40.46,46.298,35.671,15, 0C11 - 1  1G13 - 1  G07 - 1  1F02 - 1  FIR031 - 1  GOT009 - 1  POR016 - 1  FIR013 - 1  FIR043 - 1  GOTO40 - 1  PIE039 - 1  FIR53 - 1  FIR048 - 1  PIE125 - 1  QpZAG9 - 1  , 
QAc-G-0064,/Arnold,Southeast of Magazine Mountain,Magazine,51.195,,Pryor,48.788,,Porter,0.017,,Kessler,0,,SL,0,,37.029,33.551,33.572,39.08,39.074,15, 0C11 - 1  1G13 - 1  G07 - 1  1F02 - 1  FIR031 - 1  GOT009 - 1  POR016 - 1  FIR013 - 1  FIR043 - 1  GOTO40 - 1  PIE039 - 1  FIR53 - 1  FIR048 - 1  PIE125 - 1  QpZAG9 - 1  , 
QAc-G-0065,/Arnold,Southeast of Magazine Mountain,Pryor,99.778,,Porter,0.221,,Magazine,0.001,,Kessler,0,,SL,0,,39.283,41.76,36.628,53.54,44.12,15, 0C11 - 1  1G13 - 1  G07 - 1  1F02 - 1  FIR031 - 1  GOT009 - 1  POR016 - 1  FIR013 - 1  FIR043 - 1  GOTO40 - 1  PIE039 - 1  FIR53 - 1  FIR048 - 1  PIE125 - 1  QpZAG9 - 1  , 
QAc-G-0066,/Arnold,Southeast of Magazine Mountain,Magazine,70.378,,Kessler,28.3,,Pryor,1.122,,Porter,0.201,,SL,0,,37.879,35.334,37.131,48.695,35.73,15, 0C11 - 1  1G13 - 1  G07 - 1  1F02 - 1  FIR031 - 1  GOT009 - 1  POR016 - 1  FIR013 - 1  FIR043 - 1  GOTO40 - 1  PIE039 - 1  FIR53 - 1  FIR048 - 1  PIE125 - 1  QpZAG9 - 1  , 
QAc-G-0067,/Arnold,Southeast of Magazine Mountain,Kessler,99.392,,Magazine,0.581,,Pryor,0.026,,Porter,0,,SL,0,,42.776,39.629,40.979,48.036,37.396,15, 0C11 - 1  1G13 - 1  G07 - 1  1F02 - 1  FIR031 - 1  GOT009 - 1  POR016 - 1  FIR013 - 1  FIR043 - 1  GOTO40 - 1  PIE039 - 1  FIR53 - 1  FIR048 - 1  PIE125 - 1  QpZAG9 - 1  , 
QAc-G-0068,/Arnold,Southeast of Magazine Mountain,Kessler,78.844,,Porter,17.072,,Magazine,3.598,,Pryor,0.486,,SL,0,,36.399,37.076,37.945,45.405,35.735,15, 0C11 - 1  1G13 - 1  G07 - 1  1F02 - 1  FIR031 - 1  GOT009 - 1  POR016 - 1  FIR013 - 1  FIR043 - 1  GOTO40 - 1  PIE039 - 1  FIR53 - 1  FIR048 - 1  PIE125 - 1  QpZAG9 - 1  , 
QAc-G-0070,/Arnold,Southeast of Magazine Mountain,Kessler,99.207,,Porter,0.77,,Magazine,0.024,,Pryor,0,,SL,0,,38.194,39.707,42.944,43.68,36.084,15, 0C11 - 1  1G13 - 1  G07 - 1  1F02 - 1  FIR031 - 1  GOT009 - 1  POR016 - 1  FIR013 - 1  FIR043 - 1  GOTO40 - 1  PIE039 - 1  FIR53 - 1  FIR048 - 1  PIE125 - 1  QpZAG9 - 1  , 
QAc-G-0071,/Arnold,Southeast of Magazine Mountain,Kessler,68.333,,Magazine,30.697,,Porter,0.966,,Pryor,0.003,,SL,0,,35.047,33.544,37.527,38.751,33.197,13, 0C11 - 1  1G13 - 1  FIR031 - 1  GOT009 - 1  POR016 - 1  FIR013 - 1  FIR043 - 1  GOTO40 - 1  PIE039 - 1  FIR53 - 1  FIR048 - 1  PIE125 - 1  QpZAG9 - 1  , G07 - 1  1F02 - 1  
QAc-G-0072,/Arnold,Southeast of Magazine Mountain,Magazine,89.087,,Porter,10.832,,Pryor,0.077,,Kessler,0.003,,SL,0,,35.707,34.792,37.853,46.183,39.215,15, 0C11 - 1  1G13 - 1  G07 - 1  1F02 - 1  FIR031 - 1  GOT009 - 1  POR016 - 1  FIR013 - 1  FIR043 - 1  GOTO40 - 1  PIE039 - 1  FIR53 - 1  FIR048 - 1  PIE125 - 1  QpZAG9 - 1  , 
QAc-G-0073,/Arnold,Porter Mountain Area,Kessler,99.998,,Magazine,0.002,,Porter,0,,SL,0,,Pryor,0,,46.253,44.309,48.454,47.031,39.665,15, 0C11 - 1  1G13 - 1  G07 - 1  1F02 - 1  FIR031 - 1  GOT009 - 1  POR016 - 1  FIR013 - 1  FIR043 - 1  GOTO40 - 1  PIE039 - 1  FIR53 - 1  FIR048 - 1  PIE125 - 1  QpZAG9 - 1  , 
QAc-G-0074,/Arnold,Porter Mountain Area,Porter,99.822,,Pryor,0.136,,Kessler,0.042,,SL,0,,Magazine,0,,32.56,39.881,35.427,39.246,35.931,15, 0C11 - 1  1G13 - 1  G07 - 1  1F02 - 1  FIR031 - 1  GOT009 - 1  POR016 - 1  FIR013 - 1  FIR043 - 1  GOTO40 - 1  PIE039 - 1  FIR53 - 1  FIR048 - 1  PIE125 - 1  QpZAG9 - 1  , 
QAc-G-0075,/Arnold,Porter Mountain Area,Kessler,98.071,,Magazine,1.267,,Porter,0.506,,SL,0.157,,Pryor,0,,37.004,36.605,43.705,37.513,34.717,15, 0C11 - 1  1G13 - 1  G07 - 1  1F02 - 1  FIR031 - 1  GOT009 - 1  POR016 - 1  FIR013 - 1  FIR043 - 1  GOTO40 - 1  PIE039 - 1  FIR53 - 1  FIR048 - 1  PIE125 - 1  QpZAG9 - 1  , 
QAc-G-0076,/Arnold,Porter Mountain Area,Kessler,97.853,,Magazine,2.093,,Porter,0.054,,SL,0,,Pryor,0,,42.369,40.781,47.125,45.679,39.111,15, 0C11 - 1  1G13 - 1  G07 - 1  1F02 - 1  FIR031 - 1  GOT009 - 1  POR016 - 1  FIR013 - 1  FIR043 - 1  GOTO40 - 1  PIE039 - 1  FIR53 - 1  FIR048 - 1  PIE125 - 1  QpZAG9 - 1  , 
QAc-G-0077,/Arnold,Southeast of Pryor Mountain,Magazine,99.981,,Kessler,0.018,,Pryor,0.001,,Porter,0,,SL,0,,45.717,37.533,42.698,53.159,41.27,15, 0C11 - 1  1G13 - 1  G07 - 1  1F02 - 1  FIR031 - 1  GOT009 - 1  POR016 - 1  FIR013 - 1  FIR043 - 1  GOTO40 - 1  PIE039 - 1  FIR53 - 1  FIR048 - 1  PIE125 - 1  QpZAG9 - 1  , 
QAc-G-0078,/Arnold,Southeast of Pryor Mountain,Kessler,57.796,,Pryor,41.689,,Magazine,0.515,,Porter,0,,SL,0,,45.92,42.797,40.888,50.401,40.747,15, 0C11 - 1  1G13 - 1  G07 - 1  1F02 - 1  FIR031 - 1  GOT009 - 1  POR016 - 1  FIR013 - 1  FIR043 - 1  GOTO40 - 1  PIE039 - 1  FIR53 - 1  FIR048 - 1  PIE125 - 1  QpZAG9 - 1  , 
QAc-G-0079,/Arnold,Southeast of Pryor Mountain,Kessler,94.875,,Pryor,5.03,,Magazine,0.094,,Porter,0,,SL,0,,43.358,39.913,38.187,47.363,36.911,15, 0C11 - 1  1G13 - 1  G07 - 1  1F02 - 1  FIR031 - 1  GOT009 - 1  POR016 - 1  FIR013 - 1  FIR043 - 1  GOTO40 - 1  PIE039 - 1  FIR53 - 1  FIR048 - 1  PIE125 - 1  QpZAG9 - 1  , 
QAc-G-0080,/Arnold,Southeast of Pryor Mountain,Kessler,100,,Pryor,0,,Magazine,0,,SL,0,,Porter,0,,51.431,46.244,42.124,50.546,36.606,15, 0C11 - 1  1G13 - 1  G07 - 1  1F02 - 1  FIR031 - 1  GOT009 - 1  POR016 - 1  FIR013 - 1  FIR043 - 1  GOTO40 - 1  PIE039 - 1  FIR53 - 1  FIR048 - 1  PIE125 - 1  QpZAG9 - 1  , 
QAc-G-0081,/Arnold,"Sugarloaf Mountain, Rim of east facing bluff and adjacent glade-like area on lookout",Magazine,95.457,,SL,4.396,,Kessler,0.147,,Pryor,0,,Porter,0,,46.323,40.018,46.13,41.354,42.831,15, 0C11 - 1  1G13 - 1  G07 - 1  1F02 - 1  FIR031 - 1  GOT009 - 1  POR016 - 1  FIR013 - 1  FIR043 - 1  GOTO40 - 1  PIE039 - 1  FIR53 - 1  FIR048 - 1  PIE125 - 1  QpZAG9 - 1  , 
QAc-G-0082,/Arnold,"Sugarloaf Mountain, Rim of east facing bluff and adjacent glade-like area on lookout",Kessler,100,,Magazine,0,,Pryor,0,,SL,0,,Porter,0,,46.873,41.807,43.771,44.978,34.353,15, 0C11 - 1  1G13 - 1  G07 - 1  1F02 - 1  FIR031 - 1  GOT009 - 1  POR016 - 1  FIR013 - 1  FIR043 - 1  GOTO40 - 1  PIE039 - 1  FIR53 - 1  FIR048 - 1  PIE125 - 1  QpZAG9 - 1  , 
QAc-G-0083,/Arnold,"Sugarloaf Mountain, Rim of east facing bluff and adjacent glade-like area on lookout",Kessler,94.617,,Magazine,5.374,,Pryor,0.009,,SL,0,,Porter,0,,43.279,37.35,40.133,41.884,36.104,15, 0C11 - 1  1G13 - 1  G07 - 1  1F02 - 1  FIR031 - 1  GOT009 - 1  POR016 - 1  FIR013 - 1  FIR043 - 1  GOTO40 - 1  PIE039 - 1  FIR53 - 1  FIR048 - 1  PIE125 - 1  QpZAG9 - 1  , 
QAc-G-0001,/Bartlett,,Magazine,99.986,,Kessler,0.01,,Pryor,0.005,,Porter,0,,SL,0,,38.076,32.163,36.501,44.607,36.185,13, G07 - 1  1F02 - 1  FIR031 - 1  GOT009 - 1  POR016 - 1  FIR013 - 1  FIR043 - 1  GOTO40 - 1  PIE039 - 1  FIR53 - 1  FIR048 - 1  PIE125 - 1  QpZAG9 - 1  , 0C11 - 1  1G13 - 1  
QAc-G-0002,/Bartlett,,Magazine,65.639,,Kessler,34.253,,Pryor,0.107,,Porter,0,,SL,0,,46.262,38.935,41.722,51.325,39.217,15, 0C11 - 1  1G13 - 1  G07 - 1  1F02 - 1  FIR031 - 1  GOT009 - 1  POR016 - 1  FIR013 - 1  FIR043 - 1  GOTO40 - 1  PIE039 - 1  FIR53 - 1  FIR048 - 1  PIE125 - 1  QpZAG9 - 1  , 
QAc-G-0285,/CBG,,Kessler,99.68,,Magazine,0.32,,Pryor,0,,Porter,0,,SL,0,,43.422,36.708,43.315,44.595,34.214,15, 0C11 - 1  1G13 - 1  G07 - 1  1F02 - 1  FIR031 - 1  GOT009 - 1  POR016 - 1  FIR013 - 1  FIR043 - 1  GOTO40 - 1  PIE039 - 1  FIR53 - 1  FIR048 - 1  PIE125 - 1  QpZAG9 - 1  , 
QAc-G-0286,/CBG,,Magazine,76.362,,Kessler,22.503,,Porter,1.134,,Pryor,0.002,,SL,0,,35.894,34.066,38.772,43.886,34.596,15, 0C11 - 1  1G13 - 1  G07 - 1  1F02 - 1  FIR031 - 1  GOT009 - 1  POR016 - 1  FIR013 - 1  FIR043 - 1  GOTO40 - 1  PIE039 - 1  FIR53 - 1  FIR048 - 1  PIE125 - 1  QpZAG9 - 1  , 
QAc-G-0287,/CBG,,Pryor,55.826,,Kessler,24.232,,Porter,10.279,,Magazine,9.663,,SL,0,,37.783,37.81,37.048,46.956,37.411,15, 0C11 - 1  1G13 - 1  G07 - 1  1F02 - 1  FIR031 - 1  GOT009 - 1  POR016 - 1  FIR013 - 1  FIR043 - 1  GOTO40 - 1  PIE039 - 1  FIR53 - 1  FIR048 - 1  PIE125 - 1  QpZAG9 - 1  , 
QAc-G-0288,/CBG,,Magazine,82.182,,Kessler,16.212,,Pryor,1.602,,Porter,0.005,,SL,0,,39.226,35.005,36.715,42.797,35.71,14, 0C11 - 1  G07 - 1  1F02 - 1  FIR031 - 1  GOT009 - 1  POR016 - 1  FIR013 - 1  FIR043 - 1  GOTO40 - 1  PIE039 - 1  FIR53 - 1  FIR048 - 1  PIE125 - 1  QpZAG9 - 1  , 1G13 - 1  
QAc-G-0289,/CBG,,Magazine,93.728,,Kessler,5.286,,Porter,0.809,,Pryor,0.176,,SL,0,,37.499,35.435,38.161,50.892,36.684,15, 0C11 - 1  1G13 - 1  G07 - 1  1F02 - 1  FIR031 - 1  GOT009 - 1  POR016 - 1  FIR013 - 1  FIR043 - 1  GOTO40 - 1  PIE039 - 1  FIR53 - 1  FIR048 - 1  PIE125 - 1  QpZAG9 - 1  , 
QAc-G-0290,/CBG,,Magazine,50.684,,Porter,47.966,,Pryor,1.239,,Kessler,0.11,,SL,0,,35.357,35.333,36.945,46.907,37.998,15, 0C11 - 1  1G13 - 1  G07 - 1  1F02 - 1  FIR031 - 1  GOT009 - 1  POR016 - 1  FIR013 - 1  FIR043 - 1  GOTO40 - 1  PIE039 - 1  FIR53 - 1  FIR048 - 1  PIE125 - 1  QpZAG9 - 1  , 
QAc-G-0291,/CBG,,Magazine,86.484,,Kessler,13.287,,Pryor,0.164,,Porter,0.064,,SL,0,,38.836,35.705,38.426,49.179,36.518,15, 0C11 - 1  1G13 - 1  G07 - 1  1F02 - 1  FIR031 - 1  GOT009 - 1  POR016 - 1  FIR013 - 1  FIR043 - 1  GOTO40 - 1  PIE039 - 1  FIR53 - 1  FIR048 - 1  PIE125 - 1  QpZAG9 - 1  , 
QAc-G-0292,/CBG,,Magazine,81.735,,Kessler,18.265,,Porter,0,,SL,0,,Pryor,0,,36.829,31.545,44.253,42.112,32.196,15, 0C11 - 1  1G13 - 1  G07 - 1  1F02 - 1  FIR031 - 1  GOT009 - 1  POR016 - 1  FIR013 - 1  FIR043 - 1  GOTO40 - 1  PIE039 - 1  FIR53 - 1  FIR048 - 1  PIE125 - 1  QpZAG9 - 1  , 
QAc-G-0293,/CBG,,Magazine,94.732,,Kessler,5.268,,Pryor,0,,Porter,0,,SL,0,,45.394,37.226,44.11,47.138,38.481,15, 0C11 - 1  1G13 - 1  G07 - 1  1F02 - 1  FIR031 - 1  GOT009 - 1  POR016 - 1  FIR013 - 1  FIR043 - 1  GOTO40 - 1  PIE039 - 1  FIR53 - 1  FIR048 - 1  PIE125 - 1  QpZAG9 - 1  , 
QAc-G-0294,/CBG,,Porter,99.843,,Kessler,0.116,,Magazine,0.041,,SL,0,,Pryor,0,,33.286,36.674,42.372,40.936,36.221,15, 0C11 - 1  1G13 - 1  G07 - 1  1F02 - 1  FIR031 - 1  GOT009 - 1  POR016 - 1  FIR013 - 1  FIR043 - 1  GOTO40 - 1  PIE039 - 1  FIR53 - 1  FIR048 - 1  PIE125 - 1  QpZAG9 - 1  , 
QAc-G-0295,/CBG,,Kessler,91.725,,Magazine,8.275,,Pryor,0,,SL,0,,Porter,0,,47.564,38.421,45.646,45.722,37.377,15, 0C11 - 1  1G13 - 1  G07 - 1  1F02 - 1  FIR031 - 1  GOT009 - 1  POR016 - 1  FIR013 - 1  FIR043 - 1  GOTO40 - 1  PIE039 - 1  FIR53 - 1  FIR048 - 1  PIE125 - 1  QpZAG9 - 1  , 
QAc-G-0296,/CBG,,Kessler,99.999,,Porter,0,,Magazine,0,,Pryor,0,,SL,0,,41.065,41.447,42.144,42.246,35.598,15, 0C11 - 1  1G13 - 1  G07 - 1  1F02 - 1  FIR031 - 1  GOT009 - 1  POR016 - 1  FIR013 - 1  FIR043 - 1  GOTO40 - 1  PIE039 - 1  FIR53 - 1  FIR048 - 1  PIE125 - 1  QpZAG9 - 1  , 
QAc-G-0297,/CBG,,Kessler,100,,Magazine,0,,Porter,0,,Pryor,0,,SL,0,,44.853,41.877,45.32,47.944,33.7,15, 0C11 - 1  1G13 - 1  G07 - 1  1F02 - 1  FIR031 - 1  GOT009 - 1  POR016 - 1  FIR013 - 1  FIR043 - 1  GOTO40 - 1  PIE039 - 1  FIR53 - 1  FIR048 - 1  PIE125 - 1  QpZAG9 - 1  , 
QAc-G-0298,/CBG,,Kessler,99.68,,Porter,0.238,,Magazine,0.082,,SL,0,,Pryor,0,,36.365,36.826,40.401,39.729,33.743,14, 0C11 - 1  G07 - 1  1F02 - 1  FIR031 - 1  GOT009 - 1  POR016 - 1  FIR013 - 1  FIR043 - 1  GOTO40 - 1  PIE039 - 1  FIR53 - 1  FIR048 - 1  PIE125 - 1  QpZAG9 - 1  , 1G13 - 1  
QAc-G-0299,/CBG,,Kessler,91.828,,Magazine,8.163,,Porter,0.009,,Pryor,0,,SL,0,,37.534,34.554,40.503,44.422,33.503,15, 0C11 - 1  1G13 - 1  G07 - 1  1F02 - 1  FIR031 - 1  GOT009 - 1  POR016 - 1  FIR013 - 1  FIR043 - 1  GOTO40 - 1  PIE039 - 1  FIR53 - 1  FIR048 - 1  PIE125 - 1  QpZAG9 - 1  , 
QAc-G-0300,/CBG,,Porter,65.237,,Kessler,33.568,,SL,1.194,,Pryor,0.001,,Magazine,0,,36.935,42.342,41.914,38.672,37.223,15, 0C11 - 1  1G13 - 1  G07 - 1  1F02 - 1  FIR031 - 1  GOT009 - 1  POR016 - 1  FIR013 - 1  FIR043 - 1  GOTO40 - 1  PIE039 - 1  FIR53 - 1  FIR048 - 1  PIE125 - 1  QpZAG9 - 1  , 
QAc-G-0301,/CBG,,Kessler,68.487,,Magazine,26.47,,Porter,5.025,,Pryor,0.018,,SL,0,,40.177,39.455,42.626,44.231,39.043,15, 0C11 - 1  1G13 - 1  G07 - 1  1F02 - 1  FIR031 - 1  GOT009 - 1  POR016 - 1  FIR013 - 1  FIR043 - 1  GOTO40 - 1  PIE039 - 1  FIR53 - 1  FIR048 - 1  PIE125 - 1  QpZAG9 - 1  , 
QAc-G-0302,/CBG,,Magazine,97.472,,Kessler,2.526,,Porter,0.001,,SL,0,,Pryor,0,,42.462,37.579,47.606,45.09,39.166,15, 0C11 - 1  1G13 - 1  G07 - 1  1F02 - 1  FIR031 - 1  GOT009 - 1  POR016 - 1  FIR013 - 1  FIR043 - 1  GOTO40 - 1  PIE039 - 1  FIR53 - 1  FIR048 - 1  PIE125 - 1  QpZAG9 - 1  , 
QAc-G-0303,/CBG,,Kessler,100,,Magazine,0,,Porter,0,,Pryor,0,,SL,0,,48.017,44.302,50.606,52.977,37.633,15, 0C11 - 1  1G13 - 1  G07 - 1  1F02 - 1  FIR031 - 1  GOT009 - 1  POR016 - 1  FIR013 - 1  FIR043 - 1  GOTO40 - 1  PIE039 - 1  FIR53 - 1  FIR048 - 1  PIE125 - 1  QpZAG9 - 1  , 
QAc-G-0304,/CBG,,Magazine,76.731,,Kessler,21.68,,Porter,1.589,,Pryor,0,,SL,0,,38.081,36.397,42.626,45.348,36.946,15, 0C11 - 1  1G13 - 1  G07 - 1  1F02 - 1  FIR031 - 1  GOT009 - 1  POR016 - 1  FIR013 - 1  FIR043 - 1  GOTO40 - 1  PIE039 - 1  FIR53 - 1  FIR048 - 1  PIE125 - 1  QpZAG9 - 1  , 
QAc-G-0305,/CBG,,Magazine,100,,Kessler,0,,Porter,0,,Pryor,0,,SL,0,,39.321,31.644,42.73,44.111,37.059,15, 0C11 - 1  1G13 - 1  G07 - 1  1F02 - 1  FIR031 - 1  GOT009 - 1  POR016 - 1  FIR013 - 1  FIR043 - 1  GOTO40 - 1  PIE039 - 1  FIR53 - 1  FIR048 - 1  PIE125 - 1  QpZAG9 - 1  , 
QAc-G-0306,/CBG,,Kessler,94.372,,Magazine,4.628,,Porter,0.613,,Pryor,0.387,,SL,0,,37.084,36.206,37.283,46.947,34.896,15, 0C11 - 1  1G13 - 1  G07 - 1  1F02 - 1  FIR031 - 1  GOT009 - 1  POR016 - 1  FIR013 - 1  FIR043 - 1  GOTO40 - 1  PIE039 - 1  FIR53 - 1  FIR048 - 1  PIE125 - 1  QpZAG9 - 1  , 
QAc-G-0307,/CBG,,Kessler,99.978,,Magazine,0.022,,Pryor,0,,Porter,0,,SL,0,,44.905,38.344,42.372,46.452,34.696,15, 0C11 - 1  1G13 - 1  G07 - 1  1F02 - 1  FIR031 - 1  GOT009 - 1  POR016 - 1  FIR013 - 1  FIR043 - 1  GOTO40 - 1  PIE039 - 1  FIR53 - 1  FIR048 - 1  PIE125 - 1  QpZAG9 - 1  , 
QAc-G-0308,/CBG,,Kessler,93.137,,Magazine,6.863,,Porter,0,,SL,0,,Pryor,0,,45.579,39.64,48.271,48.209,38.507,15, 0C11 - 1  1G13 - 1  G07 - 1  1F02 - 1  FIR031 - 1  GOT009 - 1  POR016 - 1  FIR013 - 1  FIR043 - 1  GOTO40 - 1  PIE039 - 1  FIR53 - 1  FIR048 - 1  PIE125 - 1  QpZAG9 - 1  , 
QAc-G-0309,/CBG,,Kessler,99.993,,Pryor,0.007,,Magazine,0,,Porter,0,,SL,0,,44.466,43.408,39.574,53.141,35.44,15, 0C11 - 1  1G13 - 1  G07 - 1  1F02 - 1  FIR031 - 1  GOT009 - 1  POR016 - 1  FIR013 - 1  FIR043 - 1  GOTO40 - 1  PIE039 - 1  FIR53 - 1  FIR048 - 1  PIE125 - 1  QpZAG9 - 1  , 
QAc-G-0310,/CBG,,Kessler,95.727,,Pryor,4.273,,Porter,0,,Magazine,0,,SL,0,,40.759,43.136,36.673,47.66,35.323,15, 0C11 - 1  1G13 - 1  G07 - 1  1F02 - 1  FIR031 - 1  GOT009 - 1  POR016 - 1  FIR013 - 1  FIR043 - 1  GOTO40 - 1  PIE039 - 1  FIR53 - 1  FIR048 - 1  PIE125 - 1  QpZAG9 - 1  , 
QAc-G-0311,/CBG,,Kessler,100,,Pryor,0,,Magazine,0,,Porter,0,,SL,0,,51.049,46.445,44.413,55.604,36.212,15, 0C11 - 1  1G13 - 1  G07 - 1  1F02 - 1  FIR031 - 1  GOT009 - 1  POR016 - 1  FIR013 - 1  FIR043 - 1  GOTO40 - 1  PIE039 - 1  FIR53 - 1  FIR048 - 1  PIE125 - 1  QpZAG9 - 1  , 
QAc-G-0312,/CBG,,Kessler,99.997,,Magazine,0.003,,Pryor,0,,SL,0,,Porter,0,,48.888,40.848,43.91,45.494,36.336,15, 0C11 - 1  1G13 - 1  G07 - 1  1F02 - 1  FIR031 - 1  GOT009 - 1  POR016 - 1  FIR013 - 1  FIR043 - 1  GOTO40 - 1  PIE039 - 1  FIR53 - 1  FIR048 - 1  PIE125 - 1  QpZAG9 - 1  , 
QAc-G-0313,/CBG,,SL,95.377,,Kessler,2.718,,Magazine,1.515,,Porter,0.39,,Pryor,0,,39.425,38.835,44.04,37.036,38.582,15, 0C11 - 1  1G13 - 1  G07 - 1  1F02 - 1  FIR031 - 1  GOT009 - 1  POR016 - 1  FIR013 - 1  FIR043 - 1  GOTO40 - 1  PIE039 - 1  FIR53 - 1  FIR048 - 1  PIE125 - 1  QpZAG9 - 1  , 
QAc-G-0314,/CBG,,Porter,87.05,,SL,9.918,,Kessler,3.031,,Magazine,0,,Pryor,0,,37.323,42.784,43.428,38.266,38.781,15, 0C11 - 1  1G13 - 1  G07 - 1  1F02 - 1  FIR031 - 1  GOT009 - 1  POR016 - 1  FIR013 - 1  FIR043 - 1  GOTO40 - 1  PIE039 - 1  FIR53 - 1  FIR048 - 1  PIE125 - 1  QpZAG9 - 1  , 
QAc-G-0315,/CBG,,Kessler,96.161,,Porter,3.838,,SL,0,,Magazine,0,,Pryor,0,,41.955,46.721,48.801,46.619,40.557,15, 0C11 - 1  1G13 - 1  G07 - 1  1F02 - 1  FIR031 - 1  GOT009 - 1  POR016 - 1  FIR013 - 1  FIR043 - 1  GOTO40 - 1  PIE039 - 1  FIR53 - 1  FIR048 - 1  PIE125 - 1  QpZAG9 - 1  , 
QAc-G-0316,/CBG,,Kessler,99.991,,Magazine,0.005,,SL,0.004,,Porter,0,,Pryor,0,,42.75,40.829,46.475,40.959,36.516,15, 0C11 - 1  1G13 - 1  G07 - 1  1F02 - 1  FIR031 - 1  GOT009 - 1  POR016 - 1  FIR013 - 1  FIR043 - 1  GOTO40 - 1  PIE039 - 1  FIR53 - 1  FIR048 - 1  PIE125 - 1  QpZAG9 - 1  , 
QAc-G-0032,/DBG,"Ozark National Forest, Mt. Magazine State Park",Kessler,92.009,,Magazine,7.98,,SL,0.009,,Pryor,0.002,,Porter,0.001,,40.372,36.502,40.143,39.473,35.44,14, 0C11 - 1  1G13 - 1  G07 - 1  1F02 - 1  FIR031 - 1  GOT009 - 1  POR016 - 1  FIR013 - 1  FIR043 - 1  GOTO40 - 1  PIE039 - 1  FIR53 - 1  FIR048 - 1  QpZAG9 - 1  , PIE125 - 1  
QAc-G-0033,/DBG,"Ouachita National Forest, Porter Mtn area",Magazine,53.481,,Kessler,44.866,,Porter,1.488,,Pryor,0.163,,SL,0.001,,37.337,35.782,38.298,40.489,35.858,15, 0C11 - 1  1G13 - 1  G07 - 1  1F02 - 1  FIR031 - 1  GOT009 - 1  POR016 - 1  FIR013 - 1  FIR043 - 1  GOTO40 - 1  PIE039 - 1  FIR53 - 1  FIR048 - 1  PIE125 - 1  QpZAG9 - 1  , 
QAc-G-0034,/DBG,"Ouachita National Forest, Porter Mtn area",Kessler,68.481,,Pryor,22.817,,Magazine,6.498,,Porter,2.203,,SL,0.001,,42.345,41.875,41.33,45.529,40.852,15, 0C11 - 1  1G13 - 1  G07 - 1  1F02 - 1  FIR031 - 1  GOT009 - 1  POR016 - 1  FIR013 - 1  FIR043 - 1  GOTO40 - 1  PIE039 - 1  FIR53 - 1  FIR048 - 1  PIE125 - 1  QpZAG9 - 1  , 
QAc-G-0035,/DBG,"Ouachita National Forest, Porter Mtn area",Pryor,55.853,,Magazine,41.277,,Porter,2.866,,Kessler,0.003,,SL,0,,37.419,36.26,36.129,42.769,40.365,15, 0C11 - 1  1G13 - 1  G07 - 1  1F02 - 1  FIR031 - 1  GOT009 - 1  POR016 - 1  FIR013 - 1  FIR043 - 1  GOTO40 - 1  PIE039 - 1  FIR53 - 1  FIR048 - 1  PIE125 - 1  QpZAG9 - 1  , 
QAc-G-0036,/DBG,"Ouachita National Forest, Porter Mtn area",Kessler,99.786,,Porter,0.214,,Magazine,0,,Pryor,0,,SL,0,,37.706,40.668,41.004,41.928,35.037,15, 0C11 - 1  1G13 - 1  G07 - 1  1F02 - 1  FIR031 - 1  GOT009 - 1  POR016 - 1  FIR013 - 1  FIR043 - 1  GOTO40 - 1  PIE039 - 1  FIR53 - 1  FIR048 - 1  PIE125 - 1  QpZAG9 - 1  , 
QAc-G-0037,/DBG,"Ouachita National Forest, Porter Mtn area",Kessler,99.991,,Magazine,0.009,,Porter,0,,Pryor,0,,SL,0,,42.245,40.675,42.872,46.164,36.606,15, 0C11 - 1  1G13 - 1  G07 - 1  1F02 - 1  FIR031 - 1  GOT009 - 1  POR016 - 1  FIR013 - 1  FIR043 - 1  GOTO40 - 1  PIE039 - 1  FIR53 - 1  FIR048 - 1  PIE125 - 1  QpZAG9 - 1  , 
QAc-G-0038,/DBG,"Ouachita National Forest, Porter Mtn area",Magazine,49.941,,Kessler,37.794,,SL,12.177,,Porter,0.088,,Pryor,0,,38.83,36.077,44.131,36.69,36.198,15, 0C11 - 1  1G13 - 1  G07 - 1  1F02 - 1  FIR031 - 1  GOT009 - 1  POR016 - 1  FIR013 - 1  FIR043 - 1  GOTO40 - 1  PIE039 - 1  FIR53 - 1  FIR048 - 1  PIE125 - 1  QpZAG9 - 1  , 
QAc-G-0039,/DBG,"Ouachita National Forest, Porter Mtn area",Porter,79.129,,Kessler,16.062,,SL,4.702,,Magazine,0.106,,Pryor,0.001,,38.329,41.202,43.259,39.555,39.022,15, 0C11 - 1  1G13 - 1  G07 - 1  1F02 - 1  FIR031 - 1  GOT009 - 1  POR016 - 1  FIR013 - 1  FIR043 - 1  GOTO40 - 1  PIE039 - 1  FIR53 - 1  FIR048 - 1  PIE125 - 1  QpZAG9 - 1  , 
QAc-G-0040,/DBG,"Ouachita National Forest, Porter Mtn area",Porter,69.554,,Magazine,30.24,,Kessler,0.158,,SL,0.047,,Pryor,0.001,,40.473,40.835,45.237,43.645,43.116,15, 0C11 - 1  1G13 - 1  G07 - 1  1F02 - 1  FIR031 - 1  GOT009 - 1  POR016 - 1  FIR013 - 1  FIR043 - 1  GOTO40 - 1  PIE039 - 1  FIR53 - 1  FIR048 - 1  PIE125 - 1  QpZAG9 - 1  , 
QAc-G-0041,/DBG,"Ouachita National Forest, Porter Mtn area",Kessler,99.519,,Magazine,0.463,,Porter,0.018,,SL,0,,Pryor,0,,42.353,40.933,45.803,43.928,38.601,15, 0C11 - 1  1G13 - 1  G07 - 1  1F02 - 1  FIR031 - 1  GOT009 - 1  POR016 - 1  FIR013 - 1  FIR043 - 1  GOTO40 - 1  PIE039 - 1  FIR53 - 1  FIR048 - 1  PIE125 - 1  QpZAG9 - 1  , 
QAc-G-0042,/DBG,"Ouachita National Forest, Porter Mtn area",Kessler,96.131,,Magazine,3.868,,SL,0,,Porter,0,,Pryor,0,,39.931,34.155,40.874,38.561,32.76,15, 0C11 - 1  1G13 - 1  G07 - 1  1F02 - 1  FIR031 - 1  GOT009 - 1  POR016 - 1  FIR013 - 1  FIR043 - 1  GOTO40 - 1  PIE039 - 1  FIR53 - 1  FIR048 - 1  PIE125 - 1  QpZAG9 - 1  , 
QAc-G-0043,/DBG,"Ouachita National Forest, Porter Mtn area",Magazine,62.247,,Kessler,37.736,,Porter,0.016,,Pryor,0,,SL,0,,45.451,41.87,47.15,47.849,42.087,15, 0C11 - 1  1G13 - 1  G07 - 1  1F02 - 1  FIR031 - 1  GOT009 - 1  POR016 - 1  FIR013 - 1  FIR043 - 1  GOTO40 - 1  PIE039 - 1  FIR53 - 1  FIR048 - 1  PIE125 - 1  QpZAG9 - 1  , 
QAc-G-0044,/DBG,"Ouachita National Forest, Porter Mtn area",Magazine,99.807,,Porter,0.137,,Kessler,0.052,,SL,0.002,,Pryor,0.001,,35.364,32.502,37.414,37.243,35.783,15, 0C11 - 1  1G13 - 1  G07 - 1  1F02 - 1  FIR031 - 1  GOT009 - 1  POR016 - 1  FIR013 - 1  FIR043 - 1  GOTO40 - 1  PIE039 - 1  FIR53 - 1  FIR048 - 1  PIE125 - 1  QpZAG9 - 1  , 
QAc-G-0045,/DBG,"Ouachita National Forest, Porter Mtn area",Kessler,99.978,,Porter,0.011,,Magazine,0.006,,Pryor,0.005,,SL,0,,36.698,36.947,37.013,41.665,32.738,15, 0C11 - 1  1G13 - 1  G07 - 1  1F02 - 1  FIR031 - 1  GOT009 - 1  POR016 - 1  FIR013 - 1  FIR043 - 1  GOTO40 - 1  PIE039 - 1  FIR53 - 1  FIR048 - 1  PIE125 - 1  QpZAG9 - 1  , 
QAc-G-0046,/DBG,"Ouachita National Forest, Porter Mtn area",Kessler,99.996,,Porter,0.003,,Magazine,0.001,,SL,0,,Pryor,0,,44.376,44.632,48.026,45.901,39.787,15, 0C11 - 1  1G13 - 1  G07 - 1  1F02 - 1  FIR031 - 1  GOT009 - 1  POR016 - 1  FIR013 - 1  FIR043 - 1  GOTO40 - 1  PIE039 - 1  FIR53 - 1  FIR048 - 1  PIE125 - 1  QpZAG9 - 1  , 
QAc-G-0047,/DBG,"Ouachita National Forest, Porter Mtn area",Pryor,99.852,,Magazine,0.094,,Kessler,0.044,,Porter,0.01,,SL,0,,40.907,39.949,36.921,44.717,40.277,15, 0C11 - 1  1G13 - 1  G07 - 1  1F02 - 1  FIR031 - 1  GOT009 - 1  POR016 - 1  FIR013 - 1  FIR043 - 1  GOTO40 - 1  PIE039 - 1  FIR53 - 1  FIR048 - 1  PIE125 - 1  QpZAG9 - 1  , 
QAc-G-0048,/DBG,"Ouachita National Forest, Porter Mtn area",Kessler,100,,Magazine,0,,SL,0,,Porter,0,,Pryor,0,,45.516,43.117,48.773,43.566,37.061,15, 0C11 - 1  1G13 - 1  G07 - 1  1F02 - 1  FIR031 - 1  GOT009 - 1  POR016 - 1  FIR013 - 1  FIR043 - 1  GOTO40 - 1  PIE039 - 1  FIR53 - 1  FIR048 - 1  PIE125 - 1  QpZAG9 - 1  , 
QAc-G-0049,/DBG,"Ouachita National Forest, Pryor Mtn",Kessler,99.294,,Magazine,0.706,,Porter,0,,Pryor,0,,SL,0,,44.461,40.623,44.464,49.374,38.474,15, 0C11 - 1  1G13 - 1  G07 - 1  1F02 - 1  FIR031 - 1  GOT009 - 1  POR016 - 1  FIR013 - 1  FIR043 - 1  GOTO40 - 1  PIE039 - 1  FIR53 - 1  FIR048 - 1  PIE125 - 1  QpZAG9 - 1  , 
QAc-G-0050,/DBG,"Ouachita National Forest, Pryor Mtn",Kessler,100,,Magazine,0,,Porter,0,,Pryor,0,,SL,0,,44.815,40.984,45.796,49.586,34.881,15, 0C11 - 1  1G13 - 1  G07 - 1  1F02 - 1  FIR031 - 1  GOT009 - 1  POR016 - 1  FIR013 - 1  FIR043 - 1  GOTO40 - 1  PIE039 - 1  FIR53 - 1  FIR048 - 1  PIE125 - 1  QpZAG9 - 1  , 
QAc-G-0051,/DBG,"Ouachita National Forest, Pryor Mtn",Kessler,99.983,,Pryor,0.017,,Magazine,0,,Porter,0,,SL,0,,47.482,44.059,41.563,51.542,37.787,15, 0C11 - 1  1G13 - 1  G07 - 1  1F02 - 1  FIR031 - 1  GOT009 - 1  POR016 - 1  FIR013 - 1  FIR043 - 1  GOTO40 - 1  PIE039 - 1  FIR53 - 1  FIR048 - 1  PIE125 - 1  QpZAG9 - 1  , 
QAc-G-0052,/DBG,"Ouachita National Forest, Pryor Mtn",Kessler,98.543,,Magazine,1.178,,Pryor,0.279,,Porter,0,,SL,0,,45.403,39.699,40.324,47.386,37.776,15, 0C11 - 1  1G13 - 1  G07 - 1  1F02 - 1  FIR031 - 1  GOT009 - 1  POR016 - 1  FIR013 - 1  FIR043 - 1  GOTO40 - 1  PIE039 - 1  FIR53 - 1  FIR048 - 1  PIE125 - 1  QpZAG9 - 1  , 
QAc-G-0053,/DBG,"Ouachita National Forest, Pryor Mtn",Kessler,100,,Magazine,0,,Pryor,0,,Porter,0,,SL,0,,47.592,44.703,47.117,51.309,38.707,15, 0C11 - 1  1G13 - 1  G07 - 1  1F02 - 1  FIR031 - 1  GOT009 - 1  POR016 - 1  FIR013 - 1  FIR043 - 1  GOTO40 - 1  PIE039 - 1  FIR53 - 1  FIR048 - 1  PIE125 - 1  QpZAG9 - 1  , 
QAc-G-0054,/DBG,"Ouachita National Forest, Pryor Mtn",Kessler,100,,Magazine,0,,SL,0,,Pryor,0,,Porter,0,,53.05,47.594,51.568,51.061,40.136,15, 0C11 - 1  1G13 - 1  G07 - 1  1F02 - 1  FIR031 - 1  GOT009 - 1  POR016 - 1  FIR013 - 1  FIR043 - 1  GOTO40 - 1  PIE039 - 1  FIR53 - 1  FIR048 - 1  PIE125 - 1  QpZAG9 - 1  , 
QAc-G-0055,/DBG,"Ouachita National Forest, Pryor Mtn",Kessler,99.433,,Magazine,0.567,,Pryor,0,,SL,0,,Porter,0,,45.061,37.641,44.415,44.923,35.398,15, 0C11 - 1  1G13 - 1  G07 - 1  1F02 - 1  FIR031 - 1  GOT009 - 1  POR016 - 1  FIR013 - 1  FIR043 - 1  GOTO40 - 1  PIE039 - 1  FIR53 - 1  FIR048 - 1  PIE125 - 1  QpZAG9 - 1  , 
QAc-G-0056,/DBG,"Ouachita National Forest, Pryor Mtn",Magazine,99.072,,Kessler,0.927,,Porter,0,,Pryor,0,,SL,0,,43.391,37.221,44.017,47.178,39.25,15, 0C11 - 1  1G13 - 1  G07 - 1  1F02 - 1  FIR031 - 1  GOT009 - 1  POR016 - 1  FIR013 - 1  FIR043 - 1  GOTO40 - 1  PIE039 - 1  FIR53 - 1  FIR048 - 1  PIE125 - 1  QpZAG9 - 1  , 
QAc-G-0057,/DBG,"Ouachita National Forest, Pryor Mtn",Kessler,99.992,,Magazine,0.008,,Pryor,0,,Porter,0,,SL,0,,46.796,42.027,44.216,50.53,37.929,15, 0C11 - 1  1G13 - 1  G07 - 1  1F02 - 1  FIR031 - 1  GOT009 - 1  POR016 - 1  FIR013 - 1  FIR043 - 1  GOTO40 - 1  PIE039 - 1  FIR53 - 1  FIR048 - 1  PIE125 - 1  QpZAG9 - 1  , 
QAc-G-0058,/DBG,"Ouachita National Forest, Pryor Mtn",Pryor,99.878,,Kessler,0.122,,Magazine,0,,Porter,0,,SL,0,,40.426,38.878,32.868,45.304,35.782,14, 0C11 - 1  1G13 - 1  G07 - 1  1F02 - 1  FIR031 - 1  GOT009 - 1  POR016 - 1  FIR013 - 1  GOTO40 - 1  PIE039 - 1  FIR53 - 1  FIR048 - 1  PIE125 - 1  QpZAG9 - 1  , FIR043 - 1  
QAc-G-0059,/DBG,"Ouachita National Forest, Pryor Mtn",Kessler,100,,Magazine,0,,Pryor,0,,SL,0,,Porter,0,,50.044,41.428,45.141,45.889,35.022,15, 0C11 - 1  1G13 - 1  G07 - 1  1F02 - 1  FIR031 - 1  GOT009 - 1  POR016 - 1  FIR013 - 1  FIR043 - 1  GOTO40 - 1  PIE039 - 1  FIR53 - 1  FIR048 - 1  PIE125 - 1  QpZAG9 - 1  , 
QAc-G-0060,/DBG,"Ouachita National Forest, Pryor Mtn",Magazine,94.53,,Porter,4.312,,Kessler,1.148,,Pryor,0.009,,SL,0.001,,34.697,33.356,37.378,38.382,35.272,14, 0C11 - 1  1G13 - 1  G07 - 1  1F02 - 1  FIR031 - 1  GOT009 - 1  POR016 - 1  FIR013 - 1  GOTO40 - 1  PIE039 - 1  FIR53 - 1  FIR048 - 1  PIE125 - 1  QpZAG9 - 1  , FIR043 - 1  
QAc-G-0276,/FGT,"Ozark National Forest, Mt. Magazine State Park",Kessler,100,,Magazine,0,,Porter,0,,Pryor,0,,SL,0,,45.287,44.169,46.502,50.035,35.757,15, 0C11 - 1  1G13 - 1  G07 - 1  1F02 - 1  FIR031 - 1  GOT009 - 1  POR016 - 1  FIR013 - 1  FIR043 - 1  GOTO40 - 1  PIE039 - 1  FIR53 - 1  FIR048 - 1  PIE125 - 1  QpZAG9 - 1  , 
QAc-G-0279,/FGT,"Ouachita Nat. Forest, Porter Mountain area",Magazine,99.675,,Kessler,0.322,,Porter,0.002,,Pryor,0.001,,SL,0,,37.868,33.264,38.457,47.289,35.755,15, 0C11 - 1  1G13 - 1  G07 - 1  1F02 - 1  FIR031 - 1  GOT009 - 1  POR016 - 1  FIR013 - 1  FIR043 - 1  GOTO40 - 1  PIE039 - 1  FIR53 - 1  FIR048 - 1  PIE125 - 1  QpZAG9 - 1  , 
QAc-G-0280,/FGT,"Ouachita Nat. Forest, Porter Mountain area",Magazine,100,,Porter,0,,Pryor,0,,Kessler,0,,SL,0,,34.824,29.24,35.601,37.744,35.886,14, 0C11 - 1  G07 - 1  1F02 - 1  FIR031 - 1  GOT009 - 1  POR016 - 1  FIR013 - 1  FIR043 - 1  GOTO40 - 1  PIE039 - 1  FIR53 - 1  FIR048 - 1  PIE125 - 1  QpZAG9 - 1  , 1G13 - 1  
QAc-G-0281,/FGT,"Ouachita Nat. Forest, Pryor Mountain",Kessler,95.241,,Pryor,3.394,,Magazine,1.364,,Porter,0.001,,SL,0,,46.245,42.948,42.552,49.135,41.104,15, 0C11 - 1  1G13 - 1  G07 - 1  1F02 - 1  FIR031 - 1  GOT009 - 1  POR016 - 1  FIR013 - 1  FIR043 - 1  GOTO40 - 1  PIE039 - 1  FIR53 - 1  FIR048 - 1  PIE125 - 1  QpZAG9 - 1  , 
QAc-G-0018,/HBG,Porter,Kessler,64.543,,Magazine,20.801,,Pryor,14.536,,Porter,0.118,,SL,0.003,,41.842,39.594,39.75,43.425,39.103,15, 0C11 - 1  1G13 - 1  G07 - 1  1F02 - 1  FIR031 - 1  GOT009 - 1  POR016 - 1  FIR013 - 1  FIR043 - 1  GOTO40 - 1  PIE039 - 1  FIR53 - 1  FIR048 - 1  PIE125 - 1  QpZAG9 - 1  , 
QAc-G-0019,/HBG,Porter,Porter,99.182,,Magazine,0.491,,Kessler,0.269,,Pryor,0.057,,SL,0,,37.369,39.674,40.606,42.894,39.934,15, 0C11 - 1  1G13 - 1  G07 - 1  1F02 - 1  FIR031 - 1  GOT009 - 1  POR016 - 1  FIR013 - 1  FIR043 - 1  GOTO40 - 1  PIE039 - 1  FIR53 - 1  FIR048 - 1  PIE125 - 1  QpZAG9 - 1  , 
QAc-G-0020,/HBG,Porter,Porter,44.848,,Kessler,36.734,,Magazine,18.38,,SL,0.038,,Pryor,0,,41.352,41.739,47.583,44.421,41.438,15, 0C11 - 1  1G13 - 1  G07 - 1  1F02 - 1  FIR031 - 1  GOT009 - 1  POR016 - 1  FIR013 - 1  FIR043 - 1  GOTO40 - 1  PIE039 - 1  FIR53 - 1  FIR048 - 1  PIE125 - 1  QpZAG9 - 1  , 
QAc-G-0021,/HBG,Pryor,Kessler,98.654,,Porter,1.345,,Magazine,0.001,,SL,0,,Pryor,0,,34.264,37.584,41.359,39.691,32.399,14, 0C11 - 1  1G13 - 1  G07 - 1  FIR031 - 1  GOT009 - 1  POR016 - 1  FIR013 - 1  FIR043 - 1  GOTO40 - 1  PIE039 - 1  FIR53 - 1  FIR048 - 1  PIE125 - 1  QpZAG9 - 1  , 1F02 - 1  
QAc-G-0022,/HBG,Pryor,Kessler,99.999,,SL,0.001,,Porter,0,,Magazine,0,,Pryor,0,,37.945,41.238,42.01,37.366,32.348,14, 0C11 - 1  1G13 - 1  G07 - 1  FIR031 - 1  GOT009 - 1  POR016 - 1  FIR013 - 1  FIR043 - 1  GOTO40 - 1  PIE039 - 1  FIR53 - 1  FIR048 - 1  PIE125 - 1  QpZAG9 - 1  , 1F02 - 1  
QAc-G-0023,/HBG,Pryor,Kessler,99.959,,Pryor,0.041,,Magazine,0,,Porter,0,,SL,0,,47.097,46.43,38.298,51.302,34.916,15, 0C11 - 1  1G13 - 1  G07 - 1  1F02 - 1  FIR031 - 1  GOT009 - 1  POR016 - 1  FIR013 - 1  FIR043 - 1  GOTO40 - 1  PIE039 - 1  FIR53 - 1  FIR048 - 1  PIE125 - 1  QpZAG9 - 1  , 
QAc-G-0024,/HBG,Pryor,Kessler,97.62,,Pryor,1.654,,Magazine,0.704,,Porter,0.022,,SL,0,,41.981,40.467,40.097,49.788,38.325,15, 0C11 - 1  1G13 - 1  G07 - 1  1F02 - 1  FIR031 - 1  GOT009 - 1  POR016 - 1  FIR013 - 1  FIR043 - 1  GOTO40 - 1  PIE039 - 1  FIR53 - 1  FIR048 - 1  PIE125 - 1  QpZAG9 - 1  , 
QAc-G-0016,/HBG,Porter,Magazine,99.994,,Kessler,0.006,,SL,0,,Porter,0,,Pryor,0,,45.982,37.147,46.509,45.83,41.381,15, 0C11 - 1  1G13 - 1  G07 - 1  1F02 - 1  FIR031 - 1  GOT009 - 1  POR016 - 1  FIR013 - 1  FIR043 - 1  GOTO40 - 1  PIE039 - 1  FIR53 - 1  FIR048 - 1  PIE125 - 1  QpZAG9 - 1  , 
QAc-G-0017,/HBG,Porter,Kessler,99.958,,Porter,0.024,,SL,0.014,,Magazine,0.004,,Pryor,0,,39.09,39.912,40.822,39.329,35.475,15, 0C11 - 1  1G13 - 1  G07 - 1  1F02 - 1  FIR031 - 1  GOT009 - 1  POR016 - 1  FIR013 - 1  FIR043 - 1  GOTO40 - 1  PIE039 - 1  FIR53 - 1  FIR048 - 1  PIE125 - 1  QpZAG9 - 1  , 
QAc-G-0250,/Meise,,Kessler,96.588,,Porter,2.939,,Magazine,0.472,,Pryor,0.001,,SL,0,,38.762,39.556,42.465,44.105,37.245,15, 0C11 - 1  1G13 - 1  G07 - 1  1F02 - 1  FIR031 - 1  GOT009 - 1  POR016 - 1  FIR013 - 1  FIR043 - 1  GOTO40 - 1  PIE039 - 1  FIR53 - 1  FIR048 - 1  PIE125 - 1  QpZAG9 - 1  , 
QAc-G-0003,/MBG,,Kessler,99.988,,Magazine,0.012,,Porter,0,,Pryor,0,,SL,0,,37.115,34.579,39.916,44.646,30.665,14, 0C11 - 1  G07 - 1  1F02 - 1  FIR031 - 1  GOT009 - 1  POR016 - 1  FIR013 - 1  FIR043 - 1  GOTO40 - 1  PIE039 - 1  FIR53 - 1  FIR048 - 1  PIE125 - 1  QpZAG9 - 1  , 1G13 - 1  
QAc-G-0004,/MBG,,Kessler,99.231,,Magazine,0.769,,Pryor,0,,Porter,0,,SL,0,,47.273,37.522,45.747,48.614,35.411,15, 0C11 - 1  1G13 - 1  G07 - 1  1F02 - 1  FIR031 - 1  GOT009 - 1  POR016 - 1  FIR013 - 1  FIR043 - 1  GOTO40 - 1  PIE039 - 1  FIR53 - 1  FIR048 - 1  PIE125 - 1  QpZAG9 - 1  , 
QAc-G-0005,/MBG,,Kessler,99.679,,Pryor,0.294,,Porter,0.023,,Magazine,0.003,,SL,0,,42.133,42.973,41.029,53.614,38.499,15, 0C11 - 1  1G13 - 1  G07 - 1  1F02 - 1  FIR031 - 1  GOT009 - 1  POR016 - 1  FIR013 - 1  FIR043 - 1  GOTO40 - 1  PIE039 - 1  FIR53 - 1  FIR048 - 1  PIE125 - 1  QpZAG9 - 1  , 
QAc-G-0006,/MBG,,Magazine,99.962,,Kessler,0.038,,Porter,0,,Pryor,0,,SL,0,,38.578,31.219,41.525,42.217,34.638,14, 0C11 - 1  1G13 - 1  G07 - 1  1F02 - 1  FIR031 - 1  GOT009 - 1  POR016 - 1  FIR013 - 1  GOTO40 - 1  PIE039 - 1  FIR53 - 1  FIR048 - 1  PIE125 - 1  QpZAG9 - 1  , FIR043 - 1  
QAc-G-0283,/Moore,,Kessler,100,,Magazine,0,,SL,0,,Pryor,0,,Porter,0,,44.57,41.525,43.683,42.236,35.789,15, 0C11 - 1  1G13 - 1  G07 - 1  1F02 - 1  FIR031 - 1  GOT009 - 1  POR016 - 1  FIR013 - 1  FIR043 - 1  GOTO40 - 1  PIE039 - 1  FIR53 - 1  FIR048 - 1  PIE125 - 1  QpZAG9 - 1  , 
QAc-G-0265,/MA,summit of Pryor Mountain,Kessler,99.638,,Pryor,0.361,,Porter,0.001,,Magazine,0,,SL,0,,37.089,37.982,34.57,44.089,32.129,15, 0C11 - 1  1G13 - 1  G07 - 1  1F02 - 1  FIR031 - 1  GOT009 - 1  POR016 - 1  FIR013 - 1  FIR043 - 1  GOTO40 - 1  PIE039 - 1  FIR53 - 1  FIR048 - 1  PIE125 - 1  QpZAG9 - 1  , 
QAc-G-0266,/MA, summit of Pryor Mountain,Kessler,69.91,,Magazine,30.053,,Pryor,0.037,,Porter,0,,SL,0,,44.785,39.992,42.906,49.585,39.625,15, 0C11 - 1  1G13 - 1  G07 - 1  1F02 - 1  FIR031 - 1  GOT009 - 1  POR016 - 1  FIR013 - 1  FIR043 - 1  GOTO40 - 1  PIE039 - 1  FIR53 - 1  FIR048 - 1  PIE125 - 1  QpZAG9 - 1  , 
QAc-G-0267,/MA,Mount Magazine State Park,Kessler,100,,Magazine,0,,SL,0,,Pryor,0,,Porter,0,,49.249,42.727,47.634,45.077,35.896,15, 0C11 - 1  1G13 - 1  G07 - 1  1F02 - 1  FIR031 - 1  GOT009 - 1  POR016 - 1  FIR013 - 1  FIR043 - 1  GOTO40 - 1  PIE039 - 1  FIR53 - 1  FIR048 - 1  PIE125 - 1  QpZAG9 - 1  , 
QAc-G-0268,/MA,Magazine State Park,Magazine,85.945,,Kessler,14.054,,Porter,0,,Pryor,0,,SL,0,,38.091,32.852,38.309,41.914,33.638,12, 0C11 - 1  G07 - 1  1F02 - 1  FIR031 - 1  GOT009 - 1  POR016 - 1  FIR043 - 1  GOTO40 - 1  PIE039 - 1  FIR53 - 1  FIR048 - 1  PIE125 - 1  , 1G13 - 1  FIR013 - 1  QpZAG9 - 1  
QAc-G-0269,/MA,Mount Magazine State Park,Magazine,95.866,,Kessler,4.127,,Pryor,0.004,,Porter,0.003,,SL,0,,38.121,33.628,37.981,45.216,34.994,15, 0C11 - 1  1G13 - 1  G07 - 1  1F02 - 1  FIR031 - 1  GOT009 - 1  POR016 - 1  FIR013 - 1  FIR043 - 1  GOTO40 - 1  PIE039 - 1  FIR53 - 1  FIR048 - 1  PIE125 - 1  QpZAG9 - 1  , 
QAc-G-0270,/MA,Porter Mountain Area,Porter,60.755,,Kessler,39.227,,Pryor,0.018,,Magazine,0,,SL,0,,36.033,41.776,39.564,42.359,36.223,14, 0C11 - 1  1G13 - 1  G07 - 1  1F02 - 1  FIR031 - 1  GOT009 - 1  POR016 - 1  FIR013 - 1  FIR043 - 1  GOTO40 - 1  PIE039 - 1  FIR53 - 1  FIR048 - 1  QpZAG9 - 1  , PIE125 - 1  
QAc-G-0271,/MA,Porter Mountain Area,Porter,99.282,,Kessler,0.65,,Magazine,0.068,,Pryor,0,,SL,0,,34.975,38.141,40.324,41.368,37.16,15, 0C11 - 1  1G13 - 1  G07 - 1  1F02 - 1  FIR031 - 1  GOT009 - 1  POR016 - 1  FIR013 - 1  FIR043 - 1  GOTO40 - 1  PIE039 - 1  FIR53 - 1  FIR048 - 1  PIE125 - 1  QpZAG9 - 1  , 
QAc-G-0272,/MA,Porter Mountain Area,Magazine,99.946,,Kessler,0.052,,Porter,0.002,,SL,0,,Pryor,0,,34.953,30.261,37.504,36.335,33.544,14, 0C11 - 1  1G13 - 1  G07 - 1  1F02 - 1  FIR031 - 1  GOT009 - 1  POR016 - 1  FIR013 - 1  FIR043 - 1  GOTO40 - 1  PIE039 - 1  FIR53 - 1  FIR048 - 1  QpZAG9 - 1  , PIE125 - 1  
QAc-G-0273,/MA,Mount Magazine State Park,Pryor,84.241,,Magazine,15.746,,Kessler,0.014,,Porter,0,,SL,0,,45.43,39.001,38.273,46.779,42.059,15, 0C11 - 1  1G13 - 1  G07 - 1  1F02 - 1  FIR031 - 1  GOT009 - 1  POR016 - 1  FIR013 - 1  FIR043 - 1  GOTO40 - 1  PIE039 - 1  FIR53 - 1  FIR048 - 1  PIE125 - 1  QpZAG9 - 1  , 
QAc-G-0274,/MA,Pryor Mountain,Pryor,99.731,,Magazine,0.2,,Porter,0.069,,Kessler,0,,SL,0,,36.605,36.141,33.444,44.856,41.307,15, 0C11 - 1  1G13 - 1  G07 - 1  1F02 - 1  FIR031 - 1  GOT009 - 1  POR016 - 1  FIR013 - 1  FIR043 - 1  GOTO40 - 1  PIE039 - 1  FIR53 - 1  FIR048 - 1  PIE125 - 1  QpZAG9 - 1  , 
QAc-G-0251,/Peckerwood,Porter,Kessler,99.963,,Porter,0.035,,Magazine,0.002,,SL,0,,Pryor,0,,36.078,37.251,39.218,39.029,32.622,14, 0C11 - 1  1G13 - 1  G07 - 1  1F02 - 1  FIR031 - 1  GOT009 - 1  POR016 - 1  FIR013 - 1  FIR043 - 1  GOTO40 - 1  PIE039 - 1  FIR53 - 1  FIR048 - 1  QpZAG9 - 1  , PIE125 - 1  
QAc-G-0252,/Peckerwood,Porter,Kessler,95.908,,Porter,3.329,,SL,0.631,,Magazine,0.132,,Pryor,0,,37.321,38.723,42.474,38.043,35.861,15, 0C11 - 1  1G13 - 1  G07 - 1  1F02 - 1  FIR031 - 1  GOT009 - 1  POR016 - 1  FIR013 - 1  FIR043 - 1  GOTO40 - 1  PIE039 - 1  FIR53 - 1  FIR048 - 1  PIE125 - 1  QpZAG9 - 1  , 
QAc-G-0253,/Peckerwood,Pryor,Pryor,99.698,,Magazine,0.256,,Kessler,0.046,,Porter,0,,SL,0,,48.194,39.601,37.011,49.555,40.343,15, 0C11 - 1  1G13 - 1  G07 - 1  1F02 - 1  FIR031 - 1  GOT009 - 1  POR016 - 1  FIR013 - 1  FIR043 - 1  GOTO40 - 1  PIE039 - 1  FIR53 - 1  FIR048 - 1  PIE125 - 1  QpZAG9 - 1  , 
QAc-G-0254,/Peckerwood,Pryor,Kessler,96.906,,Pryor,2.786,,Magazine,0.308,,Porter,0,,SL,0,,48.079,41.627,40.67,50.854,39.129,15, 0C11 - 1  1G13 - 1  G07 - 1  1F02 - 1  FIR031 - 1  GOT009 - 1  POR016 - 1  FIR013 - 1  FIR043 - 1  GOTO40 - 1  PIE039 - 1  FIR53 - 1  FIR048 - 1  PIE125 - 1  QpZAG9 - 1  , 
QAc-G-0255,/Peckerwood,Magazine,Kessler,99.869,,Pryor,0.101,,Magazine,0.029,,Porter,0.001,,SL,0,,45.855,44.236,43.695,46.632,40.701,15, 0C11 - 1  1G13 - 1  G07 - 1  1F02 - 1  FIR031 - 1  GOT009 - 1  POR016 - 1  FIR013 - 1  FIR043 - 1  GOTO40 - 1  PIE039 - 1  FIR53 - 1  FIR048 - 1  PIE125 - 1  QpZAG9 - 1  , 
QAc-G-0256,/Peckerwood,Magazine,Magazine,100,,Porter,0,,Kessler,0,,Pryor,0,,SL,0,,39.834,30.966,42.21,49.139,41.134,15, 0C11 - 1  1G13 - 1  G07 - 1  1F02 - 1  FIR031 - 1  GOT009 - 1  POR016 - 1  FIR013 - 1  FIR043 - 1  GOTO40 - 1  PIE039 - 1  FIR53 - 1  FIR048 - 1  PIE125 - 1  QpZAG9 - 1  , 
QAc-G-0257,/Peckerwood,Magazine,Kessler,96.458,,Magazine,3.516,,Pryor,0.026,,Porter,0,,SL,0,,46.54,41.35,43.484,47.183,39.912,15, 0C11 - 1  1G13 - 1  G07 - 1  1F02 - 1  FIR031 - 1  GOT009 - 1  POR016 - 1  FIR013 - 1  FIR043 - 1  GOTO40 - 1  PIE039 - 1  FIR53 - 1  FIR048 - 1  PIE125 - 1  QpZAG9 - 1  , 
QAc-G-0258,/Peckerwood,Magazine,Kessler,99.513,,Magazine,0.487,,SL,0,,Porter,0,,Pryor,0,,44.994,39.61,47.731,44.14,37.299,15, 0C11 - 1  1G13 - 1  G07 - 1  1F02 - 1  FIR031 - 1  GOT009 - 1  POR016 - 1  FIR013 - 1  FIR043 - 1  GOTO40 - 1  PIE039 - 1  FIR53 - 1  FIR048 - 1  PIE125 - 1  QpZAG9 - 1  , 
QAc-G-0259,/Peckerwood,Magazine,Kessler,100,,Magazine,0,,SL,0,,Porter,0,,Pryor,0,,57.715,55.742,58.888,57.478,43.716,15, 0C11 - 1  1G13 - 1  G07 - 1  1F02 - 1  FIR031 - 1  GOT009 - 1  POR016 - 1  FIR013 - 1  FIR043 - 1  GOTO40 - 1  PIE039 - 1  FIR53 - 1  FIR048 - 1  PIE125 - 1  QpZAG9 - 1  , 
QAc-G-0260,/Peckerwood,Magazine,Kessler,99.999,,Magazine,0.001,,Pryor,0,,Porter,0,,SL,0,,46.028,43.109,44.053,47.931,38.206,15, 0C11 - 1  1G13 - 1  G07 - 1  1F02 - 1  FIR031 - 1  GOT009 - 1  POR016 - 1  FIR013 - 1  FIR043 - 1  GOTO40 - 1  PIE039 - 1  FIR53 - 1  FIR048 - 1  PIE125 - 1  QpZAG9 - 1  , 
QAc-G-0261,/Peckerwood,Magazine,Kessler,96.831,,Magazine,1.672,,Pryor,1.497,,Porter,0.001,,SL,0,,44.85,41.601,41.649,50.751,39.838,15, 0C11 - 1  1G13 - 1  G07 - 1  1F02 - 1  FIR031 - 1  GOT009 - 1  POR016 - 1  FIR013 - 1  FIR043 - 1  GOTO40 - 1  PIE039 - 1  FIR53 - 1  FIR048 - 1  PIE125 - 1  QpZAG9 - 1  , 
QAc-G-0262,/Peckerwood,Magazine,Kessler,99.926,,Magazine,0.053,,Pryor,0.021,,Porter,0,,SL,0,,43.568,40.024,40.432,46.378,36.751,15, 0C11 - 1  1G13 - 1  G07 - 1  1F02 - 1  FIR031 - 1  GOT009 - 1  POR016 - 1  FIR013 - 1  FIR043 - 1  GOTO40 - 1  PIE039 - 1  FIR53 - 1  FIR048 - 1  PIE125 - 1  QpZAG9 - 1  , 
QAc-G-0010,/TMA,,Kessler,99.997,,Magazine,0.003,,Pryor,0,,Porter,0,,SL,0,,44.105,38.799,44.026,44.763,34.223,15, 0C11 - 1  1G13 - 1  G07 - 1  1F02 - 1  FIR031 - 1  GOT009 - 1  POR016 - 1  FIR013 - 1  FIR043 - 1  GOTO40 - 1  PIE039 - 1  FIR53 - 1  FIR048 - 1  PIE125 - 1  QpZAG9 - 1  , 
QAc-G-0011,/TMA,,Kessler,99.49,,SL,0.331,,Porter,0.173,,Magazine,0.007,,Pryor,0,,44.312,45.709,49.602,44.03,41.551,15, 0C11 - 1  1G13 - 1  G07 - 1  1F02 - 1  FIR031 - 1  GOT009 - 1  POR016 - 1  FIR013 - 1  FIR043 - 1  GOTO40 - 1  PIE039 - 1  FIR53 - 1  FIR048 - 1  PIE125 - 1  QpZAG9 - 1  , 
QAc-G-0015,/TMA,,Pryor,93.808,,Kessler,6.165,,Magazine,0.026,,SL,0,,Porter,0,,43.313,41.502,37.947,43.268,39.129,15, 0C11 - 1  1G13 - 1  G07 - 1  1F02 - 1  FIR031 - 1  GOT009 - 1  POR016 - 1  FIR013 - 1  FIR043 - 1  GOTO40 - 1  PIE039 - 1  FIR53 - 1  FIR048 - 1  PIE125 - 1  QpZAG9 - 1  , 
QAc-G-0106,/TMA,Magazine,Kessler,94.636,,Magazine,5.363,,Pryor,0.001,,Porter,0,,SL,0,,43.94,39.747,43.72,51.567,38.5,15, 0C11 - 1  1G13 - 1  G07 - 1  1F02 - 1  FIR031 - 1  GOT009 - 1  POR016 - 1  FIR013 - 1  FIR043 - 1  GOTO40 - 1  PIE039 - 1  FIR53 - 1  FIR048 - 1  PIE125 - 1  QpZAG9 - 1  , 
QAc-G-0107,/TMA,Magazine,Magazine,95.126,,Kessler,4.874,,Porter,0,,SL,0,,Pryor,0,,42.648,34.993,48.501,46.898,36.283,15, 0C11 - 1  1G13 - 1  G07 - 1  1F02 - 1  FIR031 - 1  GOT009 - 1  POR016 - 1  FIR013 - 1  FIR043 - 1  GOTO40 - 1  PIE039 - 1  FIR53 - 1  FIR048 - 1  PIE125 - 1  QpZAG9 - 1  , 
QAc-G-0108,/TMA,Magazine,Magazine,86.457,,Porter,13.52,,Kessler,0.017,,SL,0.006,,Pryor,0,,35.834,35.028,42.187,39.176,38.742,15, 0C11 - 1  1G13 - 1  G07 - 1  1F02 - 1  FIR031 - 1  GOT009 - 1  POR016 - 1  FIR013 - 1  FIR043 - 1  GOTO40 - 1  PIE039 - 1  FIR53 - 1  FIR048 - 1  PIE125 - 1  QpZAG9 - 1  , 
QAc-G-0109,/TMA,Magazine,Magazine,99.923,,Kessler,0.077,,SL,0,,Pryor,0,,Porter,0,,45.832,34.788,43.739,41.434,37.899,15, 0C11 - 1  1G13 - 1  G07 - 1  1F02 - 1  FIR031 - 1  GOT009 - 1  POR016 - 1  FIR013 - 1  FIR043 - 1  GOTO40 - 1  PIE039 - 1  FIR53 - 1  FIR048 - 1  PIE125 - 1  QpZAG9 - 1  , 
QAc-G-0110,/TMA,Magazine,Magazine,99.891,,Kessler,0.109,,Porter,0,,SL,0,,Pryor,0,,40.022,33.829,45.284,41.918,36.79,15, 0C11 - 1  1G13 - 1  G07 - 1  1F02 - 1  FIR031 - 1  GOT009 - 1  POR016 - 1  FIR013 - 1  FIR043 - 1  GOTO40 - 1  PIE039 - 1  FIR53 - 1  FIR048 - 1  PIE125 - 1  QpZAG9 - 1  , 
QAc-G-0111,/TMA,Magazine,Kessler,99.971,,Magazine,0.029,,Porter,0,,SL,0,,Pryor,0,,46.927,37.737,49.227,48.121,34.2,15, 0C11 - 1  1G13 - 1  G07 - 1  1F02 - 1  FIR031 - 1  GOT009 - 1  POR016 - 1  FIR013 - 1  FIR043 - 1  GOTO40 - 1  PIE039 - 1  FIR53 - 1  FIR048 - 1  PIE125 - 1  QpZAG9 - 1  , 
QAc-G-0112,/TMA,Magazine,Kessler,99.994,,Magazine,0.006,,Porter,0,,SL,0,,Pryor,0,,41.835,39.039,45.348,42.452,34.819,15, 0C11 - 1  1G13 - 1  G07 - 1  1F02 - 1  FIR031 - 1  GOT009 - 1  POR016 - 1  FIR013 - 1  FIR043 - 1  GOTO40 - 1  PIE039 - 1  FIR53 - 1  FIR048 - 1  PIE125 - 1  QpZAG9 - 1  , 
QAc-G-0113,/TMA,Magazine,Magazine,99.463,,Kessler,0.537,,Porter,0,,Pryor,0,,SL,0,,45.069,37.546,47.638,49.121,39.814,15, 0C11 - 1  1G13 - 1  G07 - 1  1F02 - 1  FIR031 - 1  GOT009 - 1  POR016 - 1  FIR013 - 1  FIR043 - 1  GOTO40 - 1  PIE039 - 1  FIR53 - 1  FIR048 - 1  PIE125 - 1  QpZAG9 - 1  , 
QAc-G-0114,/TMA,Magazine,Kessler,61.515,,Magazine,38.472,,Pryor,0.013,,SL,0,,Porter,0,,47.201,37.815,41.284,46.348,37.611,15, 0C11 - 1  1G13 - 1  G07 - 1  1F02 - 1  FIR031 - 1  GOT009 - 1  POR016 - 1  FIR013 - 1  FIR043 - 1  GOTO40 - 1  PIE039 - 1  FIR53 - 1  FIR048 - 1  PIE125 - 1  QpZAG9 - 1  , 
QAc-G-0115,/TMA,Magazine,Kessler,79.457,,Magazine,16.017,,Porter,4.526,,SL,0,,Pryor,0,,45.514,44.965,51.119,50.867,44.27,15, 0C11 - 1  1G13 - 1  G07 - 1  1F02 - 1  FIR031 - 1  GOT009 - 1  POR016 - 1  FIR013 - 1  FIR043 - 1  GOTO40 - 1  PIE039 - 1  FIR53 - 1  FIR048 - 1  PIE125 - 1  QpZAG9 - 1  , 
QAc-G-0116,/TMA,Magazine,Kessler,97.556,,Magazine,2.444,,Porter,0,,SL,0,,Pryor,0,,43.743,38.563,45.39,44.226,36.962,15, 0C11 - 1  1G13 - 1  G07 - 1  1F02 - 1  FIR031 - 1  GOT009 - 1  POR016 - 1  FIR013 - 1  FIR043 - 1  GOTO40 - 1  PIE039 - 1  FIR53 - 1  FIR048 - 1  PIE125 - 1  QpZAG9 - 1  , 
QAc-G-0117,/TMA,Magazine,Magazine,94.776,,Porter,2.663,,Kessler,2.56,,Pryor,0.001,,SL,0,,33.804,32.253,37.298,42.114,33.821,15, 0C11 - 1  1G13 - 1  G07 - 1  1F02 - 1  FIR031 - 1  GOT009 - 1  POR016 - 1  FIR013 - 1  FIR043 - 1  GOTO40 - 1  PIE039 - 1  FIR53 - 1  FIR048 - 1  PIE125 - 1  QpZAG9 - 1  , 
QAc-G-0118,/TMA,Magazine,Kessler,98.746,,Magazine,1.209,,Porter,0.045,,SL,0,,Pryor,0,,38.472,37.039,45.916,41.114,35.127,15, 0C11 - 1  1G13 - 1  G07 - 1  1F02 - 1  FIR031 - 1  GOT009 - 1  POR016 - 1  FIR013 - 1  FIR043 - 1  GOTO40 - 1  PIE039 - 1  FIR53 - 1  FIR048 - 1  PIE125 - 1  QpZAG9 - 1  , 
QAc-G-0119,/TMA,Magazine,Magazine,100,,Porter,0,,Kessler,0,,SL,0,,Pryor,0,,43.729,37.15,46.612,44.691,43.735,15, 0C11 - 1  1G13 - 1  G07 - 1  1F02 - 1  FIR031 - 1  GOT009 - 1  POR016 - 1  FIR013 - 1  FIR043 - 1  GOTO40 - 1  PIE039 - 1  FIR53 - 1  FIR048 - 1  PIE125 - 1  QpZAG9 - 1  , 
QAc-G-0120,/TMA,Magazine,Kessler,99.996,,SL,0.004,,Magazine,0,,Porter,0,,Pryor,0,,43.492,42.977,48.419,40.916,36.466,15, 0C11 - 1  1G13 - 1  G07 - 1  1F02 - 1  FIR031 - 1  GOT009 - 1  POR016 - 1  FIR013 - 1  FIR043 - 1  GOTO40 - 1  PIE039 - 1  FIR53 - 1  FIR048 - 1  PIE125 - 1  QpZAG9 - 1  , 
QAc-G-0121,/TMA,Magazine,Pryor,72.698,,Magazine,27.292,,Porter,0.01,,Kessler,0,,SL,0,,38.041,34.583,34.158,45.349,43.173,15, 0C11 - 1  1G13 - 1  G07 - 1  1F02 - 1  FIR031 - 1  GOT009 - 1  POR016 - 1  FIR013 - 1  FIR043 - 1  GOTO40 - 1  PIE039 - 1  FIR53 - 1  FIR048 - 1  PIE125 - 1  QpZAG9 - 1  , 
QAc-G-0122,/TMA,Magazine,Magazine,71.218,,Porter,22.792,,Pryor,5.917,,Kessler,0.073,,SL,0,,34.177,33.682,34.762,42.035,36.671,15, 0C11 - 1  1G13 - 1  G07 - 1  1F02 - 1  FIR031 - 1  GOT009 - 1  POR016 - 1  FIR013 - 1  FIR043 - 1  GOTO40 - 1  PIE039 - 1  FIR53 - 1  FIR048 - 1  PIE125 - 1  QpZAG9 - 1  , 
QAc-G-0123,/TMA,Magazine,Kessler,95.154,,Pryor,4.827,,Magazine,0.017,,Porter,0.002,,SL,0,,42.984,42.141,39.692,46.782,38.397,15, 0C11 - 1  1G13 - 1  G07 - 1  1F02 - 1  FIR031 - 1  GOT009 - 1  POR016 - 1  FIR013 - 1  FIR043 - 1  GOTO40 - 1  PIE039 - 1  FIR53 - 1  FIR048 - 1  PIE125 - 1  QpZAG9 - 1  , 
QAc-G-0124,/TMA,Magazine,Pryor,99.719,,Kessler,0.262,,Porter,0.018,,Magazine,0.001,,SL,0,,34.989,36.095,31.25,38.378,33.831,14, 0C11 - 1  1G13 - 1  G07 - 1  1F02 - 1  FIR031 - 1  GOT009 - 1  POR016 - 1  FIR013 - 1  GOTO40 - 1  PIE039 - 1  FIR53 - 1  FIR048 - 1  PIE125 - 1  QpZAG9 - 1  , FIR043 - 1  
QAc-G-0125,/TMA,Magazine,Magazine,99.735,,Kessler,0.138,,Pryor,0.126,,Porter,0.001,,SL,0,,42.682,37.659,40.559,49.962,40.518,15, 0C11 - 1  1G13 - 1  G07 - 1  1F02 - 1  FIR031 - 1  GOT009 - 1  POR016 - 1  FIR013 - 1  FIR043 - 1  GOTO40 - 1  PIE039 - 1  FIR53 - 1  FIR048 - 1  PIE125 - 1  QpZAG9 - 1  , 
QAc-G-0126,/TMA,Magazine,Kessler,58.51,,Porter,20.932,,Pryor,12.518,,Magazine,8.04,,SL,0.001,,37.522,37.938,37.746,41.99,37.076,15, 0C11 - 1  1G13 - 1  G07 - 1  1F02 - 1  FIR031 - 1  GOT009 - 1  POR016 - 1  FIR013 - 1  FIR043 - 1  GOTO40 - 1  PIE039 - 1  FIR53 - 1  FIR048 - 1  PIE125 - 1  QpZAG9 - 1  , 
QAc-G-0127,/TMA,Magazine,Pryor,97.565,,Magazine,2.25,,Porter,0.183,,Kessler,0.002,,SL,0,,40.06,38.97,37.333,46.809,41.936,15, 0C11 - 1  1G13 - 1  G07 - 1  1F02 - 1  FIR031 - 1  GOT009 - 1  POR016 - 1  FIR013 - 1  FIR043 - 1  GOTO40 - 1  PIE039 - 1  FIR53 - 1  FIR048 - 1  PIE125 - 1  QpZAG9 - 1  , 
QAc-G-0128,/TMA,Magazine,Kessler,92.773,,Porter,4.74,,Pryor,2.484,,Magazine,0.003,,SL,0,,37.257,40.467,37.537,49.034,35.965,15, 0C11 - 1  1G13 - 1  G07 - 1  1F02 - 1  FIR031 - 1  GOT009 - 1  POR016 - 1  FIR013 - 1  FIR043 - 1  GOTO40 - 1  PIE039 - 1  FIR53 - 1  FIR048 - 1  PIE125 - 1  QpZAG9 - 1  , 
QAc-G-0129,/TMA,Magazine,Kessler,98.985,,Pryor,0.863,,Porter,0.137,,Magazine,0.015,,SL,0,,40.702,41.648,39.902,49.882,37.843,15, 0C11 - 1  1G13 - 1  G07 - 1  1F02 - 1  FIR031 - 1  GOT009 - 1  POR016 - 1  FIR013 - 1  FIR043 - 1  GOTO40 - 1  PIE039 - 1  FIR53 - 1  FIR048 - 1  PIE125 - 1  QpZAG9 - 1  , 
QAc-G-0130,/TMA,Magazine,Kessler,44.276,,Pryor,35.174,,Magazine,19.864,,Porter,0.685,,SL,0,,42.398,40.936,40.687,47.279,40.588,15, 0C11 - 1  1G13 - 1  G07 - 1  1F02 - 1  FIR031 - 1  GOT009 - 1  POR016 - 1  FIR013 - 1  FIR043 - 1  GOTO40 - 1  PIE039 - 1  FIR53 - 1  FIR048 - 1  PIE125 - 1  QpZAG9 - 1  , 
QAc-G-0131,/TMA,Magazine,Magazine,82.641,,Kessler,11.457,,Pryor,5.558,,Porter,0.345,,SL,0,,39.906,37.526,38.699,45.037,38.385,15, 0C11 - 1  1G13 - 1  G07 - 1  1F02 - 1  FIR031 - 1  GOT009 - 1  POR016 - 1  FIR013 - 1  FIR043 - 1  GOTO40 - 1  PIE039 - 1  FIR53 - 1  FIR048 - 1  PIE125 - 1  QpZAG9 - 1  , 
QAc-G-0132,/TMA,Magazine,Pryor,95.561,,Porter,3.104,,Magazine,1.218,,Kessler,0.117,,SL,0,,38.839,39.245,37.35,47.726,40.263,15, 0C11 - 1  1G13 - 1  G07 - 1  1F02 - 1  FIR031 - 1  GOT009 - 1  POR016 - 1  FIR013 - 1  FIR043 - 1  GOTO40 - 1  PIE039 - 1  FIR53 - 1  FIR048 - 1  PIE125 - 1  QpZAG9 - 1  , 
QAc-G-0133,/TMA,Magazine,Porter,66.435,,Pryor,32.792,,Kessler,0.411,,Magazine,0.362,,SL,0,,34.767,37.031,35.074,43.174,36.975,15, 0C11 - 1  1G13 - 1  G07 - 1  1F02 - 1  FIR031 - 1  GOT009 - 1  POR016 - 1  FIR013 - 1  FIR043 - 1  GOTO40 - 1  PIE039 - 1  FIR53 - 1  FIR048 - 1  PIE125 - 1  QpZAG9 - 1  , 
QAc-G-0134,/TMA,Magazine,Kessler,99.958,,Pryor,0.042,,Porter,0,,Magazine,0,,SL,0,,43.7,46.363,41.359,50.671,37.98,15, 0C11 - 1  1G13 - 1  G07 - 1  1F02 - 1  FIR031 - 1  GOT009 - 1  POR016 - 1  FIR013 - 1  FIR043 - 1  GOTO40 - 1  PIE039 - 1  FIR53 - 1  FIR048 - 1  PIE125 - 1  QpZAG9 - 1  , 
QAc-G-0135,/TMA,Magazine,Magazine,99.508,,Porter,0.407,,Kessler,0.082,,SL,0.002,,Pryor,0,,41.391,39.003,46.394,43.604,42.087,15, 0C11 - 1  1G13 - 1  G07 - 1  1F02 - 1  FIR031 - 1  GOT009 - 1  POR016 - 1  FIR013 - 1  FIR043 - 1  GOTO40 - 1  PIE039 - 1  FIR53 - 1  FIR048 - 1  PIE125 - 1  QpZAG9 - 1  , 
QAc-G-0136,/TMA,Magazine,Kessler,99.995,,Magazine,0.005,,Porter,0,,SL,0,,Pryor,0,,43.644,36.93,45.72,45.33,32.669,15, 0C11 - 1  1G13 - 1  G07 - 1  1F02 - 1  FIR031 - 1  GOT009 - 1  POR016 - 1  FIR013 - 1  FIR043 - 1  GOTO40 - 1  PIE039 - 1  FIR53 - 1  FIR048 - 1  PIE125 - 1  QpZAG9 - 1  , 
QAc-G-0137,/TMA,Magazine,Magazine,99.986,,Kessler,0.014,,Pryor,0,,Porter,0,,SL,0,,42.633,32.303,40.246,49.261,36.151,15, 0C11 - 1  1G13 - 1  G07 - 1  1F02 - 1  FIR031 - 1  GOT009 - 1  POR016 - 1  FIR013 - 1  FIR043 - 1  GOTO40 - 1  PIE039 - 1  FIR53 - 1  FIR048 - 1  PIE125 - 1  QpZAG9 - 1  , 
QAc-G-0138,/TMA,Magazine,Kessler,68.393,,Magazine,31.606,,SL,0.001,,Pryor,0,,Porter,0,,49.238,39.87,47.472,44.574,39.535,15, 0C11 - 1  1G13 - 1  G07 - 1  1F02 - 1  FIR031 - 1  GOT009 - 1  POR016 - 1  FIR013 - 1  FIR043 - 1  GOTO40 - 1  PIE039 - 1  FIR53 - 1  FIR048 - 1  PIE125 - 1  QpZAG9 - 1  , 
QAc-G-0139,/TMA,Magazine,Magazine,94.439,,Porter,5.175,,Kessler,0.385,,Pryor,0,,SL,0,,41.111,39.85,45.737,46.623,42.24,15, 0C11 - 1  1G13 - 1  G07 - 1  1F02 - 1  FIR031 - 1  GOT009 - 1  POR016 - 1  FIR013 - 1  FIR043 - 1  GOTO40 - 1  PIE039 - 1  FIR53 - 1  FIR048 - 1  PIE125 - 1  QpZAG9 - 1  , 
QAc-G-0140,/TMA,Magazine,Magazine,93.807,,Porter,6.185,,Kessler,0.007,,Pryor,0,,SL,0,,33.242,32.061,37.498,43.385,36.162,14, 0C11 - 1  1G13 - 1  G07 - 1  1F02 - 1  FIR031 - 1  GOT009 - 1  POR016 - 1  FIR013 - 1  GOTO40 - 1  PIE039 - 1  FIR53 - 1  FIR048 - 1  PIE125 - 1  QpZAG9 - 1  , FIR043 - 1  
QAc-G-0141,/TMA,Magazine,Kessler,83.105,,Pryor,11.867,,Magazine,4.195,,Porter,0.833,,SL,0,,39.033,38.331,37.88,44.051,37.034,15, 0C11 - 1  1G13 - 1  G07 - 1  1F02 - 1  FIR031 - 1  GOT009 - 1  POR016 - 1  FIR013 - 1  FIR043 - 1  GOTO40 - 1  PIE039 - 1  FIR53 - 1  FIR048 - 1  PIE125 - 1  QpZAG9 - 1  , 
QAc-G-0142,/TMA,Magazine,Kessler,99.393,,Magazine,0.607,,Porter,0,,SL,0,,Pryor,0,,43.495,38.831,46.779,43.528,36.617,15, 0C11 - 1  1G13 - 1  G07 - 1  1F02 - 1  FIR031 - 1  GOT009 - 1  POR016 - 1  FIR013 - 1  FIR043 - 1  GOTO40 - 1  PIE039 - 1  FIR53 - 1  FIR048 - 1  PIE125 - 1  QpZAG9 - 1  , 
QAc-G-0143,/TMA,Magazine,Porter,56.492,,Kessler,43.508,,SL,0,,Magazine,0,,Pryor,0,,39.333,46.97,50.701,45.807,39.446,15, 0C11 - 1  1G13 - 1  G07 - 1  1F02 - 1  FIR031 - 1  GOT009 - 1  POR016 - 1  FIR013 - 1  FIR043 - 1  GOTO40 - 1  PIE039 - 1  FIR53 - 1  FIR048 - 1  PIE125 - 1  QpZAG9 - 1  , 
QAc-G-0144,/TMA,Magazine,Kessler,99.991,,Magazine,0.009,,SL,0,,Porter,0,,Pryor,0,,48.217,38.497,53.359,44.904,34.431,14, 0C11 - 1  1G13 - 1  G07 - 1  1F02 - 1  FIR031 - 1  GOT009 - 1  POR016 - 1  FIR013 - 1  GOTO40 - 1  PIE039 - 1  FIR53 - 1  FIR048 - 1  PIE125 - 1  QpZAG9 - 1  , FIR043 - 1  
QAc-G-0145,/TMA,Magazine,Kessler,96.652,,Magazine,2.687,,Porter,0.661,,Pryor,0,,SL,0,,38.169,37.56,42.572,43.667,36.004,15, 0C11 - 1  1G13 - 1  G07 - 1  1F02 - 1  FIR031 - 1  GOT009 - 1  POR016 - 1  FIR013 - 1  FIR043 - 1  GOTO40 - 1  PIE039 - 1  FIR53 - 1  FIR048 - 1  PIE125 - 1  QpZAG9 - 1  , 
QAc-G-0146,/TMA,Magazine,Kessler,91.569,,Porter,5.985,,Pryor,1.568,,Magazine,0.876,,SL,0.002,,38.559,39.394,39.141,42.074,37.375,15, 0C11 - 1  1G13 - 1  G07 - 1  1F02 - 1  FIR031 - 1  GOT009 - 1  POR016 - 1  FIR013 - 1  FIR043 - 1  GOTO40 - 1  PIE039 - 1  FIR53 - 1  FIR048 - 1  PIE125 - 1  QpZAG9 - 1  , 
QAc-G-0147,/TMA,Magazine,Magazine,99.998,,Pryor,0.001,,Porter,0,,Kessler,0,,SL,0,,33.838,28.243,33.076,36.879,35.512,15, 0C11 - 1  1G13 - 1  G07 - 1  1F02 - 1  FIR031 - 1  GOT009 - 1  POR016 - 1  FIR013 - 1  FIR043 - 1  GOTO40 - 1  PIE039 - 1  FIR53 - 1  FIR048 - 1  PIE125 - 1  QpZAG9 - 1  , 
QAc-G-0148,/TMA,Magazine,Magazine,98.95,,Kessler,1.05,,Porter,0,,Pryor,0,,SL,0,,42.694,36.941,46.48,54.892,38.916,15, 0C11 - 1  1G13 - 1  G07 - 1  1F02 - 1  FIR031 - 1  GOT009 - 1  POR016 - 1  FIR013 - 1  FIR043 - 1  GOTO40 - 1  PIE039 - 1  FIR53 - 1  FIR048 - 1  PIE125 - 1  QpZAG9 - 1  , 
QAc-G-0149,/TMA,Magazine,Pryor,59.473,,Porter,23.534,,Magazine,16.993,,Kessler,0.001,,SL,0,,38.193,38.335,37.791,47.963,42.505,15, 0C11 - 1  1G13 - 1  G07 - 1  1F02 - 1  FIR031 - 1  GOT009 - 1  POR016 - 1  FIR013 - 1  FIR043 - 1  GOTO40 - 1  PIE039 - 1  FIR53 - 1  FIR048 - 1  PIE125 - 1  QpZAG9 - 1  , 
QAc-G-0150,/TMA,Magazine,Kessler,99.975,,Pryor,0.021,,Porter,0.003,,Magazine,0,,SL,0,,36.729,37.559,35.917,48.293,32.246,15, 0C11 - 1  1G13 - 1  G07 - 1  1F02 - 1  FIR031 - 1  GOT009 - 1  POR016 - 1  FIR013 - 1  FIR043 - 1  GOTO40 - 1  PIE039 - 1  FIR53 - 1  FIR048 - 1  PIE125 - 1  QpZAG9 - 1  , 
QAc-G-0151,/TMA,Magazine,Kessler,100,,Pryor,0,,Magazine,0,,Porter,0,,SL,0,,43.573,43.148,42.997,45.588,37.382,15, 0C11 - 1  1G13 - 1  G07 - 1  1F02 - 1  FIR031 - 1  GOT009 - 1  POR016 - 1  FIR013 - 1  FIR043 - 1  GOTO40 - 1  PIE039 - 1  FIR53 - 1  FIR048 - 1  PIE125 - 1  QpZAG9 - 1  , 
QAc-G-0152,/TMA,Magazine,Kessler,100,,Pryor,0,,Magazine,0,,SL,0,,Porter,0,,45.195,43.273,43.018,44.989,36.116,15, 0C11 - 1  1G13 - 1  G07 - 1  1F02 - 1  FIR031 - 1  GOT009 - 1  POR016 - 1  FIR013 - 1  FIR043 - 1  GOTO40 - 1  PIE039 - 1  FIR53 - 1  FIR048 - 1  PIE125 - 1  QpZAG9 - 1  , 
QAc-G-0153,/TMA,Magazine,Kessler,100,,Porter,0,,Magazine,0,,Pryor,0,,SL,0,,41.965,42.023,43.02,43.664,36.28,15, 0C11 - 1  1G13 - 1  G07 - 1  1F02 - 1  FIR031 - 1  GOT009 - 1  POR016 - 1  FIR013 - 1  FIR043 - 1  GOTO40 - 1  PIE039 - 1  FIR53 - 1  FIR048 - 1  PIE125 - 1  QpZAG9 - 1  , 
QAc-G-0154,/TMA,Magazine,Porter,89.109,,Magazine,9.25,,Pryor,1.577,,Kessler,0.064,,SL,0,,33.213,34.196,34.965,40.884,36.356,15, 0C11 - 1  1G13 - 1  G07 - 1  1F02 - 1  FIR031 - 1  GOT009 - 1  POR016 - 1  FIR013 - 1  FIR043 - 1  GOTO40 - 1  PIE039 - 1  FIR53 - 1  FIR048 - 1  PIE125 - 1  QpZAG9 - 1  , 
QAc-G-0155,/TMA,Magazine,Kessler,99.399,,Pryor,0.555,,Porter,0.044,,Magazine,0.002,,SL,0,,40.853,42.195,39.748,45.542,37.495,15, 0C11 - 1  1G13 - 1  G07 - 1  1F02 - 1  FIR031 - 1  GOT009 - 1  POR016 - 1  FIR013 - 1  FIR043 - 1  GOTO40 - 1  PIE039 - 1  FIR53 - 1  FIR048 - 1  PIE125 - 1  QpZAG9 - 1  , 
QAc-G-0158,/TMA,Magazine,Magazine,70.777,,Pryor,27.18,,Kessler,1.903,,Porter,0.14,,SL,0,,41.773,39.07,39.485,50.887,40.64,15, 0C11 - 1  1G13 - 1  G07 - 1  1F02 - 1  FIR031 - 1  GOT009 - 1  POR016 - 1  FIR013 - 1  FIR043 - 1  GOTO40 - 1  PIE039 - 1  FIR53 - 1  FIR048 - 1  PIE125 - 1  QpZAG9 - 1  , 
QAc-G-0159,/TMA,Magazine,Kessler,85.32,,Porter,14.666,,Magazine,0.014,,Pryor,0,,SL,0,,36.092,39.1,43.336,45.411,35.328,15, 0C11 - 1  1G13 - 1  G07 - 1  1F02 - 1  FIR031 - 1  GOT009 - 1  POR016 - 1  FIR013 - 1  FIR043 - 1  GOTO40 - 1  PIE039 - 1  FIR53 - 1  FIR048 - 1  PIE125 - 1  QpZAG9 - 1  , 
QAc-G-0160,/TMA,Magazine,Kessler,99.945,,Porter,0.053,,Pryor,0.001,,Magazine,0.001,,SL,0,,36.808,38.492,38.44,43.757,33.529,15, 0C11 - 1  1G13 - 1  G07 - 1  1F02 - 1  FIR031 - 1  GOT009 - 1  POR016 - 1  FIR013 - 1  FIR043 - 1  GOTO40 - 1  PIE039 - 1  FIR53 - 1  FIR048 - 1  PIE125 - 1  QpZAG9 - 1  , 
QAc-G-0161,/TMA,Magazine,Magazine,94.292,,Kessler,5.47,,Porter,0.238,,Pryor,0,,SL,0,,36.789,34.19,40.265,41.57,35.426,15, 0C11 - 1  1G13 - 1  G07 - 1  1F02 - 1  FIR031 - 1  GOT009 - 1  POR016 - 1  FIR013 - 1  FIR043 - 1  GOTO40 - 1  PIE039 - 1  FIR53 - 1  FIR048 - 1  PIE125 - 1  QpZAG9 - 1  , 
QAc-G-0162,/TMA,Magazine,Kessler,99.998,,Magazine,0.002,,Porter,0,,SL,0,,Pryor,0,,40.478,39.404,42.218,42.035,34.58,15, 0C11 - 1  1G13 - 1  G07 - 1  1F02 - 1  FIR031 - 1  GOT009 - 1  POR016 - 1  FIR013 - 1  FIR043 - 1  GOTO40 - 1  PIE039 - 1  FIR53 - 1  FIR048 - 1  PIE125 - 1  QpZAG9 - 1  , 
QAc-G-0163,/TMA,Magazine,Kessler,97.68,,Porter,2.307,,Magazine,0.013,,SL,0,,Pryor,0,,36.131,38.37,45.386,42.869,34.504,15, 0C11 - 1  1G13 - 1  G07 - 1  1F02 - 1  FIR031 - 1  GOT009 - 1  POR016 - 1  FIR013 - 1  FIR043 - 1  GOTO40 - 1  PIE039 - 1  FIR53 - 1  FIR048 - 1  PIE125 - 1  QpZAG9 - 1  , 
QAc-G-0164,/TMA,Magazine,Kessler,83.42,,Porter,13.807,,Magazine,2.692,,Pryor,0.081,,SL,0,,36.976,37.686,39.209,42.353,36.195,15, 0C11 - 1  1G13 - 1  G07 - 1  1F02 - 1  FIR031 - 1  GOT009 - 1  POR016 - 1  FIR013 - 1  FIR043 - 1  GOTO40 - 1  PIE039 - 1  FIR53 - 1  FIR048 - 1  PIE125 - 1  QpZAG9 - 1  , 
QAc-G-0165,/TMA,Magazine,Kessler,97.957,,Magazine,1.573,,Porter,0.47,,Pryor,0,,SL,0,,37.43,36.905,40.84,46.355,35.111,15, 0C11 - 1  1G13 - 1  G07 - 1  1F02 - 1  FIR031 - 1  GOT009 - 1  POR016 - 1  FIR013 - 1  FIR043 - 1  GOTO40 - 1  PIE039 - 1  FIR53 - 1  FIR048 - 1  PIE125 - 1  QpZAG9 - 1  , 
QAc-G-0166,/TMA,Magazine,Magazine,99.985,,Kessler,0.014,,Porter,0,,Pryor,0,,SL,0,,39.104,33.081,40.891,42.005,36.922,15, 0C11 - 1  1G13 - 1  G07 - 1  1F02 - 1  FIR031 - 1  GOT009 - 1  POR016 - 1  FIR013 - 1  FIR043 - 1  GOTO40 - 1  PIE039 - 1  FIR53 - 1  FIR048 - 1  PIE125 - 1  QpZAG9 - 1  , 
QAc-G-0167,/TMA,Magazine,Magazine,99.521,,Kessler,0.258,,Porter,0.212,,Pryor,0.009,,SL,0,,37.748,35.076,39.127,45.811,37.661,15, 0C11 - 1  1G13 - 1  G07 - 1  1F02 - 1  FIR031 - 1  GOT009 - 1  POR016 - 1  FIR013 - 1  FIR043 - 1  GOTO40 - 1  PIE039 - 1  FIR53 - 1  FIR048 - 1  PIE125 - 1  QpZAG9 - 1  , 
QAc-G-0168,/TMA,Magazine,Magazine,95.084,,Kessler,4.912,,Porter,0.003,,Pryor,0,,SL,0,,37.443,32.978,38.947,44.083,34.265,15, 0C11 - 1  1G13 - 1  G07 - 1  1F02 - 1  FIR031 - 1  GOT009 - 1  POR016 - 1  FIR013 - 1  FIR043 - 1  GOTO40 - 1  PIE039 - 1  FIR53 - 1  FIR048 - 1  PIE125 - 1  QpZAG9 - 1  , 
QAc-G-0169,/TMA,Magazine,Kessler,87.526,,Porter,11.55,,Pryor,0.877,,Magazine,0.047,,SL,0,,35.57,37.961,36.689,40.179,34.691,14, 0C11 - 1  G07 - 1  1F02 - 1  FIR031 - 1  GOT009 - 1  POR016 - 1  FIR013 - 1  FIR043 - 1  GOTO40 - 1  PIE039 - 1  FIR53 - 1  FIR048 - 1  PIE125 - 1  QpZAG9 - 1  , 1G13 - 1  
QAc-G-0170,/TMA,Magazine,Kessler,77.832,,Porter,12.47,,Magazine,9.694,,Pryor,0.003,,SL,0,,34.662,34.771,38.257,43.555,33.866,15, 0C11 - 1  1G13 - 1  G07 - 1  1F02 - 1  FIR031 - 1  GOT009 - 1  POR016 - 1  FIR013 - 1  FIR043 - 1  GOTO40 - 1  PIE039 - 1  FIR53 - 1  FIR048 - 1  PIE125 - 1  QpZAG9 - 1  , 
QAc-G-0171,/TMA,Magazine,Magazine,94.847,,Porter,3.717,,Kessler,1.43,,Pryor,0.006,,SL,0,,37.964,36.557,40.764,47.598,38.379,15, 0C11 - 1  1G13 - 1  G07 - 1  1F02 - 1  FIR031 - 1  GOT009 - 1  POR016 - 1  FIR013 - 1  FIR043 - 1  GOTO40 - 1  PIE039 - 1  FIR53 - 1  FIR048 - 1  PIE125 - 1  QpZAG9 - 1  , 
QAc-G-0172,/TMA,Magazine,Kessler,100,,Magazine,0,,Pryor,0,,SL,0,,Porter,0,,49.815,44.461,45.801,49.442,35.73,15, 0C11 - 1  1G13 - 1  G07 - 1  1F02 - 1  FIR031 - 1  GOT009 - 1  POR016 - 1  FIR013 - 1  FIR043 - 1  GOTO40 - 1  PIE039 - 1  FIR53 - 1  FIR048 - 1  PIE125 - 1  QpZAG9 - 1  , 
QAc-G-0173,/TMA,Magazine,Magazine,98.649,,Kessler,1.351,,Porter,0,,Pryor,0,,SL,0,,44.554,36.899,44.827,45.92,38.762,15, 0C11 - 1  1G13 - 1  G07 - 1  1F02 - 1  FIR031 - 1  GOT009 - 1  POR016 - 1  FIR013 - 1  FIR043 - 1  GOTO40 - 1  PIE039 - 1  FIR53 - 1  FIR048 - 1  PIE125 - 1  QpZAG9 - 1  , 
QAc-G-0174,/TMA,Magazine,Magazine,94.625,,Kessler,5.375,,Porter,0,,Pryor,0,,SL,0,,42.983,36.4,46.873,49.526,37.645,15, 0C11 - 1  1G13 - 1  G07 - 1  1F02 - 1  FIR031 - 1  GOT009 - 1  POR016 - 1  FIR013 - 1  FIR043 - 1  GOTO40 - 1  PIE039 - 1  FIR53 - 1  FIR048 - 1  PIE125 - 1  QpZAG9 - 1  , 
QAc-G-0175,/TMA,Magazine,Kessler,99.99,,Magazine,0.01,,Porter,0,,Pryor,0,,SL,0,,39.943,37.096,40.099,47.578,33.106,15, 0C11 - 1  1G13 - 1  G07 - 1  1F02 - 1  FIR031 - 1  GOT009 - 1  POR016 - 1  FIR013 - 1  FIR043 - 1  GOTO40 - 1  PIE039 - 1  FIR53 - 1  FIR048 - 1  PIE125 - 1  QpZAG9 - 1  , 
QAc-G-0176,/TMA,Magazine,Porter,54.381,,Magazine,32.484,,Kessler,11.393,,Pryor,1.742,,SL,0,,36.008,36.232,37.502,43.35,36.687,15, 0C11 - 1  1G13 - 1  G07 - 1  1F02 - 1  FIR031 - 1  GOT009 - 1  POR016 - 1  FIR013 - 1  FIR043 - 1  GOTO40 - 1  PIE039 - 1  FIR53 - 1  FIR048 - 1  PIE125 - 1  QpZAG9 - 1  , 
QAc-G-0177,/TMA,Magazine,Kessler,45.554,,Magazine,40.832,,Porter,13.488,,Pryor,0.126,,SL,0,,36.165,35.684,38.196,42.702,35.637,15, 0C11 - 1  1G13 - 1  G07 - 1  1F02 - 1  FIR031 - 1  GOT009 - 1  POR016 - 1  FIR013 - 1  FIR043 - 1  GOTO40 - 1  PIE039 - 1  FIR53 - 1  FIR048 - 1  PIE125 - 1  QpZAG9 - 1  , 
QAc-G-0178,/TMA,Magazine,Magazine,95.475,,Kessler,3.796,,Porter,0.714,,Pryor,0.015,,SL,0,,39.018,36.892,40.696,45.083,38.293,15, 0C11 - 1  1G13 - 1  G07 - 1  1F02 - 1  FIR031 - 1  GOT009 - 1  POR016 - 1  FIR013 - 1  FIR043 - 1  GOTO40 - 1  PIE039 - 1  FIR53 - 1  FIR048 - 1  PIE125 - 1  QpZAG9 - 1  , 
QAc-G-0179,/TMA,Magazine,Magazine,95.981,,Kessler,4.016,,Porter,0.004,,Pryor,0,,SL,0,,36.861,32.446,38.903,40.907,33.825,14, 0C11 - 1  1G13 - 1  G07 - 1  1F02 - 1  FIR031 - 1  GOT009 - 1  POR016 - 1  FIR013 - 1  GOTO40 - 1  PIE039 - 1  FIR53 - 1  FIR048 - 1  PIE125 - 1  QpZAG9 - 1  , FIR043 - 1  
QAc-G-0180,/TMA,Magazine,Kessler,64.514,,Magazine,23.911,,Porter,11.398,,Pryor,0.176,,SL,0,,38.127,37.806,39.938,44.175,37.375,15, 0C11 - 1  1G13 - 1  G07 - 1  1F02 - 1  FIR031 - 1  GOT009 - 1  POR016 - 1  FIR013 - 1  FIR043 - 1  GOTO40 - 1  PIE039 - 1  FIR53 - 1  FIR048 - 1  PIE125 - 1  QpZAG9 - 1  , 
QAc-G-0181,/TMA,Magazine,Kessler,99.904,,Porter,0.082,,Magazine,0.014,,Pryor,0,,SL,0,,39.075,39.84,42.955,47.701,35.991,15, 0C11 - 1  1G13 - 1  G07 - 1  1F02 - 1  FIR031 - 1  GOT009 - 1  POR016 - 1  FIR013 - 1  FIR043 - 1  GOTO40 - 1  PIE039 - 1  FIR53 - 1  FIR048 - 1  PIE125 - 1  QpZAG9 - 1  , 
QAc-G-0182,/TMA,Magazine,Kessler,99.999,,Magazine,0.001,,SL,0,,Porter,0,,Pryor,0,,41.111,36.145,41.492,40.757,31.038,15, 0C11 - 1  1G13 - 1  G07 - 1  1F02 - 1  FIR031 - 1  GOT009 - 1  POR016 - 1  FIR013 - 1  FIR043 - 1  GOTO40 - 1  PIE039 - 1  FIR53 - 1  FIR048 - 1  PIE125 - 1  QpZAG9 - 1  , 
QAc-G-0183,/TMA,Magazine,Magazine,99.936,,Kessler,0.039,,Pryor,0.022,,Porter,0.003,,SL,0,,35.137,30.662,34.317,42.485,34.071,14, 0C11 - 1  1G13 - 1  G07 - 1  1F02 - 1  FIR031 - 1  GOT009 - 1  POR016 - 1  FIR013 - 1  FIR043 - 1  GOTO40 - 1  PIE039 - 1  FIR53 - 1  FIR048 - 1  QpZAG9 - 1  , PIE125 - 1  
QAc-G-0184,/TMA,Magazine,Kessler,65.644,,Magazine,34.354,,Porter,0.002,,Pryor,0,,SL,0,,37.936,33.654,41.22,46.114,33.372,15, 0C11 - 1  1G13 - 1  G07 - 1  1F02 - 1  FIR031 - 1  GOT009 - 1  POR016 - 1  FIR013 - 1  FIR043 - 1  GOTO40 - 1  PIE039 - 1  FIR53 - 1  FIR048 - 1  PIE125 - 1  QpZAG9 - 1  , 
QAc-G-0185,/TMA,Magazine,Magazine,98.698,,Kessler,1.301,,Porter,0.001,,Pryor,0,,SL,0,,38.799,33.873,42.714,42.759,35.753,15, 0C11 - 1  1G13 - 1  G07 - 1  1F02 - 1  FIR031 - 1  GOT009 - 1  POR016 - 1  FIR013 - 1  FIR043 - 1  GOTO40 - 1  PIE039 - 1  FIR53 - 1  FIR048 - 1  PIE125 - 1  QpZAG9 - 1  , 
QAc-G-0186,/TMA,Magazine,Kessler,87.566,,Porter,12.434,,SL,0,,Magazine,0,,Pryor,0,,37.316,43.127,45.951,42.869,36.468,15, 0C11 - 1  1G13 - 1  G07 - 1  1F02 - 1  FIR031 - 1  GOT009 - 1  POR016 - 1  FIR013 - 1  FIR043 - 1  GOTO40 - 1  PIE039 - 1  FIR53 - 1  FIR048 - 1  PIE125 - 1  QpZAG9 - 1  , 
QAc-G-0187,/TMA,Magazine,Magazine,59.066,,Kessler,39.399,,Porter,0.77,,Pryor,0.764,,SL,0,,35.611,33.727,35.615,42.591,33.903,15, 0C11 - 1  1G13 - 1  G07 - 1  1F02 - 1  FIR031 - 1  GOT009 - 1  POR016 - 1  FIR013 - 1  FIR043 - 1  GOTO40 - 1  PIE039 - 1  FIR53 - 1  FIR048 - 1  PIE125 - 1  QpZAG9 - 1  , 
QAc-G-0188,/TMA,Magazine,Kessler,53.484,,Pryor,33.066,,Porter,10.34,,Magazine,2.822,,SL,0.289,,42.837,43.401,42.332,44.39,42.123,15, 0C11 - 1  1G13 - 1  G07 - 1  1F02 - 1  FIR031 - 1  GOT009 - 1  POR016 - 1  FIR013 - 1  FIR043 - 1  GOTO40 - 1  PIE039 - 1  FIR53 - 1  FIR048 - 1  PIE125 - 1  QpZAG9 - 1  , 
QAc-G-0189,/TMA,Magazine,Kessler,99.993,,Magazine,0.005,,Pryor,0.002,,Porter,0,,SL,0,,42.043,40.093,40.5,51.04,35.806,15, 0C11 - 1  1G13 - 1  G07 - 1  1F02 - 1  FIR031 - 1  GOT009 - 1  POR016 - 1  FIR013 - 1  FIR043 - 1  GOTO40 - 1  PIE039 - 1  FIR53 - 1  FIR048 - 1  PIE125 - 1  QpZAG9 - 1  , 
QAc-G-0190,/TMA,Magazine,Porter,99.215,,Magazine,0.503,,Kessler,0.215,,Pryor,0.067,,SL,0,,34.08,36.375,37.251,43.15,36.744,15, 0C11 - 1  1G13 - 1  G07 - 1  1F02 - 1  FIR031 - 1  GOT009 - 1  POR016 - 1  FIR013 - 1  FIR043 - 1  GOTO40 - 1  PIE039 - 1  FIR53 - 1  FIR048 - 1  PIE125 - 1  QpZAG9 - 1  , 
QAc-G-0191,/TMA,Magazine,Porter,60.958,,Magazine,25.025,,Kessler,10.692,,Pryor,3.326,,SL,0,,35.988,36.375,37.251,43.15,36.744,15, 0C11 - 1  1G13 - 1  G07 - 1  1F02 - 1  FIR031 - 1  GOT009 - 1  POR016 - 1  FIR013 - 1  FIR043 - 1  GOTO40 - 1  PIE039 - 1  FIR53 - 1  FIR048 - 1  PIE125 - 1  QpZAG9 - 1  , 
QAc-G-0192,/TMA,Magazine,Porter,56.835,,Pryor,22.036,,Kessler,19.159,,Magazine,1.97,,SL,0,,36.123,37.583,36.534,45.115,36.595,15, 0C11 - 1  1G13 - 1  G07 - 1  1F02 - 1  FIR031 - 1  GOT009 - 1  POR016 - 1  FIR013 - 1  FIR043 - 1  GOTO40 - 1  PIE039 - 1  FIR53 - 1  FIR048 - 1  PIE125 - 1  QpZAG9 - 1  , 
QAc-G-0193,/TMA,Magazine,Kessler,60.529,,Magazine,20.095,,Porter,19.335,,Pryor,0.041,,SL,0,,35.489,35.473,38.161,45.859,34.994,15, 0C11 - 1  1G13 - 1  G07 - 1  1F02 - 1  FIR031 - 1  GOT009 - 1  POR016 - 1  FIR013 - 1  FIR043 - 1  GOTO40 - 1  PIE039 - 1  FIR53 - 1  FIR048 - 1  PIE125 - 1  QpZAG9 - 1  , 
QAc-G-0194,/TMA,Magazine,Kessler,77.036,,Porter,15.037,,Magazine,7.817,,Pryor,0.11,,SL,0,,34.592,34.877,36.727,42.941,33.883,15, 0C11 - 1  1G13 - 1  G07 - 1  1F02 - 1  FIR031 - 1  GOT009 - 1  POR016 - 1  FIR013 - 1  FIR043 - 1  GOTO40 - 1  PIE039 - 1  FIR53 - 1  FIR048 - 1  PIE125 - 1  QpZAG9 - 1  , 
QAc-G-0195,/TMA,Magazine,Kessler,96.304,,Magazine,3.696,,SL,0,,Porter,0,,Pryor,0,,49.778,38.451,51.02,48.073,37.035,15, 0C11 - 1  1G13 - 1  G07 - 1  1F02 - 1  FIR031 - 1  GOT009 - 1  POR016 - 1  FIR013 - 1  FIR043 - 1  GOTO40 - 1  PIE039 - 1  FIR53 - 1  FIR048 - 1  PIE125 - 1  QpZAG9 - 1  , 
QAc-G-0196,/TMA,Magazine,Magazine,94.681,,Kessler,5.319,,Pryor,0,,Porter,0,,SL,0,,42.718,35.073,41.919,47.791,36.323,15, 0C11 - 1  1G13 - 1  G07 - 1  1F02 - 1  FIR031 - 1  GOT009 - 1  POR016 - 1  FIR013 - 1  FIR043 - 1  GOTO40 - 1  PIE039 - 1  FIR53 - 1  FIR048 - 1  PIE125 - 1  QpZAG9 - 1  , 
QAc-G-0197,/TMA,Magazine,Kessler,97.879,,Magazine,1.918,,Porter,0.201,,Pryor,0.002,,SL,0,,36.337,35.357,38.311,44.079,33.65,15, 0C11 - 1  1G13 - 1  G07 - 1  1F02 - 1  FIR031 - 1  GOT009 - 1  POR016 - 1  FIR013 - 1  FIR043 - 1  GOTO40 - 1  PIE039 - 1  FIR53 - 1  FIR048 - 1  PIE125 - 1  QpZAG9 - 1  , 
QAc-G-0198,/TMA,Magazine,Kessler,60.035,,Magazine,26.302,,Pryor,13.581,,Porter,0.082,,SL,0,,40.16,37.652,37.939,47.764,37.293,15, 0C11 - 1  1G13 - 1  G07 - 1  1F02 - 1  FIR031 - 1  GOT009 - 1  POR016 - 1  FIR013 - 1  FIR043 - 1  GOTO40 - 1  PIE039 - 1  FIR53 - 1  FIR048 - 1  PIE125 - 1  QpZAG9 - 1  , 
QAc-G-0199,/TMA,Magazine,Kessler,98.991,,Magazine,1.009,,Porter,0,,Pryor,0,,SL,0,,41.579,38.074,44.495,46.895,36.083,15, 0C11 - 1  1G13 - 1  G07 - 1  1F02 - 1  FIR031 - 1  GOT009 - 1  POR016 - 1  FIR013 - 1  FIR043 - 1  GOTO40 - 1  PIE039 - 1  FIR53 - 1  FIR048 - 1  PIE125 - 1  QpZAG9 - 1  , 
QAc-G-0200,/TMA,Magazine,Magazine,99.979,,Kessler,0.019,,Porter,0.002,,SL,0,,Pryor,0,,37.073,32.371,42.873,40.248,36.083,15, 0C11 - 1  1G13 - 1  G07 - 1  1F02 - 1  FIR031 - 1  GOT009 - 1  POR016 - 1  FIR013 - 1  FIR043 - 1  GOTO40 - 1  PIE039 - 1  FIR53 - 1  FIR048 - 1  PIE125 - 1  QpZAG9 - 1  , 
QAc-G-0201,/TMA,Magazine,Magazine,89.892,,Kessler,10.108,,Pryor,0,,Porter,0,,SL,0,,43.41,36.211,41.924,49.886,37.16,15, 0C11 - 1  1G13 - 1  G07 - 1  1F02 - 1  FIR031 - 1  GOT009 - 1  POR016 - 1  FIR013 - 1  FIR043 - 1  GOTO40 - 1  PIE039 - 1  FIR53 - 1  FIR048 - 1  PIE125 - 1  QpZAG9 - 1  , 
QAc-G-0202,/TMA,Magazine,Kessler,51.506,,Magazine,48.479,,Pryor,0.01,,Porter,0.005,,SL,0,,37.575,33.601,37.295,45.441,33.574,14, 1G13 - 1  G07 - 1  1F02 - 1  FIR031 - 1  GOT009 - 1  POR016 - 1  FIR013 - 1  FIR043 - 1  GOTO40 - 1  PIE039 - 1  FIR53 - 1  FIR048 - 1  PIE125 - 1  QpZAG9 - 1  , 0C11 - 1  
QAc-G-0203,/TMA,Magazine,Magazine,71.38,,Kessler,28.52,,Pryor,0.099,,Porter,0.002,,SL,0,,39.314,34.647,37.504,47.012,35.045,15, 0C11 - 1  1G13 - 1  G07 - 1  1F02 - 1  FIR031 - 1  GOT009 - 1  POR016 - 1  FIR013 - 1  FIR043 - 1  GOTO40 - 1  PIE039 - 1  FIR53 - 1  FIR048 - 1  PIE125 - 1  QpZAG9 - 1  , 
QAc-G-0204,/TMA,Pryor,Magazine,99.976,,Porter,0.024,,Kessler,0,,Pryor,0,,SL,0,,35.292,31.669,38.427,42.274,37.006,15, 0C11 - 1  1G13 - 1  G07 - 1  1F02 - 1  FIR031 - 1  GOT009 - 1  POR016 - 1  FIR013 - 1  FIR043 - 1  GOTO40 - 1  PIE039 - 1  FIR53 - 1  FIR048 - 1  PIE125 - 1  QpZAG9 - 1  , 
QAc-G-0205,/TMA,Pryor,Pryor,64.613,,Magazine,24.508,,Kessler,10.878,,Porter,0,,SL,0,,44.394,37.854,37.433,48.495,38.207,15, 0C11 - 1  1G13 - 1  G07 - 1  1F02 - 1  FIR031 - 1  GOT009 - 1  POR016 - 1  FIR013 - 1  FIR043 - 1  GOTO40 - 1  PIE039 - 1  FIR53 - 1  FIR048 - 1  PIE125 - 1  QpZAG9 - 1  , 
QAc-G-0206,/TMA,Pryor,Kessler,52.621,,Pryor,47.334,,Magazine,0.045,,Porter,0,,SL,0,,43.42,40.8,37.778,43.873,37.732,15, 0C11 - 1  1G13 - 1  G07 - 1  1F02 - 1  FIR031 - 1  GOT009 - 1  POR016 - 1  FIR013 - 1  FIR043 - 1  GOTO40 - 1  PIE039 - 1  FIR53 - 1  FIR048 - 1  PIE125 - 1  QpZAG9 - 1  , 
QAc-G-0207,/TMA,Pryor,Pryor,80.045,,Magazine,15.568,,Kessler,4.387,,Porter,0,,SL,0,,47.21,40.927,40.216,51.612,41.477,15, 0C11 - 1  1G13 - 1  G07 - 1  1F02 - 1  FIR031 - 1  GOT009 - 1  POR016 - 1  FIR013 - 1  FIR043 - 1  GOTO40 - 1  PIE039 - 1  FIR53 - 1  FIR048 - 1  PIE125 - 1  QpZAG9 - 1  , 
QAc-G-0208,/TMA,Pryor,Kessler,99.514,,Pryor,0.372,,Magazine,0.113,,Porter,0.001,,SL,0,,43.506,41.506,40.99,47.06,38.562,15, 0C11 - 1  1G13 - 1  G07 - 1  1F02 - 1  FIR031 - 1  GOT009 - 1  POR016 - 1  FIR013 - 1  FIR043 - 1  GOTO40 - 1  PIE039 - 1  FIR53 - 1  FIR048 - 1  PIE125 - 1  QpZAG9 - 1  , 
QAc-G-0209,/TMA,Pryor,Kessler,99.998,,Magazine,0.001,,Pryor,0,,Porter,0,,SL,0,,46.206,38.795,39.307,47.586,33.857,15, 0C11 - 1  1G13 - 1  G07 - 1  1F02 - 1  FIR031 - 1  GOT009 - 1  POR016 - 1  FIR013 - 1  FIR043 - 1  GOTO40 - 1  PIE039 - 1  FIR53 - 1  FIR048 - 1  PIE125 - 1  QpZAG9 - 1  , 
QAc-G-0210,/TMA,Pryor,Kessler,99.996,,Magazine,0.003,,Pryor,0,,Porter,0,,SL,0,,51.395,44.07,45.162,53.516,39.581,15, 0C11 - 1  1G13 - 1  G07 - 1  1F02 - 1  FIR031 - 1  GOT009 - 1  POR016 - 1  FIR013 - 1  FIR043 - 1  GOTO40 - 1  PIE039 - 1  FIR53 - 1  FIR048 - 1  PIE125 - 1  QpZAG9 - 1  , 
QAc-G-0211,/TMA,Pryor,Kessler,97.815,,Pryor,2.184,,Magazine,0.001,,Porter,0,,SL,0,,49.48,44.501,41.278,51.108,39.627,15, 0C11 - 1  1G13 - 1  G07 - 1  1F02 - 1  FIR031 - 1  GOT009 - 1  POR016 - 1  FIR013 - 1  FIR043 - 1  GOTO40 - 1  PIE039 - 1  FIR53 - 1  FIR048 - 1  PIE125 - 1  QpZAG9 - 1  , 
QAc-G-0212,/TMA,Pryor,Pryor,94.403,,Magazine,5.425,,Porter,0.164,,Kessler,0.008,,SL,0,,38.229,36.71,35.469,45.525,39.561,15, 0C11 - 1  1G13 - 1  G07 - 1  1F02 - 1  FIR031 - 1  GOT009 - 1  POR016 - 1  FIR013 - 1  FIR043 - 1  GOTO40 - 1  PIE039 - 1  FIR53 - 1  FIR048 - 1  PIE125 - 1  QpZAG9 - 1  , 
QAc-G-0213,/TMA,Pryor,Kessler,100,,Magazine,0,,Pryor,0,,Porter,0,,SL,0,,46.814,40.397,40.491,50.607,33.863,15, 0C11 - 1  1G13 - 1  G07 - 1  1F02 - 1  FIR031 - 1  GOT009 - 1  POR016 - 1  FIR013 - 1  FIR043 - 1  GOTO40 - 1  PIE039 - 1  FIR53 - 1  FIR048 - 1  PIE125 - 1  QpZAG9 - 1  , 
QAc-G-0214,/TMA,Pryor,Pryor,98.353,,Porter,1.176,,Magazine,0.388,,Kessler,0.084,,SL,0,,38.562,39.044,36.64,48.392,39.71,15, 0C11 - 1  1G13 - 1  G07 - 1  1F02 - 1  FIR031 - 1  GOT009 - 1  POR016 - 1  FIR013 - 1  FIR043 - 1  GOTO40 - 1  PIE039 - 1  FIR53 - 1  FIR048 - 1  PIE125 - 1  QpZAG9 - 1  , 
QAc-G-0215,/TMA,Pryor,Magazine,63.127,,Kessler,31.296,,Pryor,5.573,,SL,0.004,,Porter,0,,42.722,35.283,36.337,39.458,35.588,15, 0C11 - 1  1G13 - 1  G07 - 1  1F02 - 1  FIR031 - 1  GOT009 - 1  POR016 - 1  FIR013 - 1  FIR043 - 1  GOTO40 - 1  PIE039 - 1  FIR53 - 1  FIR048 - 1  PIE125 - 1  QpZAG9 - 1  , 
QAc-G-0216,/TMA,Pryor,Kessler,99.998,,Magazine,0.002,,Porter,0,,Pryor,0,,SL,0,,42.162,35.514,42.517,43.967,30.775,15, 0C11 - 1  1G13 - 1  G07 - 1  1F02 - 1  FIR031 - 1  GOT009 - 1  POR016 - 1  FIR013 - 1  FIR043 - 1  GOTO40 - 1  PIE039 - 1  FIR53 - 1  FIR048 - 1  PIE125 - 1  QpZAG9 - 1  , 
QAc-G-0217,/TMA,Pryor,Kessler,66.524,,Pryor,33.471,,Magazine,0.004,,Porter,0.001,,SL,0,,42.612,41.975,38.02,45.342,37.722,15, 0C11 - 1  1G13 - 1  G07 - 1  1F02 - 1  FIR031 - 1  GOT009 - 1  POR016 - 1  FIR013 - 1  FIR043 - 1  GOTO40 - 1  PIE039 - 1  FIR53 - 1  FIR048 - 1  PIE125 - 1  QpZAG9 - 1  , 
QAc-G-0218,/TMA,Pryor,Magazine,99.989,,Kessler,0.01,,Pryor,0.001,,Porter,0,,SL,0,,41.398,34.929,39.799,46.91,38.946,15, 0C11 - 1  1G13 - 1  G07 - 1  1F02 - 1  FIR031 - 1  GOT009 - 1  POR016 - 1  FIR013 - 1  FIR043 - 1  GOTO40 - 1  PIE039 - 1  FIR53 - 1  FIR048 - 1  PIE125 - 1  QpZAG9 - 1  , 
QAc-G-0219,/TMA,Pryor,Kessler,99.653,,Magazine,0.347,,Pryor,0,,Porter,0,,SL,0,,45.714,40.092,43.728,49.209,37.633,15, 0C11 - 1  1G13 - 1  G07 - 1  1F02 - 1  FIR031 - 1  GOT009 - 1  POR016 - 1  FIR013 - 1  FIR043 - 1  GOTO40 - 1  PIE039 - 1  FIR53 - 1  FIR048 - 1  PIE125 - 1  QpZAG9 - 1  , 
QAc-G-0220,/TMA,Pryor,Kessler,100,,Magazine,0,,Pryor,0,,Porter,0,,SL,0,,48.558,44.792,45.664,53.534,39.293,15, 0C11 - 1  1G13 - 1  G07 - 1  1F02 - 1  FIR031 - 1  GOT009 - 1  POR016 - 1  FIR013 - 1  FIR043 - 1  GOTO40 - 1  PIE039 - 1  FIR53 - 1  FIR048 - 1  PIE125 - 1  QpZAG9 - 1  , 
QAc-G-0221,/TMA,Pryor,Kessler,100,,Magazine,0,,Pryor,0,,SL,0,,Porter,0,,49.335,41.544,46.47,48.234,33.963,15, 0C11 - 1  1G13 - 1  G07 - 1  1F02 - 1  FIR031 - 1  GOT009 - 1  POR016 - 1  FIR013 - 1  FIR043 - 1  GOTO40 - 1  PIE039 - 1  FIR53 - 1  FIR048 - 1  PIE125 - 1  QpZAG9 - 1  , 
QAc-G-0222,/TMA,Pryor,Kessler,98.129,,Pryor,0.984,,Magazine,0.886,,Porter,0,,SL,0,,44.333,39.649,39.603,47.731,37.604,15, 0C11 - 1  1G13 - 1  G07 - 1  1F02 - 1  FIR031 - 1  GOT009 - 1  POR016 - 1  FIR013 - 1  FIR043 - 1  GOTO40 - 1  PIE039 - 1  FIR53 - 1  FIR048 - 1  PIE125 - 1  QpZAG9 - 1  , 
QAc-G-0223,/TMA,Pryor,Kessler,100,,Magazine,0,,Pryor,0,,Porter,0,,SL,0,,46.916,42.268,42.973,50.445,36.76,15, 0C11 - 1  1G13 - 1  G07 - 1  1F02 - 1  FIR031 - 1  GOT009 - 1  POR016 - 1  FIR013 - 1  FIR043 - 1  GOTO40 - 1  PIE039 - 1  FIR53 - 1  FIR048 - 1  PIE125 - 1  QpZAG9 - 1  , 
QAc-G-0224,/TMA,Pryor,Kessler,98.856,,Magazine,1.137,,Pryor,0.007,,Porter,0,,SL,0,,43.145,39.518,41.709,46.84,37.579,15, 0C11 - 1  1G13 - 1  G07 - 1  1F02 - 1  FIR031 - 1  GOT009 - 1  POR016 - 1  FIR013 - 1  FIR043 - 1  GOTO40 - 1  PIE039 - 1  FIR53 - 1  FIR048 - 1  PIE125 - 1  QpZAG9 - 1  , 
QAc-G-0226,/TMA,Porter,Kessler,96.253,,Pryor,3.744,,Magazine,0.003,,Porter,0,,SL,0,,44.119,42.85,39.756,48.632,38.346,15, 0C11 - 1  1G13 - 1  G07 - 1  1F02 - 1  FIR031 - 1  GOT009 - 1  POR016 - 1  FIR013 - 1  FIR043 - 1  GOTO40 - 1  PIE039 - 1  FIR53 - 1  FIR048 - 1  PIE125 - 1  QpZAG9 - 1  , 
QAc-G-0227,/TMA,Porter,Porter,99.996,,Magazine,0.002,,Pryor,0.001,,Kessler,0.001,,SL,0,,33.955,38.606,38.86,42.519,39.079,15, 0C11 - 1  1G13 - 1  G07 - 1  1F02 - 1  FIR031 - 1  GOT009 - 1  POR016 - 1  FIR013 - 1  FIR043 - 1  GOTO40 - 1  PIE039 - 1  FIR53 - 1  FIR048 - 1  PIE125 - 1  QpZAG9 - 1  , 
QAc-G-0228,/TMA,Porter,Magazine,99.935,,Kessler,0.056,,SL,0.006,,Porter,0.003,,Pryor,0,,40.084,35.541,43.788,39.774,38.791,14, 0C11 - 1  1G13 - 1  G07 - 1  1F02 - 1  FIR031 - 1  GOT009 - 1  POR016 - 1  FIR043 - 1  GOTO40 - 1  PIE039 - 1  FIR53 - 1  FIR048 - 1  PIE125 - 1  QpZAG9 - 1  , FIR013 - 1  
QAc-G-0229,/TMA,Porter,Kessler,99.734,,Porter,0.266,,Magazine,0,,SL,0,,Pryor,0,,36.953,40.392,42.867,41.637,34.379,15, 0C11 - 1  1G13 - 1  G07 - 1  1F02 - 1  FIR031 - 1  GOT009 - 1  POR016 - 1  FIR013 - 1  FIR043 - 1  GOTO40 - 1  PIE039 - 1  FIR53 - 1  FIR048 - 1  PIE125 - 1  QpZAG9 - 1  , 
QAc-G-0230,/TMA,Porter,Magazine,71.385,,Pryor,19.711,,Kessler,7.757,,Porter,1.097,,SL,0.05,,39.142,37.328,37.887,40.484,38.292,15, 0C11 - 1  1G13 - 1  G07 - 1  1F02 - 1  FIR031 - 1  GOT009 - 1  POR016 - 1  FIR013 - 1  FIR043 - 1  GOTO40 - 1  PIE039 - 1  FIR53 - 1  FIR048 - 1  PIE125 - 1  QpZAG9 - 1  , 
QAc-G-0231,/TMA,Porter,Kessler,93.98,,Magazine,4.392,,Pryor,1.616,,Porter,0.012,,SL,0,,43.544,40.968,41.403,50.657,39.638,15, 0C11 - 1  1G13 - 1  G07 - 1  1F02 - 1  FIR031 - 1  GOT009 - 1  POR016 - 1  FIR013 - 1  FIR043 - 1  GOTO40 - 1  PIE039 - 1  FIR53 - 1  FIR048 - 1  PIE125 - 1  QpZAG9 - 1  , 
QAc-G-0232,/TMA,Porter,Kessler,99.996,,Porter,0.004,,SL,0,,Pryor,0,,Magazine,0,,40.127,47.404,45.804,44.891,35.724,15, 0C11 - 1  1G13 - 1  G07 - 1  1F02 - 1  FIR031 - 1  GOT009 - 1  POR016 - 1  FIR013 - 1  FIR043 - 1  GOTO40 - 1  PIE039 - 1  FIR53 - 1  FIR048 - 1  PIE125 - 1  QpZAG9 - 1  , 
QAc-G-0233,/TMA,Porter,Magazine,84.988,,Pryor,15.006,,Kessler,0.006,,SL,0,,Porter,0,,49.422,40.091,40.844,48.882,44.23,15, 0C11 - 1  1G13 - 1  G07 - 1  1F02 - 1  FIR031 - 1  GOT009 - 1  POR016 - 1  FIR013 - 1  FIR043 - 1  GOTO40 - 1  PIE039 - 1  FIR53 - 1  FIR048 - 1  PIE125 - 1  QpZAG9 - 1  , 
QAc-G-0234,/TMA,Porter,Porter,97.868,,Kessler,2.106,,Pryor,0.025,,SL,0,,Magazine,0,,35.658,42.141,39.251,41.059,37.325,15, 0C11 - 1  1G13 - 1  G07 - 1  1F02 - 1  FIR031 - 1  GOT009 - 1  POR016 - 1  FIR013 - 1  FIR043 - 1  GOTO40 - 1  PIE039 - 1  FIR53 - 1  FIR048 - 1  PIE125 - 1  QpZAG9 - 1  , 
QAc-G-0235,/TMA,Porter,Kessler,99.741,,Pryor,0.257,,Magazine,0.002,,SL,0,,Porter,0,,43.668,41.618,39.396,42.695,36.808,15, 0C11 - 1  1G13 - 1  G07 - 1  1F02 - 1  FIR031 - 1  GOT009 - 1  POR016 - 1  FIR013 - 1  FIR043 - 1  GOTO40 - 1  PIE039 - 1  FIR53 - 1  FIR048 - 1  PIE125 - 1  QpZAG9 - 1  , 
QAc-G-0236,/TMA,Porter,Kessler,67.981,,Magazine,32.017,,SL,0.001,,Pryor,0,,Porter,0,,40.77,34.606,40.238,38.945,34.279,15, 0C11 - 1  1G13 - 1  G07 - 1  1F02 - 1  FIR031 - 1  GOT009 - 1  POR016 - 1  FIR013 - 1  FIR043 - 1  GOTO40 - 1  PIE039 - 1  FIR53 - 1  FIR048 - 1  PIE125 - 1  QpZAG9 - 1  , 
QAc-G-0237,/TMA,Porter,Kessler,98.457,,Porter,1.122,,Magazine,0.396,,Pryor,0.017,,SL,0.007,,39.121,39.573,40.939,41.302,37.178,15, 0C11 - 1  1G13 - 1  G07 - 1  1F02 - 1  FIR031 - 1  GOT009 - 1  POR016 - 1  FIR013 - 1  FIR043 - 1  GOTO40 - 1  PIE039 - 1  FIR53 - 1  FIR048 - 1  PIE125 - 1  QpZAG9 - 1  , 
QAc-G-0238,/TMA,Porter,Kessler,99.994,,Magazine,0.006,,Pryor,0,,Porter,0,,SL,0,,40.715,37.367,40.55,40.717,33.155,15, 0C11 - 1  1G13 - 1  G07 - 1  1F02 - 1  FIR031 - 1  GOT009 - 1  POR016 - 1  FIR013 - 1  FIR043 - 1  GOTO40 - 1  PIE039 - 1  FIR53 - 1  FIR048 - 1  PIE125 - 1  QpZAG9 - 1  , 
QAc-G-0239,/TMA,Porter,Kessler,99.966,,Magazine,0.034,,SL,0,,Porter,0,,Pryor,0,,43.012,39.278,44.686,42.053,35.812,15, 0C11 - 1  1G13 - 1  G07 - 1  1F02 - 1  FIR031 - 1  GOT009 - 1  POR016 - 1  FIR013 - 1  FIR043 - 1  GOTO40 - 1  PIE039 - 1  FIR53 - 1  FIR048 - 1  PIE125 - 1  QpZAG9 - 1  , 
QAc-G-0240,/TMA,Porter,Kessler,76.782,,Magazine,13.269,,Porter,7.756,,SL,2.194,,Pryor,0,,36.351,36.118,44.363,36.899,35.355,15, 0C11 - 1  1G13 - 1  G07 - 1  1F02 - 1  FIR031 - 1  GOT009 - 1  POR016 - 1  FIR013 - 1  FIR043 - 1  GOTO40 - 1  PIE039 - 1  FIR53 - 1  FIR048 - 1  PIE125 - 1  QpZAG9 - 1  , 
QAc-G-0241,/TMA,Porter,Kessler,88.587,,Magazine,11.407,,Porter,0.006,,Pryor,0.001,,SL,0,,42.16,38.85,42.98,45.016,37.959,15, 0C11 - 1  1G13 - 1  G07 - 1  1F02 - 1  FIR031 - 1  GOT009 - 1  POR016 - 1  FIR013 - 1  FIR043 - 1  GOTO40 - 1  PIE039 - 1  FIR53 - 1  FIR048 - 1  PIE125 - 1  QpZAG9 - 1  , 
QAc-G-0242,/TMA,Porter,Pryor,99.359,,Magazine,0.637,,Porter,0.004,,Kessler,0,,SL,0,,40.919,38.717,36.524,46.783,44.763,15, 0C11 - 1  1G13 - 1  G07 - 1  1F02 - 1  FIR031 - 1  GOT009 - 1  POR016 - 1  FIR013 - 1  FIR043 - 1  GOTO40 - 1  PIE039 - 1  FIR53 - 1  FIR048 - 1  PIE125 - 1  QpZAG9 - 1  , 
QAc-G-0243,/TMA,Porter,Porter,44.864,,Magazine,27.98,,Pryor,26.94,,Kessler,0.215,,SL,0.001,,36.592,36.797,36.813,41.351,38.91,15, 0C11 - 1  1G13 - 1  G07 - 1  1F02 - 1  FIR031 - 1  GOT009 - 1  POR016 - 1  FIR013 - 1  FIR043 - 1  GOTO40 - 1  PIE039 - 1  FIR53 - 1  FIR048 - 1  PIE125 - 1  QpZAG9 - 1  , 
QAc-G-0244,/TMA,Porter,Magazine,98.646,,Porter,1.349,,Kessler,0.005,,Pryor,0,,SL,0,,36.916,35.052,40.494,43.053,39.38,15, 0C11 - 1  1G13 - 1  G07 - 1  1F02 - 1  FIR031 - 1  GOT009 - 1  POR016 - 1  FIR013 - 1  FIR043 - 1  GOTO40 - 1  PIE039 - 1  FIR53 - 1  FIR048 - 1  PIE125 - 1  QpZAG9 - 1  , 
QAc-G-0245,/TMA,Porter,Magazine,59.143,,Kessler,40.039,,Porter,0.546,,SL,0.271,,Pryor,0,,39.334,37.3,42.719,39.638,37.469,15, 0C11 - 1  1G13 - 1  G07 - 1  1F02 - 1  FIR031 - 1  GOT009 - 1  POR016 - 1  FIR013 - 1  FIR043 - 1  GOTO40 - 1  PIE039 - 1  FIR53 - 1  FIR048 - 1  PIE125 - 1  QpZAG9 - 1  , 
QAc-G-0246,/TMA,Porter,Magazine,99.939,,Kessler,0.061,,Porter,0,,Pryor,0,,SL,0,,42.659,37.3,44.714,45.774,40.515,15, 0C11 - 1  1G13 - 1  G07 - 1  1F02 - 1  FIR031 - 1  GOT009 - 1  POR016 - 1  FIR013 - 1  FIR043 - 1  GOTO40 - 1  PIE039 - 1  FIR53 - 1  FIR048 - 1  PIE125 - 1  QpZAG9 - 1  , 
QAc-G-0247,/TMA,Porter,Magazine,98.313,,Kessler,1.687,,SL,0,,Porter,0,,Pryor,0,,41.293,33.202,41.719,38.734,34.968,15, 0C11 - 1  1G13 - 1  G07 - 1  1F02 - 1  FIR031 - 1  GOT009 - 1  POR016 - 1  FIR013 - 1  FIR043 - 1  GOTO40 - 1  PIE039 - 1  FIR53 - 1  FIR048 - 1  PIE125 - 1  QpZAG9 - 1  , 
QAc-G-0248,/TMA,,Kessler,100,,Magazine,0,,Porter,0,,SL,0,,Pryor,0,,37.314,36.633,43.201,38.927,31.118,15, 0C11 - 1  1G13 - 1  G07 - 1  1F02 - 1  FIR031 - 1  GOT009 - 1  POR016 - 1  FIR013 - 1  FIR043 - 1  GOTO40 - 1  PIE039 - 1  FIR53 - 1  FIR048 - 1  PIE125 - 1  QpZAG9 - 1  , 
QAc-G-0249,/TTA,,Kessler,99.977,,Magazine,0.016,,Porter,0.006,,SL,0,,Pryor,0,,41.96,41.547,50.402,43.974,37.763,15, 0C11 - 1  1G13 - 1  G07 - 1  1F02 - 1  FIR031 - 1  GOT009 - 1  POR016 - 1  FIR013 - 1  FIR043 - 1  GOTO40 - 1  PIE039 - 1  FIR53 - 1  FIR048 - 1  PIE125 - 1  QpZAG9 - 1  , 
QAc-G-0025,/USNA,Magazine,Pryor,70.895,,Kessler,23.064,,Magazine,6.038,,Porter,0.003,,SL,0,,44.428,41.053,39.983,49.357,40.471,15, 0C11 - 1  1G13 - 1  G07 - 1  1F02 - 1  FIR031 - 1  GOT009 - 1  POR016 - 1  FIR013 - 1  FIR043 - 1  GOTO40 - 1  PIE039 - 1  FIR53 - 1  FIR048 - 1  PIE125 - 1  QpZAG9 - 1  , 
QAc-G-0028,/USNA,Magazine,Pryor,99.999,,Kessler,0.001,,Porter,0,,Magazine,0,,SL,0,,42.985,43.715,37.316,44.703,42.536,15, 0C11 - 1  1G13 - 1  G07 - 1  1F02 - 1  FIR031 - 1  GOT009 - 1  POR016 - 1  FIR013 - 1  FIR043 - 1  GOTO40 - 1  PIE039 - 1  FIR53 - 1  FIR048 - 1  PIE125 - 1  QpZAG9 - 1  , 
QAc-G-0275,/UWBG,,Magazine,74.042,,Kessler,24.124,,Pryor,1.834,,Porter,0,,SL,0,,45.558,38.851,40.457,51.311,39.338,15, 0C11 - 1  1G13 - 1  G07 - 1  1F02 - 1  FIR031 - 1  GOT009 - 1  POR016 - 1  FIR013 - 1  FIR043 - 1  GOTO40 - 1  PIE039 - 1  FIR53 - 1  FIR048 - 1  PIE125 - 1  QpZAG9 - 1  , 
QAc-G-0263,/ZBGP,,Magazine,98.835,,Kessler,1.164,,SL,0.001,,Pryor,0,,Porter,0,,43.025,37.122,42.906,42.233,39.051,15, 0C11 - 1  1G13 - 1  G07 - 1  1F02 - 1  FIR031 - 1  GOT009 - 1  POR016 - 1  FIR013 - 1  FIR043 - 1  GOTO40 - 1  PIE039 - 1  FIR53 - 1  FIR048 - 1  PIE125 - 1  QpZAG9 - 1  , 
