,,,rank,score,,rank,score,,rank,score,,rank,score,,rank,score,,Porter,Magazine,Pryor,SL,Kessler,Nb. of loci,Used loci,Missing loci
,Assigned sample,,1,%,,2,%,,3,%,,4,%,,5,%,,'-log(L),'-log(L),'-log(L),'-log(L),'-log(L),,,
QAc-G-0029,/AP,summit of Pryor Mtn,SL,89.161,,Porter,9.924,,Magazine,0.891,,Kessler,0.023,,Pryor,0,,37.554,38.601,42.034,36.6,40.187,15, 0C11 - 1  1G13 - 1  G07 - 1  1F02 - 1  FIR031 - 1  GOT009 - 1  POR016 - 1  FIR013 - 1  FIR043 - 1  GOTO40 - 1  PIE039 - 1  FIR53 - 1  FIR048 - 1  PIE125 - 1  QpZAG9 - 1  , 
QAc-G-0030,/AP,summit of Pryor Mtn,Magazine,88.571,,Porter,7.792,,SL,3.476,,Pryor,0.148,,Kessler,0.013,,33.427,32.371,35.148,33.778,36.192,15, 0C11 - 1  1G13 - 1  G07 - 1  1F02 - 1  FIR031 - 1  GOT009 - 1  POR016 - 1  FIR013 - 1  FIR043 - 1  GOTO40 - 1  PIE039 - 1  FIR53 - 1  FIR048 - 1  PIE125 - 1  QpZAG9 - 1  , 
QAc-G-0061,/Arnold,summit of Pryor Mtn,Kessler,54.042,,Porter,45.955,,Pryor,0.003,,Magazine,0,,SL,0,,38.747,43.918,43.005,44.893,38.677,15, 0C11 - 1  1G13 - 1  G07 - 1  1F02 - 1  FIR031 - 1  GOT009 - 1  POR016 - 1  FIR013 - 1  FIR043 - 1  GOTO40 - 1  PIE039 - 1  FIR53 - 1  FIR048 - 1  PIE125 - 1  QpZAG9 - 1  , 
QAc-G-0062,/Arnold,S side of Pryor mtn. ,Magazine,99.999,,Kessler,0,,Porter,0,,Pryor,0,,SL,0,,36.739,31.343,41.058,43.618,36.721,15, 0C11 - 1  1G13 - 1  G07 - 1  1F02 - 1  FIR031 - 1  GOT009 - 1  POR016 - 1  FIR013 - 1  FIR043 - 1  GOTO40 - 1  PIE039 - 1  FIR53 - 1  FIR048 - 1  PIE125 - 1  QpZAG9 - 1  , 
QAc-G-0063,/Arnold,Magazine Mountain,Kessler,96.26,,Magazine,2.506,,Porter,1.228,,SL,0.005,,Pryor,0.001,,35.066,34.756,38.269,37.455,33.171,15, 0C11 - 1  1G13 - 1  G07 - 1  1F02 - 1  FIR031 - 1  GOT009 - 1  POR016 - 1  FIR013 - 1  FIR043 - 1  GOTO40 - 1  PIE039 - 1  FIR53 - 1  FIR048 - 1  PIE125 - 1  QpZAG9 - 1  , 
QAc-G-0064,/Arnold,Magazine Mountain,Porter,93.109,,Magazine,5.281,,Kessler,1.61,,SL,0,,Pryor,0,,32.062,33.308,41.097,41.056,33.824,15, 0C11 - 1  1G13 - 1  G07 - 1  1F02 - 1  FIR031 - 1  GOT009 - 1  POR016 - 1  FIR013 - 1  FIR043 - 1  GOTO40 - 1  PIE039 - 1  FIR53 - 1  FIR048 - 1  PIE125 - 1  QpZAG9 - 1  , 
QAc-G-0065,/Arnold,Southeast of Magazine Mountain,Magazine,99.759,,Porter,0.241,,Pryor,0,,Kessler,0,,SL,0,,36.742,34.125,40.73,43.793,42.394,15, 0C11 - 1  1G13 - 1  G07 - 1  1F02 - 1  FIR031 - 1  GOT009 - 1  POR016 - 1  FIR013 - 1  FIR043 - 1  GOTO40 - 1  PIE039 - 1  FIR53 - 1  FIR048 - 1  PIE125 - 1  QpZAG9 - 1  , 
QAc-G-0066,/Arnold,Southeast of Magazine Mountain,Kessler,75.666,,Porter,13.934,,Magazine,10.335,,Pryor,0.057,,SL,0.008,,34.951,35.081,37.339,38.219,34.216,15, 0C11 - 1  1G13 - 1  G07 - 1  1F02 - 1  FIR031 - 1  GOT009 - 1  POR016 - 1  FIR013 - 1  FIR043 - 1  GOTO40 - 1  PIE039 - 1  FIR53 - 1  FIR048 - 1  PIE125 - 1  QpZAG9 - 1  , 
QAc-G-0067,/Arnold,Southeast of Magazine Mountain,Magazine,99.997,,Kessler,0.003,,Porter,0,,SL,0,,Pryor,0,,39.628,34.098,45.55,41.644,38.631,15, 0C11 - 1  1G13 - 1  G07 - 1  1F02 - 1  FIR031 - 1  GOT009 - 1  POR016 - 1  FIR013 - 1  FIR043 - 1  GOTO40 - 1  PIE039 - 1  FIR53 - 1  FIR048 - 1  PIE125 - 1  QpZAG9 - 1  , 
QAc-G-0068,/Arnold,Southeast of Magazine Mountain,Magazine,99.991,,SL,0.004,,Kessler,0.004,,Porter,0,,Pryor,0,,42.434,36.932,42.966,41.283,41.36,15, 0C11 - 1  1G13 - 1  G07 - 1  1F02 - 1  FIR031 - 1  GOT009 - 1  POR016 - 1  FIR013 - 1  FIR043 - 1  GOTO40 - 1  PIE039 - 1  FIR53 - 1  FIR048 - 1  PIE125 - 1  QpZAG9 - 1  , 
QAc-G-0070,/Arnold,Southeast of Magazine Mountain,Magazine,94.709,,Porter,4.229,,Kessler,0.875,,SL,0.187,,Pryor,0,,32.333,30.983,37.993,33.687,33.017,15, 0C11 - 1  1G13 - 1  G07 - 1  1F02 - 1  FIR031 - 1  GOT009 - 1  POR016 - 1  FIR013 - 1  FIR043 - 1  GOTO40 - 1  PIE039 - 1  FIR53 - 1  FIR048 - 1  PIE125 - 1  QpZAG9 - 1  , 
QAc-G-0071,/Arnold,Southeast of Magazine Mountain,Kessler,87.414,,Magazine,7.869,,Pryor,4.354,,Porter,0.363,,SL,0,,31.032,29.697,29.954,35.031,28.651,13, 0C11 - 1  1G13 - 1  FIR031 - 1  GOT009 - 1  POR016 - 1  FIR013 - 1  FIR043 - 1  GOTO40 - 1  PIE039 - 1  FIR53 - 1  FIR048 - 1  PIE125 - 1  QpZAG9 - 1  , G07 - 1  1F02 - 1  
QAc-G-0072,/Arnold,Southeast of Magazine Mountain,Kessler,98.827,,Porter,1.166,,Magazine,0.006,,SL,0.001,,Pryor,0,,33.163,35.482,38.752,36.173,31.234,15, 0C11 - 1  1G13 - 1  G07 - 1  1F02 - 1  FIR031 - 1  GOT009 - 1  POR016 - 1  FIR013 - 1  FIR043 - 1  GOTO40 - 1  PIE039 - 1  FIR53 - 1  FIR048 - 1  PIE125 - 1  QpZAG9 - 1  , 
QAc-G-0073,/Arnold,Porter Mountain Area,Kessler,99.907,,Porter,0.093,,SL,0,,Magazine,0,,Pryor,0,,34.232,39.286,42.538,36.585,31.2,15, 0C11 - 1  1G13 - 1  G07 - 1  1F02 - 1  FIR031 - 1  GOT009 - 1  POR016 - 1  FIR013 - 1  FIR043 - 1  GOTO40 - 1  PIE039 - 1  FIR53 - 1  FIR048 - 1  PIE125 - 1  QpZAG9 - 1  , 
QAc-G-0074,/Arnold,Porter Mountain Area,Porter,97.906,,Kessler,2.088,,SL,0.006,,Pryor,0.001,,Magazine,0,,27.85,34.411,33.068,32.061,29.521,15, 0C11 - 1  1G13 - 1  G07 - 1  1F02 - 1  FIR031 - 1  GOT009 - 1  POR016 - 1  FIR013 - 1  FIR043 - 1  GOTO40 - 1  PIE039 - 1  FIR53 - 1  FIR048 - 1  PIE125 - 1  QpZAG9 - 1  , 
QAc-G-0075,/Arnold,Porter Mountain Area,SL,94.026,,Magazine,4.821,,Kessler,0.595,,Porter,0.558,,Pryor,0,,32.665,31.729,37.434,30.438,32.637,15, 0C11 - 1  1G13 - 1  G07 - 1  1F02 - 1  FIR031 - 1  GOT009 - 1  POR016 - 1  FIR013 - 1  FIR043 - 1  GOTO40 - 1  PIE039 - 1  FIR53 - 1  FIR048 - 1  PIE125 - 1  QpZAG9 - 1  , 
QAc-G-0076,/Arnold,Porter Mountain Area,Porter,99.961,,Magazine,0.036,,Kessler,0.003,,SL,0,,Pryor,0,,32.735,36.182,44.848,40.074,37.194,15, 0C11 - 1  1G13 - 1  G07 - 1  1F02 - 1  FIR031 - 1  GOT009 - 1  POR016 - 1  FIR013 - 1  FIR043 - 1  GOTO40 - 1  PIE039 - 1  FIR53 - 1  FIR048 - 1  PIE125 - 1  QpZAG9 - 1  , 
QAc-G-0080,/Arnold,Southeast of Pryor,Kessler,83.522,,Pryor,11.566,,Magazine,4.91,,SL,0.002,,Porter,0,,44.741,39.458,39.086,42.857,38.227,15, 0C11 - 1  1G13 - 1  G07 - 1  1F02 - 1  FIR031 - 1  GOT009 - 1  POR016 - 1  FIR013 - 1  FIR043 - 1  GOTO40 - 1  PIE039 - 1  FIR53 - 1  FIR048 - 1  PIE125 - 1  QpZAG9 - 1  , 
QAc-G-0081,/Arnold,"Sugarloaf Mountain, Rim of east facing bluff and adjacent glade-like area on lookout",Kessler,54.725,,SL,39.986,,Porter,5.148,,Magazine,0.141,,Pryor,0,,36.798,38.361,41.401,35.908,35.771,15, 0C11 - 1  1G13 - 1  G07 - 1  1F02 - 1  FIR031 - 1  GOT009 - 1  POR016 - 1  FIR013 - 1  FIR043 - 1  GOTO40 - 1  PIE039 - 1  FIR53 - 1  FIR048 - 1  PIE125 - 1  QpZAG9 - 1  , 
QAc-G-0082,/Arnold,"Sugarloaf Mountain, Rim of east facing bluff and adjacent glade-like area on lookout",Kessler,91.592,,Magazine,8.407,,SL,0.001,,Pryor,0,,Porter,0,,43.239,33.013,40.251,37.059,31.976,15, 0C11 - 1  1G13 - 1  G07 - 1  1F02 - 1  FIR031 - 1  GOT009 - 1  POR016 - 1  FIR013 - 1  FIR043 - 1  GOTO40 - 1  PIE039 - 1  FIR53 - 1  FIR048 - 1  PIE125 - 1  QpZAG9 - 1  , 
QAc-G-0083,/Arnold,"Sugarloaf Mountain, Rim of east facing bluff and adjacent glade-like area on lookout",Porter,95.306,,Magazine,4.591,,Kessler,0.103,,Pryor,0,,SL,0,,26.798,28.116,32.762,35.157,29.765,15, 0C11 - 1  1G13 - 1  G07 - 1  1F02 - 1  FIR031 - 1  GOT009 - 1  POR016 - 1  FIR013 - 1  FIR043 - 1  GOTO40 - 1  PIE039 - 1  FIR53 - 1  FIR048 - 1  PIE125 - 1  QpZAG9 - 1  , 
QAc-G-0001,/Bartlett,,Porter,78.298,,Magazine,21.626,,Pryor,0.075,,Kessler,0.002,,SL,0,,27.321,27.88,30.342,36.125,31.986,13, G07 - 1  1F02 - 1  FIR031 - 1  GOT009 - 1  POR016 - 1  FIR013 - 1  FIR043 - 1  GOTO40 - 1  PIE039 - 1  FIR53 - 1  FIR048 - 1  PIE125 - 1  QpZAG9 - 1  , 0C11 - 1  1G13 - 1  
QAc-G-0285,/CBG,,Magazine,99.974,,Porter,0.018,,Kessler,0.007,,Pryor,0.001,,SL,0,,30.201,26.446,31.634,34.624,30.574,15, 0C11 - 1  1G13 - 1  G07 - 1  1F02 - 1  FIR031 - 1  GOT009 - 1  POR016 - 1  FIR013 - 1  FIR043 - 1  GOTO40 - 1  PIE039 - 1  FIR53 - 1  FIR048 - 1  PIE125 - 1  QpZAG9 - 1  , 
QAc-G-0286,/CBG,,Kessler,63.461,,Magazine,28.196,,Porter,8.34,,SL,0.002,,Pryor,0,,31.524,30.995,36.357,35.075,30.642,15, 0C11 - 1  1G13 - 1  G07 - 1  1F02 - 1  FIR031 - 1  GOT009 - 1  POR016 - 1  FIR013 - 1  FIR043 - 1  GOTO40 - 1  PIE039 - 1  FIR53 - 1  FIR048 - 1  PIE125 - 1  QpZAG9 - 1  , 
QAc-G-0287,/CBG,,Kessler,99.299,,Magazine,0.692,,Porter,0.009,,Pryor,0.001,,SL,0,,36.085,34.2,37.324,38.952,32.043,15, 0C11 - 1  1G13 - 1  G07 - 1  1F02 - 1  FIR031 - 1  GOT009 - 1  POR016 - 1  FIR013 - 1  FIR043 - 1  GOTO40 - 1  PIE039 - 1  FIR53 - 1  FIR048 - 1  PIE125 - 1  QpZAG9 - 1  , 
QAc-G-0288,/CBG,,Kessler,96.079,,SL,2.201,,Magazine,1.435,,Porter,0.285,,Pryor,0,,34.044,33.341,39.233,33.155,31.515,14, 0C11 - 1  G07 - 1  1F02 - 1  FIR031 - 1  GOT009 - 1  POR016 - 1  FIR013 - 1  FIR043 - 1  GOTO40 - 1  PIE039 - 1  FIR53 - 1  FIR048 - 1  PIE125 - 1  QpZAG9 - 1  , 1G13 - 1  
QAc-G-0292,/CBG,,Magazine,99.918,,Kessler,0.074,,Porter,0.008,,SL,0,,Pryor,0,,31.668,27.57,35.953,33.331,30.702,15, 0C11 - 1  1G13 - 1  G07 - 1  1F02 - 1  FIR031 - 1  GOT009 - 1  POR016 - 1  FIR013 - 1  FIR043 - 1  GOTO40 - 1  PIE039 - 1  FIR53 - 1  FIR048 - 1  PIE125 - 1  QpZAG9 - 1  , 
QAc-G-0294,/CBG,,Porter,99.665,,Kessler,0.326,,Magazine,0.007,,SL,0.002,,Pryor,0,,31.316,35.463,42.361,36.127,33.8,15, 0C11 - 1  1G13 - 1  G07 - 1  1F02 - 1  FIR031 - 1  GOT009 - 1  POR016 - 1  FIR013 - 1  FIR043 - 1  GOTO40 - 1  PIE039 - 1  FIR53 - 1  FIR048 - 1  PIE125 - 1  QpZAG9 - 1  , 
QAc-G-0295,/CBG,,Kessler,93.252,,Magazine,6.743,,Porter,0.005,,SL,0.001,,Pryor,0,,35.554,32.393,37.371,36.309,31.252,15, 0C11 - 1  1G13 - 1  G07 - 1  1F02 - 1  FIR031 - 1  GOT009 - 1  POR016 - 1  FIR013 - 1  FIR043 - 1  GOTO40 - 1  PIE039 - 1  FIR53 - 1  FIR048 - 1  PIE125 - 1  QpZAG9 - 1  , 
QAc-G-0296,/CBG,,Kessler,99.997,,Porter,0.003,,SL,0,,Magazine,0,,Pryor,0,,34.082,36.727,41.964,35.52,29.541,15, 0C11 - 1  1G13 - 1  G07 - 1  1F02 - 1  FIR031 - 1  GOT009 - 1  POR016 - 1  FIR013 - 1  FIR043 - 1  GOTO40 - 1  PIE039 - 1  FIR53 - 1  FIR048 - 1  PIE125 - 1  QpZAG9 - 1  , 
QAc-G-0297,/CBG,,Kessler,96.425,,Porter,2.284,,Magazine,1.041,,Pryor,0.247,,SL,0.003,,35.828,36.169,36.794,38.717,34.202,15, 0C11 - 1  1G13 - 1  G07 - 1  1F02 - 1  FIR031 - 1  GOT009 - 1  POR016 - 1  FIR013 - 1  FIR043 - 1  GOTO40 - 1  PIE039 - 1  FIR53 - 1  FIR048 - 1  PIE125 - 1  QpZAG9 - 1  , 
QAc-G-0298,/CBG,,Magazine,89.695,,Kessler,6.196,,Porter,3.947,,SL,0.162,,Pryor,0,,29.423,28.066,36.562,30.81,29.227,14, 0C11 - 1  G07 - 1  1F02 - 1  FIR031 - 1  GOT009 - 1  POR016 - 1  FIR013 - 1  FIR043 - 1  GOTO40 - 1  PIE039 - 1  FIR53 - 1  FIR048 - 1  PIE125 - 1  QpZAG9 - 1  , 1G13 - 1  
QAc-G-0299,/CBG,,Porter,97.442,,SL,1.557,,Magazine,0.651,,Kessler,0.351,,Pryor,0,,31.392,33.567,37.773,33.188,33.835,15, 0C11 - 1  1G13 - 1  G07 - 1  1F02 - 1  FIR031 - 1  GOT009 - 1  POR016 - 1  FIR013 - 1  FIR043 - 1  GOTO40 - 1  PIE039 - 1  FIR53 - 1  FIR048 - 1  PIE125 - 1  QpZAG9 - 1  , 
QAc-G-0300,/CBG,,Porter,85.294,,Kessler,7.905,,Magazine,6.797,,SL,0.004,,Pryor,0,,31.607,32.706,37.44,35.965,32.64,15, 0C11 - 1  1G13 - 1  G07 - 1  1F02 - 1  FIR031 - 1  GOT009 - 1  POR016 - 1  FIR013 - 1  FIR043 - 1  GOTO40 - 1  PIE039 - 1  FIR53 - 1  FIR048 - 1  PIE125 - 1  QpZAG9 - 1  , 
QAc-G-0301,/CBG,,Kessler,92.398,,Porter,7.146,,SL,0.396,,Magazine,0.06,,Pryor,0,,33.115,35.188,39.286,34.371,32.004,15, 0C11 - 1  1G13 - 1  G07 - 1  1F02 - 1  FIR031 - 1  GOT009 - 1  POR016 - 1  FIR013 - 1  FIR043 - 1  GOTO40 - 1  PIE039 - 1  FIR53 - 1  FIR048 - 1  PIE125 - 1  QpZAG9 - 1  , 
QAc-G-0302,/CBG,,Porter,92.549,,Magazine,6.891,,SL,0.378,,Kessler,0.121,,Pryor,0.061,,32.559,33.687,35.742,34.948,35.443,15, 0C11 - 1  1G13 - 1  G07 - 1  1F02 - 1  FIR031 - 1  GOT009 - 1  POR016 - 1  FIR013 - 1  FIR043 - 1  GOTO40 - 1  PIE039 - 1  FIR53 - 1  FIR048 - 1  PIE125 - 1  QpZAG9 - 1  , 
QAc-G-0303,/CBG,,Magazine,100,,Pryor,0,,Porter,0,,Kessler,0,,SL,0,,39.074,32.399,37.729,40.965,40.508,15, 0C11 - 1  1G13 - 1  G07 - 1  1F02 - 1  FIR031 - 1  GOT009 - 1  POR016 - 1  FIR013 - 1  FIR043 - 1  GOTO40 - 1  PIE039 - 1  FIR53 - 1  FIR048 - 1  PIE125 - 1  QpZAG9 - 1  , 
QAc-G-0305,/CBG,,Magazine,73.821,,Porter,19.798,,SL,6.059,,Kessler,0.323,,Pryor,0,,32.27,31.699,40.503,32.785,34.058,15, 0C11 - 1  1G13 - 1  G07 - 1  1F02 - 1  FIR031 - 1  GOT009 - 1  POR016 - 1  FIR013 - 1  FIR043 - 1  GOTO40 - 1  PIE039 - 1  FIR53 - 1  FIR048 - 1  PIE125 - 1  QpZAG9 - 1  , 
QAc-G-0307,/CBG,,Magazine,71.336,,Kessler,16.876,,Porter,11.426,,SL,0.362,,Pryor,0,,33.975,33.179,39.38,35.474,33.806,15, 0C11 - 1  1G13 - 1  G07 - 1  1F02 - 1  FIR031 - 1  GOT009 - 1  POR016 - 1  FIR013 - 1  FIR043 - 1  GOTO40 - 1  PIE039 - 1  FIR53 - 1  FIR048 - 1  PIE125 - 1  QpZAG9 - 1  , 
QAc-G-0308,/CBG,,Kessler,99.879,,Porter,0.112,,SL,0.007,,Magazine,0.002,,Pryor,0,,37.662,39.347,42.016,38.895,34.711,15, 0C11 - 1  1G13 - 1  G07 - 1  1F02 - 1  FIR031 - 1  GOT009 - 1  POR016 - 1  FIR013 - 1  FIR043 - 1  GOTO40 - 1  PIE039 - 1  FIR53 - 1  FIR048 - 1  PIE125 - 1  QpZAG9 - 1  , 
QAc-G-0309,/CBG,,Porter,46.253,,Magazine,38.908,,Pryor,13.025,,SL,1.801,,Kessler,0.013,,34.201,34.276,34.751,35.61,37.769,15, 0C11 - 1  1G13 - 1  G07 - 1  1F02 - 1  FIR031 - 1  GOT009 - 1  POR016 - 1  FIR013 - 1  FIR043 - 1  GOTO40 - 1  PIE039 - 1  FIR53 - 1  FIR048 - 1  PIE125 - 1  QpZAG9 - 1  , 
QAc-G-0312,/CBG,,Magazine,99.609,,Kessler,0.236,,Porter,0.078,,SL,0.076,,Pryor,0,,36.681,33.577,44.126,36.692,36.202,15, 0C11 - 1  1G13 - 1  G07 - 1  1F02 - 1  FIR031 - 1  GOT009 - 1  POR016 - 1  FIR013 - 1  FIR043 - 1  GOTO40 - 1  PIE039 - 1  FIR53 - 1  FIR048 - 1  PIE125 - 1  QpZAG9 - 1  , 
QAc-G-0313,/CBG,,Magazine,99.483,,Porter,0.491,,SL,0.019,,Kessler,0.007,,Pryor,0,,31.656,29.349,39.588,33.07,33.486,15, 0C11 - 1  1G13 - 1  G07 - 1  1F02 - 1  FIR031 - 1  GOT009 - 1  POR016 - 1  FIR013 - 1  FIR043 - 1  GOTO40 - 1  PIE039 - 1  FIR53 - 1  FIR048 - 1  PIE125 - 1  QpZAG9 - 1  , 
QAc-G-0314,/CBG,,SL,79.003,,Porter,17.01,,Kessler,3.942,,Pryor,0.033,,Magazine,0.013,,34.473,37.578,37.191,33.806,35.108,15, 0C11 - 1  1G13 - 1  G07 - 1  1F02 - 1  FIR031 - 1  GOT009 - 1  POR016 - 1  FIR013 - 1  FIR043 - 1  GOTO40 - 1  PIE039 - 1  FIR53 - 1  FIR048 - 1  PIE125 - 1  QpZAG9 - 1  , 
QAc-G-0315,/CBG,,Kessler,99.999,,Porter,0.001,,SL,0,,Magazine,0,,Pryor,0,,39.309,42.984,43.332,40.678,34.321,15, 0C11 - 1  1G13 - 1  G07 - 1  1F02 - 1  FIR031 - 1  GOT009 - 1  POR016 - 1  FIR013 - 1  FIR043 - 1  GOTO40 - 1  PIE039 - 1  FIR53 - 1  FIR048 - 1  PIE125 - 1  QpZAG9 - 1  , 
QAc-G-0316,/CBG,,Kessler,71.509,,Magazine,27.135,,Porter,1.251,,SL,0.105,,Pryor,0.001,,38.074,36.738,41.434,39.151,36.317,15, 0C11 - 1  1G13 - 1  G07 - 1  1F02 - 1  FIR031 - 1  GOT009 - 1  POR016 - 1  FIR013 - 1  FIR043 - 1  GOTO40 - 1  PIE039 - 1  FIR53 - 1  FIR048 - 1  PIE125 - 1  QpZAG9 - 1  , 
QAc-G-0032,/DBG,Magazine,Magazine,97.103,,Kessler,2.897,,Pryor,0,,SL,0,,Porter,0,,46.279,35.478,41.878,44.01,37.003,14, 0C11 - 1  1G13 - 1  G07 - 1  1F02 - 1  FIR031 - 1  GOT009 - 1  POR016 - 1  FIR013 - 1  FIR043 - 1  GOTO40 - 1  PIE039 - 1  FIR53 - 1  FIR048 - 1  QpZAG9 - 1  , PIE125 - 1  
QAc-G-0033,/DBG,Porter Mtn,SL,98.651,,Porter,1.32,,Kessler,0.029,,Magazine,0.001,,Pryor,0,,31.304,34.646,37.635,29.431,32.964,15, 0C11 - 1  1G13 - 1  G07 - 1  1F02 - 1  FIR031 - 1  GOT009 - 1  POR016 - 1  FIR013 - 1  FIR043 - 1  GOTO40 - 1  PIE039 - 1  FIR53 - 1  FIR048 - 1  PIE125 - 1  QpZAG9 - 1  , 
QAc-G-0034,/DBG,Porter Mtn,SL,73.311,,Magazine,24.44,,Porter,2.156,,Kessler,0.093,,Pryor,0,,36.758,35.704,41.208,35.227,38.123,15, 0C11 - 1  1G13 - 1  G07 - 1  1F02 - 1  FIR031 - 1  GOT009 - 1  POR016 - 1  FIR013 - 1  FIR043 - 1  GOTO40 - 1  PIE039 - 1  FIR53 - 1  FIR048 - 1  PIE125 - 1  QpZAG9 - 1  , 
QAc-G-0035,/DBG,Porter Mtn,Kessler,90.34,,SL,9.233,,Porter,0.426,,Pryor,0,,Magazine,0,,35.649,38.849,38.613,34.313,33.323,15, 0C11 - 1  1G13 - 1  G07 - 1  1F02 - 1  FIR031 - 1  GOT009 - 1  POR016 - 1  FIR013 - 1  FIR043 - 1  GOTO40 - 1  PIE039 - 1  FIR53 - 1  FIR048 - 1  PIE125 - 1  QpZAG9 - 1  , 
QAc-G-0036,/DBG,Porter Mtn,Kessler,87.397,,SL,12.6,,Porter,0.003,,Magazine,0,,Pryor,0,,36.689,37.938,43.739,33.123,32.282,15, 0C11 - 1  1G13 - 1  G07 - 1  1F02 - 1  FIR031 - 1  GOT009 - 1  POR016 - 1  FIR013 - 1  FIR043 - 1  GOTO40 - 1  PIE039 - 1  FIR53 - 1  FIR048 - 1  PIE125 - 1  QpZAG9 - 1  , 
QAc-G-0037,/DBG,Porter Mtn,Kessler,99.999,,Porter,0.001,,Magazine,0,,SL,0,,Pryor,0,,36.177,39.746,42.612,40.001,31.072,15, 0C11 - 1  1G13 - 1  G07 - 1  1F02 - 1  FIR031 - 1  GOT009 - 1  POR016 - 1  FIR013 - 1  FIR043 - 1  GOTO40 - 1  PIE039 - 1  FIR53 - 1  FIR048 - 1  PIE125 - 1  QpZAG9 - 1  , 
QAc-G-0038,/DBG,Porter Mtn,Kessler,99.067,,Porter,0.929,,SL,0.003,,Magazine,0.001,,Pryor,0,,31.774,34.955,40.689,34.267,29.746,15, 0C11 - 1  1G13 - 1  G07 - 1  1F02 - 1  FIR031 - 1  GOT009 - 1  POR016 - 1  FIR013 - 1  FIR043 - 1  GOTO40 - 1  PIE039 - 1  FIR53 - 1  FIR048 - 1  PIE125 - 1  QpZAG9 - 1  , 
QAc-G-0039,/DBG,Porter Mtn,Porter,99.695,,SL,0.286,,Kessler,0.019,,Magazine,0,,Pryor,0,,30.965,36.398,38.76,33.508,34.686,15, 0C11 - 1  1G13 - 1  G07 - 1  1F02 - 1  FIR031 - 1  GOT009 - 1  POR016 - 1  FIR013 - 1  FIR043 - 1  GOTO40 - 1  PIE039 - 1  FIR53 - 1  FIR048 - 1  PIE125 - 1  QpZAG9 - 1  , 
QAc-G-0040,/DBG,Porter Mtn,Kessler,71.068,,Porter,28.922,,SL,0.009,,Magazine,0.001,,Pryor,0,,33.66,38.1,41.14,37.168,33.269,15, 0C11 - 1  1G13 - 1  G07 - 1  1F02 - 1  FIR031 - 1  GOT009 - 1  POR016 - 1  FIR013 - 1  FIR043 - 1  GOTO40 - 1  PIE039 - 1  FIR53 - 1  FIR048 - 1  PIE125 - 1  QpZAG9 - 1  , 
QAc-G-0045,/DBG,Porter Mtn,Porter,98.269,,Kessler,1.477,,SL,0.237,,Magazine,0.017,,Pryor,0,,31.1,34.86,39.917,33.718,32.924,15, 0C11 - 1  1G13 - 1  G07 - 1  1F02 - 1  FIR031 - 1  GOT009 - 1  POR016 - 1  FIR013 - 1  FIR043 - 1  GOTO40 - 1  PIE039 - 1  FIR53 - 1  FIR048 - 1  PIE125 - 1  QpZAG9 - 1  , 
QAc-G-0049,/DBG,Pryor Mtn,Magazine,97.538,,Porter,2.458,,SL,0.003,,Pryor,0.001,,Kessler,0.001,,33.497,31.898,36.874,36.424,36.923,15, 0C11 - 1  1G13 - 1  G07 - 1  1F02 - 1  FIR031 - 1  GOT009 - 1  POR016 - 1  FIR013 - 1  FIR043 - 1  GOTO40 - 1  PIE039 - 1  FIR53 - 1  FIR048 - 1  PIE125 - 1  QpZAG9 - 1  , 
QAc-G-0050,/DBG,Pryor Mtn,Magazine,99.992,,Porter,0.008,,Kessler,0,,Pryor,0,,SL,0,,34.131,30.055,39.751,40.674,37.891,15, 0C11 - 1  1G13 - 1  G07 - 1  1F02 - 1  FIR031 - 1  GOT009 - 1  POR016 - 1  FIR013 - 1  FIR043 - 1  GOTO40 - 1  PIE039 - 1  FIR53 - 1  FIR048 - 1  PIE125 - 1  QpZAG9 - 1  , 
QAc-G-0052,/DBG,Pryor Mtn,Magazine,92.804,,Kessler,7.195,,SL,0,,Porter,0,,Pryor,0,,39.649,34.213,44.131,39.574,35.324,15, 0C11 - 1  1G13 - 1  G07 - 1  1F02 - 1  FIR031 - 1  GOT009 - 1  POR016 - 1  FIR013 - 1  FIR043 - 1  GOTO40 - 1  PIE039 - 1  FIR53 - 1  FIR048 - 1  PIE125 - 1  QpZAG9 - 1  , 
QAc-G-0053,/DBG,Pryor Mtn,Kessler,99.876,,SL,0.123,,Porter,0.001,,Magazine,0,,Pryor,0,,43.596,43.945,44.212,41.331,38.42,15, 0C11 - 1  1G13 - 1  G07 - 1  1F02 - 1  FIR031 - 1  GOT009 - 1  POR016 - 1  FIR013 - 1  FIR043 - 1  GOTO40 - 1  PIE039 - 1  FIR53 - 1  FIR048 - 1  PIE125 - 1  QpZAG9 - 1  , 
QAc-G-0054,/DBG,Pryor Mtn,Kessler,99.998,,SL,0.002,,Porter,0,,Pryor,0,,Magazine,0,,43.105,45.143,43.519,42.122,37.382,15, 0C11 - 1  1G13 - 1  G07 - 1  1F02 - 1  FIR031 - 1  GOT009 - 1  POR016 - 1  FIR013 - 1  FIR043 - 1  GOTO40 - 1  PIE039 - 1  FIR53 - 1  FIR048 - 1  PIE125 - 1  QpZAG9 - 1  , 
QAc-G-0056,/DBG,Pryor Mtn,Kessler,96.529,,Porter,2.804,,Magazine,0.657,,SL,0.011,,Pryor,0,,36.24,36.87,46.485,38.666,34.703,15, 0C11 - 1  1G13 - 1  G07 - 1  1F02 - 1  FIR031 - 1  GOT009 - 1  POR016 - 1  FIR013 - 1  FIR043 - 1  GOTO40 - 1  PIE039 - 1  FIR53 - 1  FIR048 - 1  PIE125 - 1  QpZAG9 - 1  , 
QAc-G-0276,/FGT,Magazine,Kessler,99.449,,Porter,0.549,,Magazine,0.001,,SL,0,,Pryor,0,,35.201,37.79,41.122,39.346,32.943,15, 0C11 - 1  1G13 - 1  G07 - 1  1F02 - 1  FIR031 - 1  GOT009 - 1  POR016 - 1  FIR013 - 1  FIR043 - 1  GOTO40 - 1  PIE039 - 1  FIR53 - 1  FIR048 - 1  PIE125 - 1  QpZAG9 - 1  , 
QAc-G-0279,/FGT,Porter Mountain,Kessler,78.706,,Porter,13.671,,Magazine,7.484,,SL,0.138,,Pryor,0,,33.638,33.9,40.12,35.633,32.878,15, 0C11 - 1  1G13 - 1  G07 - 1  1F02 - 1  FIR031 - 1  GOT009 - 1  POR016 - 1  FIR013 - 1  FIR043 - 1  GOTO40 - 1  PIE039 - 1  FIR53 - 1  FIR048 - 1  PIE125 - 1  QpZAG9 - 1  , 
QAc-G-0280,/FGT,Porter Mountain,Kessler,68.401,,Porter,30.766,,Magazine,0.833,,SL,0,,Pryor,0,,27.209,28.776,36.848,34.942,26.862,14, 0C11 - 1  G07 - 1  1F02 - 1  FIR031 - 1  GOT009 - 1  POR016 - 1  FIR013 - 1  FIR043 - 1  GOTO40 - 1  PIE039 - 1  FIR53 - 1  FIR048 - 1  PIE125 - 1  QpZAG9 - 1  , 1G13 - 1  
QAc-G-0281,/FGT,Pryor,Pryor,64.559,,Porter,35.424,,Kessler,0.012,,Magazine,0.005,,SL,0,,37.126,40.983,36.865,43.224,40.583,15, 0C11 - 1  1G13 - 1  G07 - 1  1F02 - 1  FIR031 - 1  GOT009 - 1  POR016 - 1  FIR013 - 1  FIR043 - 1  GOTO40 - 1  PIE039 - 1  FIR53 - 1  FIR048 - 1  PIE125 - 1  QpZAG9 - 1  , 
QAc-G-0018,/HBG,Porter,Magazine,98.638,,Porter,1.117,,Kessler,0.244,,SL,0,,Pryor,0,,34.975,33.029,40.285,38.641,35.635,15, 0C11 - 1  1G13 - 1  G07 - 1  1F02 - 1  FIR031 - 1  GOT009 - 1  POR016 - 1  FIR013 - 1  FIR043 - 1  GOTO40 - 1  PIE039 - 1  FIR53 - 1  FIR048 - 1  PIE125 - 1  QpZAG9 - 1  , 
QAc-G-0019,/HBG,Porter,Kessler,54.536,,Magazine,41.321,,Porter,3.022,,SL,1.122,,Pryor,0,,34.678,33.542,39.388,35.109,33.422,15, 0C11 - 1  1G13 - 1  G07 - 1  1F02 - 1  FIR031 - 1  GOT009 - 1  POR016 - 1  FIR013 - 1  FIR043 - 1  GOTO40 - 1  PIE039 - 1  FIR53 - 1  FIR048 - 1  PIE125 - 1  QpZAG9 - 1  , 
QAc-G-0020,/HBG,Porter,Kessler,99.996,,Porter,0.004,,SL,0,,Magazine,0,,Pryor,0,,34.628,40.507,43.44,38.135,30.2,15, 0C11 - 1  1G13 - 1  G07 - 1  1F02 - 1  FIR031 - 1  GOT009 - 1  POR016 - 1  FIR013 - 1  FIR043 - 1  GOTO40 - 1  PIE039 - 1  FIR53 - 1  FIR048 - 1  PIE125 - 1  QpZAG9 - 1  , 
QAc-G-0021,/HBG,Pryor,Porter,99.946,,Kessler,0.054,,Magazine,0,,SL,0,,Pryor,0,,28.079,35.565,37.644,35.578,31.347,14, 0C11 - 1  1G13 - 1  G07 - 1  FIR031 - 1  GOT009 - 1  POR016 - 1  FIR013 - 1  FIR043 - 1  GOTO40 - 1  PIE039 - 1  FIR53 - 1  FIR048 - 1  PIE125 - 1  QpZAG9 - 1  , 1F02 - 1  
QAc-G-0023,/HBG,Pryor,Pryor,99.98,,SL,0.012,,Magazine,0.005,,Porter,0.002,,Kessler,0.001,,38.482,38.039,33.721,37.65,38.606,15, 0C11 - 1  1G13 - 1  G07 - 1  1F02 - 1  FIR031 - 1  GOT009 - 1  POR016 - 1  FIR013 - 1  FIR043 - 1  GOTO40 - 1  PIE039 - 1  FIR53 - 1  FIR048 - 1  PIE125 - 1  QpZAG9 - 1  , 
QAc-G-0016,/HBG,Porter,Magazine,99.347,,Kessler,0.588,,SL,0.065,,Porter,0.001,,Pryor,0,,40.253,35.05,41.886,38.234,37.278,15, 0C11 - 1  1G13 - 1  G07 - 1  1F02 - 1  FIR031 - 1  GOT009 - 1  POR016 - 1  FIR013 - 1  FIR043 - 1  GOTO40 - 1  PIE039 - 1  FIR53 - 1  FIR048 - 1  PIE125 - 1  QpZAG9 - 1  , 
QAc-G-0017,/HBG,Porter,Magazine,99.984,,Porter,0.015,,SL,0.001,,Pryor,0,,Kessler,0,,32.122,28.309,34.185,33.589,34.471,15, 0C11 - 1  1G13 - 1  G07 - 1  1F02 - 1  FIR031 - 1  GOT009 - 1  POR016 - 1  FIR013 - 1  FIR043 - 1  GOTO40 - 1  PIE039 - 1  FIR53 - 1  FIR048 - 1  PIE125 - 1  QpZAG9 - 1  , 
QAc-G-0250,/Meis,,Porter,66.576,,Kessler,33.422,,Magazine,0.002,,SL,0,,Pryor,0,,29.646,34.198,40.477,39.75,29.946,15, 0C11 - 1  1G13 - 1  G07 - 1  1F02 - 1  FIR031 - 1  GOT009 - 1  POR016 - 1  FIR013 - 1  FIR043 - 1  GOTO40 - 1  PIE039 - 1  FIR53 - 1  FIR048 - 1  PIE125 - 1  QpZAG9 - 1  , 
QAc-G-0003,/MBG,,Magazine,67.404,,Porter,18.705,,Kessler,13.888,,SL,0.002,,Pryor,0,,28.683,28.126,36.576,32.57,28.812,14, 0C11 - 1  G07 - 1  1F02 - 1  FIR031 - 1  GOT009 - 1  POR016 - 1  FIR013 - 1  FIR043 - 1  GOTO40 - 1  PIE039 - 1  FIR53 - 1  FIR048 - 1  PIE125 - 1  QpZAG9 - 1  , 1G13 - 1  
QAc-G-0004,/MBG,,Magazine,100,,Pryor,0,,Kessler,0,,SL,0,,Porter,0,,38.936,27.725,36.464,37.767,37.649,15, 0C11 - 1  1G13 - 1  G07 - 1  1F02 - 1  FIR031 - 1  GOT009 - 1  POR016 - 1  FIR013 - 1  FIR043 - 1  GOTO40 - 1  PIE039 - 1  FIR53 - 1  FIR048 - 1  PIE125 - 1  QpZAG9 - 1  , 
QAc-G-0005,/MBG,,Magazine,99.999,,Porter,0.001,,Kessler,0,,SL,0,,Pryor,0,,39.477,34.196,42.657,42.551,39.914,15, 0C11 - 1  1G13 - 1  G07 - 1  1F02 - 1  FIR031 - 1  GOT009 - 1  POR016 - 1  FIR013 - 1  FIR043 - 1  GOTO40 - 1  PIE039 - 1  FIR53 - 1  FIR048 - 1  PIE125 - 1  QpZAG9 - 1  , 
QAc-G-0006,/MBG,,Magazine,99.652,,Kessler,0.348,,Pryor,0,,Porter,0,,SL,0,,36.236,27.028,36.055,37.451,29.485,14, 0C11 - 1  1G13 - 1  G07 - 1  1F02 - 1  FIR031 - 1  GOT009 - 1  POR016 - 1  FIR013 - 1  GOTO40 - 1  PIE039 - 1  FIR53 - 1  FIR048 - 1  PIE125 - 1  QpZAG9 - 1  , FIR043 - 1  
QAc-G-0283,/Moore,,Kessler,99.997,,SL,0.003,,Magazine,0,,Pryor,0,,Porter,0,,37.541,34.205,34.789,33.314,28.75,15, 0C11 - 1  1G13 - 1  G07 - 1  1F02 - 1  FIR031 - 1  GOT009 - 1  POR016 - 1  FIR013 - 1  FIR043 - 1  GOTO40 - 1  PIE039 - 1  FIR53 - 1  FIR048 - 1  PIE125 - 1  QpZAG9 - 1  , 
QAc-G-0265,/MA,Pryor,SL,50.21,,Magazine,47.928,,Porter,1.575,,Kessler,0.287,,Pryor,0.001,,29.651,28.167,33.02,28.147,30.389,15, 0C11 - 1  1G13 - 1  G07 - 1  1F02 - 1  FIR031 - 1  GOT009 - 1  POR016 - 1  FIR013 - 1  FIR043 - 1  GOTO40 - 1  PIE039 - 1  FIR53 - 1  FIR048 - 1  PIE125 - 1  QpZAG9 - 1  , 
QAc-G-0266,/MA,Pryor,Magazine,99.631,,Porter,0.263,,SL,0.068,,Kessler,0.032,,Pryor,0.006,,37.808,35.229,39.46,38.395,38.726,15, 0C11 - 1  1G13 - 1  G07 - 1  1F02 - 1  FIR031 - 1  GOT009 - 1  POR016 - 1  FIR013 - 1  FIR043 - 1  GOTO40 - 1  PIE039 - 1  FIR53 - 1  FIR048 - 1  PIE125 - 1  QpZAG9 - 1  , 
QAc-G-0267,/MA,Magazine,Magazine,83.655,,Kessler,12.641,,Porter,3.704,,Pryor,0,,SL,0,,31.081,29.727,37.153,38.26,30.548,15, 0C11 - 1  1G13 - 1  G07 - 1  1F02 - 1  FIR031 - 1  GOT009 - 1  POR016 - 1  FIR013 - 1  FIR043 - 1  GOTO40 - 1  PIE039 - 1  FIR53 - 1  FIR048 - 1  PIE125 - 1  QpZAG9 - 1  , 
QAc-G-0268,/MA,Magazine,Magazine,90.862,,Porter,7.226,,Kessler,1.912,,Pryor,0,,SL,0,,29.187,28.088,35.162,38.586,29.765,12, 0C11 - 1  G07 - 1  1F02 - 1  FIR031 - 1  GOT009 - 1  POR016 - 1  FIR043 - 1  GOTO40 - 1  PIE039 - 1  FIR53 - 1  FIR048 - 1  PIE125 - 1  , 1G13 - 1  FIR013 - 1  QpZAG9 - 1  
QAc-G-0269,/MA,Magazine,Kessler,98.529,,Magazine,1.464,,Porter,0.007,,SL,0,,Pryor,0,,35.95,33.651,40.607,37.29,31.823,15, 0C11 - 1  1G13 - 1  G07 - 1  1F02 - 1  FIR031 - 1  GOT009 - 1  POR016 - 1  FIR013 - 1  FIR043 - 1  GOTO40 - 1  PIE039 - 1  FIR53 - 1  FIR048 - 1  PIE125 - 1  QpZAG9 - 1  , 
QAc-G-0270,/MA,Porter,Kessler,55.281,,Porter,26.579,,SL,18.13,,Magazine,0.011,,Pryor,0,,32.609,35.992,40.508,32.775,32.291,14, 0C11 - 1  1G13 - 1  G07 - 1  1F02 - 1  FIR031 - 1  GOT009 - 1  POR016 - 1  FIR013 - 1  FIR043 - 1  GOTO40 - 1  PIE039 - 1  FIR53 - 1  FIR048 - 1  QpZAG9 - 1  , PIE125 - 1  
QAc-G-0271,/MA,Porter,Porter,99.999,,SL,0.001,,Magazine,0,,Kessler,0,,Pryor,0,,29.403,34.911,36.584,34.428,36.411,15, 0C11 - 1  1G13 - 1  G07 - 1  1F02 - 1  FIR031 - 1  GOT009 - 1  POR016 - 1  FIR013 - 1  FIR043 - 1  GOTO40 - 1  PIE039 - 1  FIR53 - 1  FIR048 - 1  PIE125 - 1  QpZAG9 - 1  , 
QAc-G-0273,/MA,Magazine,Porter,50.853,,Magazine,49.142,,Pryor,0.005,,SL,0,,Kessler,0,,32.778,32.793,36.778,38.244,39.081,15, 0C11 - 1  1G13 - 1  G07 - 1  1F02 - 1  FIR031 - 1  GOT009 - 1  POR016 - 1  FIR013 - 1  FIR043 - 1  GOTO40 - 1  PIE039 - 1  FIR53 - 1  FIR048 - 1  PIE125 - 1  QpZAG9 - 1  , 
QAc-G-0274,/MA,Pryor ,Magazine,88.291,,Porter,11.709,,Kessler,0,,SL,0,,Pryor,0,,35.067,34.189,43.1,42.082,39.689,15, 0C11 - 1  1G13 - 1  G07 - 1  1F02 - 1  FIR031 - 1  GOT009 - 1  POR016 - 1  FIR013 - 1  FIR043 - 1  GOTO40 - 1  PIE039 - 1  FIR53 - 1  FIR048 - 1  PIE125 - 1  QpZAG9 - 1  , 
QAc-G-0251,/Peckerwood,Porter,SL,97.864,,Kessler,1.726,,Magazine,0.409,,Porter,0,,Pryor,0,,34.892,31.963,40.94,29.584,31.337,14, 0C11 - 1  1G13 - 1  G07 - 1  1F02 - 1  FIR031 - 1  GOT009 - 1  POR016 - 1  FIR013 - 1  FIR043 - 1  GOTO40 - 1  PIE039 - 1  FIR53 - 1  FIR048 - 1  QpZAG9 - 1  , PIE125 - 1  
QAc-G-0252,/Peckerwood,Porter,Kessler,98.669,,Porter,0.765,,SL,0.566,,Magazine,0,,Pryor,0,,31.664,35.228,38.607,31.795,29.554,15, 0C11 - 1  1G13 - 1  G07 - 1  1F02 - 1  FIR031 - 1  GOT009 - 1  POR016 - 1  FIR013 - 1  FIR043 - 1  GOTO40 - 1  PIE039 - 1  FIR53 - 1  FIR048 - 1  PIE125 - 1  QpZAG9 - 1  , 
QAc-G-0253,/Peckerwood,Pryor,Kessler,89.552,,Magazine,10.443,,Pryor,0.004,,Porter,0.002,,SL,0,,41.599,37.773,41.243,43.56,36.84,15, 0C11 - 1  1G13 - 1  G07 - 1  1F02 - 1  FIR031 - 1  GOT009 - 1  POR016 - 1  FIR013 - 1  FIR043 - 1  GOTO40 - 1  PIE039 - 1  FIR53 - 1  FIR048 - 1  PIE125 - 1  QpZAG9 - 1  , 
QAc-G-0254,/Peckerwood,Pryor,Porter,91.801,,Magazine,7.214,,Pryor,0.703,,SL,0.175,,Kessler,0.107,,36.778,37.883,38.894,39.498,39.711,15, 0C11 - 1  1G13 - 1  G07 - 1  1F02 - 1  FIR031 - 1  GOT009 - 1  POR016 - 1  FIR013 - 1  FIR043 - 1  GOTO40 - 1  PIE039 - 1  FIR53 - 1  FIR048 - 1  PIE125 - 1  QpZAG9 - 1  , 
QAc-G-0255,/Peckerwood,Magazine,Porter,71.302,,Magazine,14.829,,Pryor,12.422,,SL,1.188,,Kessler,0.259,,32.619,33.301,33.378,34.397,35.058,15, 0C11 - 1  1G13 - 1  G07 - 1  1F02 - 1  FIR031 - 1  GOT009 - 1  POR016 - 1  FIR013 - 1  FIR043 - 1  GOTO40 - 1  PIE039 - 1  FIR53 - 1  FIR048 - 1  PIE125 - 1  QpZAG9 - 1  , 
QAc-G-0256,/Peckerwood,Magazine,Magazine,99.988,,Porter,0.011,,Pryor,0.001,,SL,0,,Kessler,0,,36.236,32.286,37.535,37.794,39.169,15, 0C11 - 1  1G13 - 1  G07 - 1  1F02 - 1  FIR031 - 1  GOT009 - 1  POR016 - 1  FIR013 - 1  FIR043 - 1  GOTO40 - 1  PIE039 - 1  FIR53 - 1  FIR048 - 1  PIE125 - 1  QpZAG9 - 1  , 
QAc-G-0257,/Peckerwood,Magazine,Magazine,99.999,,SL,0,,Kessler,0,,Porter,0,,Pryor,0,,38.966,31.593,40.576,36.957,37.778,15, 0C11 - 1  1G13 - 1  G07 - 1  1F02 - 1  FIR031 - 1  GOT009 - 1  POR016 - 1  FIR013 - 1  FIR043 - 1  GOTO40 - 1  PIE039 - 1  FIR53 - 1  FIR048 - 1  PIE125 - 1  QpZAG9 - 1  , 
QAc-G-0259,/Peckerwood,Magazine,Kessler,100,,SL,0,,Pryor,0,,Magazine,0,,Porter,0,,44.568,44.443,42.234,41.223,34.079,15, 0C11 - 1  1G13 - 1  G07 - 1  1F02 - 1  FIR031 - 1  GOT009 - 1  POR016 - 1  FIR013 - 1  FIR043 - 1  GOTO40 - 1  PIE039 - 1  FIR53 - 1  FIR048 - 1  PIE125 - 1  QpZAG9 - 1  , 
QAc-G-0260,/Peckerwood,Magazine,Kessler,99.99,,Porter,0.007,,Magazine,0.003,,Pryor,0,,SL,0,,37.711,38.141,39.022,41.211,33.553,15, 0C11 - 1  1G13 - 1  G07 - 1  1F02 - 1  FIR031 - 1  GOT009 - 1  POR016 - 1  FIR013 - 1  FIR043 - 1  GOTO40 - 1  PIE039 - 1  FIR53 - 1  FIR048 - 1  PIE125 - 1  QpZAG9 - 1  , 
QAc-G-0261,/Peckerwood,Magazine,Magazine,99.999,,Porter,0.001,,Kessler,0,,Pryor,0,,SL,0,,40.627,35.45,45.281,45.905,42.668,15, 0C11 - 1  1G13 - 1  G07 - 1  1F02 - 1  FIR031 - 1  GOT009 - 1  POR016 - 1  FIR013 - 1  FIR043 - 1  GOTO40 - 1  PIE039 - 1  FIR53 - 1  FIR048 - 1  PIE125 - 1  QpZAG9 - 1  , 
QAc-G-0010,/TMA,,Magazine,93.068,,Kessler,6.706,,Porter,0.137,,SL,0.089,,Pryor,0,,33.723,30.891,37.083,33.908,32.034,15, 0C11 - 1  1G13 - 1  G07 - 1  1F02 - 1  FIR031 - 1  GOT009 - 1  POR016 - 1  FIR013 - 1  FIR043 - 1  GOTO40 - 1  PIE039 - 1  FIR53 - 1  FIR048 - 1  PIE125 - 1  QpZAG9 - 1  , 
QAc-G-0011,/TMA,,Kessler,98.565,,SL,1.131,,Porter,0.2,,Magazine,0.085,,Pryor,0.019,,39.945,40.314,40.976,39.192,37.252,15, 0C11 - 1  1G13 - 1  G07 - 1  1F02 - 1  FIR031 - 1  GOT009 - 1  POR016 - 1  FIR013 - 1  FIR043 - 1  GOTO40 - 1  PIE039 - 1  FIR53 - 1  FIR048 - 1  PIE125 - 1  QpZAG9 - 1  , 
QAc-G-0015,/TMA,,Magazine,60.827,,SL,38.887,,Porter,0.281,,Pryor,0.005,,Kessler,0,,35.169,32.835,36.947,33.029,38.879,15, 0C11 - 1  1G13 - 1  G07 - 1  1F02 - 1  FIR031 - 1  GOT009 - 1  POR016 - 1  FIR013 - 1  FIR043 - 1  GOTO40 - 1  PIE039 - 1  FIR53 - 1  FIR048 - 1  PIE125 - 1  QpZAG9 - 1  , 
QAc-G-0106,/TMA,,Magazine,92.514,,Kessler,7.417,,Porter,0.069,,Pryor,0,,SL,0,,38.444,35.314,40.787,41.954,36.41,15, 0C11 - 1  1G13 - 1  G07 - 1  1F02 - 1  FIR031 - 1  GOT009 - 1  POR016 - 1  FIR013 - 1  FIR043 - 1  GOTO40 - 1  PIE039 - 1  FIR53 - 1  FIR048 - 1  PIE125 - 1  QpZAG9 - 1  , 
QAc-G-0109,/TMA,Magazine,Magazine,100,,SL,0,,Pryor,0,,Porter,0,,Kessler,0,,38.068,28.051,37.405,35.933,39.241,15, 0C11 - 1  1G13 - 1  G07 - 1  1F02 - 1  FIR031 - 1  GOT009 - 1  POR016 - 1  FIR013 - 1  FIR043 - 1  GOTO40 - 1  PIE039 - 1  FIR53 - 1  FIR048 - 1  PIE125 - 1  QpZAG9 - 1  , 
QAc-G-0111,/TMA,Magazine,Magazine,100,,Kessler,0,,Pryor,0,,Porter,0,,SL,0,,38.424,30.059,37.482,38.599,36.184,15, 0C11 - 1  1G13 - 1  G07 - 1  1F02 - 1  FIR031 - 1  GOT009 - 1  POR016 - 1  FIR013 - 1  FIR043 - 1  GOTO40 - 1  PIE039 - 1  FIR53 - 1  FIR048 - 1  PIE125 - 1  QpZAG9 - 1  , 
QAc-G-0114,/TMA,Magazine,Magazine,100,,Kessler,0,,Pryor,0,,Porter,0,,SL,0,,37.869,26.385,36.476,38.972,35.222,15, 0C11 - 1  1G13 - 1  G07 - 1  1F02 - 1  FIR031 - 1  GOT009 - 1  POR016 - 1  FIR013 - 1  FIR043 - 1  GOTO40 - 1  PIE039 - 1  FIR53 - 1  FIR048 - 1  PIE125 - 1  QpZAG9 - 1  , 
QAc-G-0115,/TMA,Magazine,Magazine,99.996,,Pryor,0.004,,Kessler,0,,Porter,0,,SL,0,,42.976,33.94,38.39,43.437,39.895,15, 0C11 - 1  1G13 - 1  G07 - 1  1F02 - 1  FIR031 - 1  GOT009 - 1  POR016 - 1  FIR013 - 1  FIR043 - 1  GOTO40 - 1  PIE039 - 1  FIR53 - 1  FIR048 - 1  PIE125 - 1  QpZAG9 - 1  , 
QAc-G-0117,/TMA,Magazine,Porter,54.989,,Magazine,45.011,,SL,0,,Kessler,0,,Pryor,0,,26.985,27.072,39.293,32.597,35.619,15, 0C11 - 1  1G13 - 1  G07 - 1  1F02 - 1  FIR031 - 1  GOT009 - 1  POR016 - 1  FIR013 - 1  FIR043 - 1  GOTO40 - 1  PIE039 - 1  FIR53 - 1  FIR048 - 1  PIE125 - 1  QpZAG9 - 1  , 
QAc-G-0120,/TMA,Magazine,Magazine,89.584,,Porter,9.395,,SL,0.855,,Kessler,0.167,,Pryor,0,,32.981,32.002,39.17,34.022,34.732,15, 0C11 - 1  1G13 - 1  G07 - 1  1F02 - 1  FIR031 - 1  GOT009 - 1  POR016 - 1  FIR013 - 1  FIR043 - 1  GOTO40 - 1  PIE039 - 1  FIR53 - 1  FIR048 - 1  PIE125 - 1  QpZAG9 - 1  , 
QAc-G-0121,/TMA,Magazine,Magazine,99.999,,Porter,0.001,,Pryor,0,,Kessler,0,,SL,0,,36.114,31.043,37.515,40.153,37.852,15, 0C11 - 1  1G13 - 1  G07 - 1  1F02 - 1  FIR031 - 1  GOT009 - 1  POR016 - 1  FIR013 - 1  FIR043 - 1  GOTO40 - 1  PIE039 - 1  FIR53 - 1  FIR048 - 1  PIE125 - 1  QpZAG9 - 1  , 
QAc-G-0122,/TMA,Magazine,Porter,96.27,,Magazine,3.722,,Kessler,0.008,,Pryor,0,,SL,0,,29.48,30.892,36.773,38.483,33.575,15, 0C11 - 1  1G13 - 1  G07 - 1  1F02 - 1  FIR031 - 1  GOT009 - 1  POR016 - 1  FIR013 - 1  FIR043 - 1  GOTO40 - 1  PIE039 - 1  FIR53 - 1  FIR048 - 1  PIE125 - 1  QpZAG9 - 1  , 
QAc-G-0125,/TMA,Magazine,Magazine,100,,Pryor,0,,Porter,0,,Kessler,0,,SL,0,,36.538,29.545,36.183,42.18,37.725,15, 0C11 - 1  1G13 - 1  G07 - 1  1F02 - 1  FIR031 - 1  GOT009 - 1  POR016 - 1  FIR013 - 1  FIR043 - 1  GOTO40 - 1  PIE039 - 1  FIR53 - 1  FIR048 - 1  PIE125 - 1  QpZAG9 - 1  , 
QAc-G-0126,/TMA,Magazine,Magazine,99.964,,Porter,0.036,,Kessler,0,,Pryor,0,,SL,0,,32.431,28.99,38.033,38.683,36.469,15, 0C11 - 1  1G13 - 1  G07 - 1  1F02 - 1  FIR031 - 1  GOT009 - 1  POR016 - 1  FIR013 - 1  FIR043 - 1  GOTO40 - 1  PIE039 - 1  FIR53 - 1  FIR048 - 1  PIE125 - 1  QpZAG9 - 1  , 
QAc-G-0127,/TMA,Magazine,Porter,74.458,,Magazine,25.542,,Kessler,0,,Pryor,0,,SL,0,,34.121,34.586,41.707,42.438,41.401,15, 0C11 - 1  1G13 - 1  G07 - 1  1F02 - 1  FIR031 - 1  GOT009 - 1  POR016 - 1  FIR013 - 1  FIR043 - 1  GOTO40 - 1  PIE039 - 1  FIR53 - 1  FIR048 - 1  PIE125 - 1  QpZAG9 - 1  , 
QAc-G-0137,/TMA,Magazine,Magazine,100,,Porter,0,,Pryor,0,,Kessler,0,,SL,0,,35.6,24.342,35.91,38.196,35.972,15, 0C11 - 1  1G13 - 1  G07 - 1  1F02 - 1  FIR031 - 1  GOT009 - 1  POR016 - 1  FIR013 - 1  FIR043 - 1  GOTO40 - 1  PIE039 - 1  FIR53 - 1  FIR048 - 1  PIE125 - 1  QpZAG9 - 1  , 
QAc-G-0141,/TMA,Magazine,Kessler,92.662,,SL,6.828,,Porter,0.51,,Pryor,0,,Magazine,0,,34.581,39.818,38.949,33.454,32.322,15, 0C11 - 1  1G13 - 1  G07 - 1  1F02 - 1  FIR031 - 1  GOT009 - 1  POR016 - 1  FIR013 - 1  FIR043 - 1  GOTO40 - 1  PIE039 - 1  FIR53 - 1  FIR048 - 1  PIE125 - 1  QpZAG9 - 1  , 
QAc-G-0143,/TMA,Magazine,Kessler,77.559,,Porter,18.382,,SL,3.184,,Magazine,0.839,,Pryor,0.037,,38.879,40.219,41.576,39.64,38.253,15, 0C11 - 1  1G13 - 1  G07 - 1  1F02 - 1  FIR031 - 1  GOT009 - 1  POR016 - 1  FIR013 - 1  FIR043 - 1  GOTO40 - 1  PIE039 - 1  FIR53 - 1  FIR048 - 1  PIE125 - 1  QpZAG9 - 1  , 
QAc-G-0145,/TMA,Magazine,Kessler,99.405,,Porter,0.319,,Magazine,0.273,,SL,0.003,,Pryor,0,,32.71,32.779,38.178,34.778,30.217,15, 0C11 - 1  1G13 - 1  G07 - 1  1F02 - 1  FIR031 - 1  GOT009 - 1  POR016 - 1  FIR013 - 1  FIR043 - 1  GOTO40 - 1  PIE039 - 1  FIR53 - 1  FIR048 - 1  PIE125 - 1  QpZAG9 - 1  , 
QAc-G-0147,/TMA,Magazine,SL,99.842,,Magazine,0.154,,Porter,0.003,,Kessler,0.001,,Pryor,0,,29.996,28.325,36.367,25.513,30.555,15, 0C11 - 1  1G13 - 1  G07 - 1  1F02 - 1  FIR031 - 1  GOT009 - 1  POR016 - 1  FIR013 - 1  FIR043 - 1  GOTO40 - 1  PIE039 - 1  FIR53 - 1  FIR048 - 1  PIE125 - 1  QpZAG9 - 1  , 
QAc-G-0148,/TMA,Magazine,Magazine,83.632,,Kessler,15.145,,Porter,1.222,,SL,0,,Pryor,0,,33.649,31.814,40.976,37.156,32.556,15, 0C11 - 1  1G13 - 1  G07 - 1  1F02 - 1  FIR031 - 1  GOT009 - 1  POR016 - 1  FIR013 - 1  FIR043 - 1  GOTO40 - 1  PIE039 - 1  FIR53 - 1  FIR048 - 1  PIE125 - 1  QpZAG9 - 1  , 
QAc-G-0150,/TMA,Magazine,Kessler,54.261,,Magazine,44.308,,Porter,1.391,,Pryor,0.02,,SL,0.02,,34.534,33.031,36.368,36.387,32.943,15, 0C11 - 1  1G13 - 1  G07 - 1  1F02 - 1  FIR031 - 1  GOT009 - 1  POR016 - 1  FIR013 - 1  FIR043 - 1  GOTO40 - 1  PIE039 - 1  FIR53 - 1  FIR048 - 1  PIE125 - 1  QpZAG9 - 1  , 
QAc-G-0162,/TMA,Magazine,Kessler,99.986,,Porter,0.007,,Magazine,0.007,,SL,0,,Pryor,0,,32.766,32.807,41.096,34.58,28.624,15, 0C11 - 1  1G13 - 1  G07 - 1  1F02 - 1  FIR031 - 1  GOT009 - 1  POR016 - 1  FIR013 - 1  FIR043 - 1  GOTO40 - 1  PIE039 - 1  FIR53 - 1  FIR048 - 1  PIE125 - 1  QpZAG9 - 1  , 
QAc-G-0165,/TMA,Magazine,Magazine,92.588,,Kessler,6.097,,SL,1.061,,Porter,0.254,,Pryor,0,,34.347,31.785,39.458,33.726,32.966,15, 0C11 - 1  1G13 - 1  G07 - 1  1F02 - 1  FIR031 - 1  GOT009 - 1  POR016 - 1  FIR013 - 1  FIR043 - 1  GOTO40 - 1  PIE039 - 1  FIR53 - 1  FIR048 - 1  PIE125 - 1  QpZAG9 - 1  , 
QAc-G-0167,/TMA,Magazine,Kessler,99.909,,Porter,0.062,,Magazine,0.028,,SL,0,,Pryor,0,,33.171,33.513,40.514,36.164,29.967,15, 0C11 - 1  1G13 - 1  G07 - 1  1F02 - 1  FIR031 - 1  GOT009 - 1  POR016 - 1  FIR013 - 1  FIR043 - 1  GOTO40 - 1  PIE039 - 1  FIR53 - 1  FIR048 - 1  PIE125 - 1  QpZAG9 - 1  , 
QAc-G-0174,/TMA,Magazine,Magazine,96.585,,Porter,3.414,,Kessler,0.002,,SL,0,,Pryor,0,,30.156,28.704,36.885,36.573,33.453,15, 0C11 - 1  1G13 - 1  G07 - 1  1F02 - 1  FIR031 - 1  GOT009 - 1  POR016 - 1  FIR013 - 1  FIR043 - 1  GOTO40 - 1  PIE039 - 1  FIR53 - 1  FIR048 - 1  PIE125 - 1  QpZAG9 - 1  , 
QAc-G-0188,/TMA,Magazine,Porter,38.854,,SL,34.405,,Kessler,26.709,,Magazine,0.033,,Pryor,0,,35.865,38.942,43.026,35.918,36.028,15, 0C11 - 1  1G13 - 1  G07 - 1  1F02 - 1  FIR031 - 1  GOT009 - 1  POR016 - 1  FIR013 - 1  FIR043 - 1  GOTO40 - 1  PIE039 - 1  FIR53 - 1  FIR048 - 1  PIE125 - 1  QpZAG9 - 1  , 
QAc-G-0207,/TMA,Pryor,Magazine,95.749,,Porter,4.171,,Pryor,0.047,,Kessler,0.033,,SL,0,,35.61,34.249,37.561,41.17,37.712,15, 0C11 - 1  1G13 - 1  G07 - 1  1F02 - 1  FIR031 - 1  GOT009 - 1  POR016 - 1  FIR013 - 1  FIR043 - 1  GOTO40 - 1  PIE039 - 1  FIR53 - 1  FIR048 - 1  PIE125 - 1  QpZAG9 - 1  , 
QAc-G-0213,/TMA,Pryor,Kessler,98.038,,Pryor,1.903,,Magazine,0.058,,Porter,0,,SL,0,,38.799,36.588,35.072,39.393,33.361,15, 0C11 - 1  1G13 - 1  G07 - 1  1F02 - 1  FIR031 - 1  GOT009 - 1  POR016 - 1  FIR013 - 1  FIR043 - 1  GOTO40 - 1  PIE039 - 1  FIR53 - 1  FIR048 - 1  PIE125 - 1  QpZAG9 - 1  , 
QAc-G-0216,/TMA,Pryor,Magazine,99.996,,Kessler,0.003,,Porter,0.001,,Pryor,0,,SL,0,,32.786,27.928,34.737,34.907,32.482,15, 0C11 - 1  1G13 - 1  G07 - 1  1F02 - 1  FIR031 - 1  GOT009 - 1  POR016 - 1  FIR013 - 1  FIR043 - 1  GOTO40 - 1  PIE039 - 1  FIR53 - 1  FIR048 - 1  PIE125 - 1  QpZAG9 - 1  , 
QAc-G-0217,/TMA,Pryor,SL,56.66,,Pryor,43.299,,Magazine,0.028,,Porter,0.013,,Kessler,0,,38.256,37.926,34.741,34.624,39.952,15, 0C11 - 1  1G13 - 1  G07 - 1  1F02 - 1  FIR031 - 1  GOT009 - 1  POR016 - 1  FIR013 - 1  FIR043 - 1  GOTO40 - 1  PIE039 - 1  FIR53 - 1  FIR048 - 1  PIE125 - 1  QpZAG9 - 1  , 
QAc-G-0227,/TMA,Porter,Kessler,54.22,,Magazine,44.83,,Porter,0.894,,SL,0.055,,Pryor,0,,36.978,35.278,41.625,38.187,35.195,15, 0C11 - 1  1G13 - 1  G07 - 1  1F02 - 1  FIR031 - 1  GOT009 - 1  POR016 - 1  FIR013 - 1  FIR043 - 1  GOTO40 - 1  PIE039 - 1  FIR53 - 1  FIR048 - 1  PIE125 - 1  QpZAG9 - 1  , 
QAc-G-0228,/TMA,Porter,Kessler,99.969,,SL,0.027,,Porter,0.005,,Magazine,0,,Pryor,0,,32.201,34.784,40.398,31.439,27.863,14, 0C11 - 1  1G13 - 1  G07 - 1  1F02 - 1  FIR031 - 1  GOT009 - 1  POR016 - 1  FIR043 - 1  GOTO40 - 1  PIE039 - 1  FIR53 - 1  FIR048 - 1  PIE125 - 1  QpZAG9 - 1  , FIR013 - 1  
QAc-G-0229,/TMA,Porter,Porter,99.792,,Kessler,0.148,,SL,0.046,,Magazine,0.015,,Pryor,0,,29.481,33.308,36.809,32.819,32.311,15, 0C11 - 1  1G13 - 1  G07 - 1  1F02 - 1  FIR031 - 1  GOT009 - 1  POR016 - 1  FIR013 - 1  FIR043 - 1  GOTO40 - 1  PIE039 - 1  FIR53 - 1  FIR048 - 1  PIE125 - 1  QpZAG9 - 1  , 
QAc-G-0230,/TMA,Porter,Porter,99.713,,Kessler,0.275,,SL,0.007,,Magazine,0.006,,Pryor,0,,28.189,32.422,34.008,32.348,30.749,15, 0C11 - 1  1G13 - 1  G07 - 1  1F02 - 1  FIR031 - 1  GOT009 - 1  POR016 - 1  FIR013 - 1  FIR043 - 1  GOTO40 - 1  PIE039 - 1  FIR53 - 1  FIR048 - 1  PIE125 - 1  QpZAG9 - 1  , 
QAc-G-0232,/TMA,Porter,Porter,95.288,,Kessler,4.709,,SL,0.003,,Magazine,0,,Pryor,0,,33.753,40.531,42.055,38.261,35.059,15, 0C11 - 1  1G13 - 1  G07 - 1  1F02 - 1  FIR031 - 1  GOT009 - 1  POR016 - 1  FIR013 - 1  FIR043 - 1  GOTO40 - 1  PIE039 - 1  FIR53 - 1  FIR048 - 1  PIE125 - 1  QpZAG9 - 1  , 
QAc-G-0233,/TMA,Porter,Kessler,97.674,,Pryor,2.323,,Porter,0.002,,Magazine,0.001,,SL,0,,38.971,39.343,35.897,39.598,34.273,15, 0C11 - 1  1G13 - 1  G07 - 1  1F02 - 1  FIR031 - 1  GOT009 - 1  POR016 - 1  FIR013 - 1  FIR043 - 1  GOTO40 - 1  PIE039 - 1  FIR53 - 1  FIR048 - 1  PIE125 - 1  QpZAG9 - 1  , 
QAc-G-0234,/TMA,Porter,Porter,86.518,,Kessler,13.478,,SL,0.003,,Magazine,0,,Pryor,0,,29.37,36.938,38.071,33.775,30.177,15, 0C11 - 1  1G13 - 1  G07 - 1  1F02 - 1  FIR031 - 1  GOT009 - 1  POR016 - 1  FIR013 - 1  FIR043 - 1  GOTO40 - 1  PIE039 - 1  FIR53 - 1  FIR048 - 1  PIE125 - 1  QpZAG9 - 1  , 
QAc-G-0236,/TMA,Porter,Kessler,99.922,,Magazine,0.066,,Porter,0.011,,SL,0.001,,Pryor,0,,32.145,31.365,39.039,33.124,28.184,15, 0C11 - 1  1G13 - 1  G07 - 1  1F02 - 1  FIR031 - 1  GOT009 - 1  POR016 - 1  FIR013 - 1  FIR043 - 1  GOTO40 - 1  PIE039 - 1  FIR53 - 1  FIR048 - 1  PIE125 - 1  QpZAG9 - 1  , 
QAc-G-0237,/TMA,Porter,Porter,53.847,,SL,45.464,,Kessler,0.683,,Magazine,0.006,,Pryor,0,,30.493,34.462,36.471,30.567,32.39,15, 0C11 - 1  1G13 - 1  G07 - 1  1F02 - 1  FIR031 - 1  GOT009 - 1  POR016 - 1  FIR013 - 1  FIR043 - 1  GOTO40 - 1  PIE039 - 1  FIR53 - 1  FIR048 - 1  PIE125 - 1  QpZAG9 - 1  , 
QAc-G-0241,/TMA,Porter,Porter,78.958,,Magazine,16.507,,SL,4.511,,Kessler,0.023,,Pryor,0.001,,32.939,33.619,37.939,34.183,36.471,15, 0C11 - 1  1G13 - 1  G07 - 1  1F02 - 1  FIR031 - 1  GOT009 - 1  POR016 - 1  FIR013 - 1  FIR043 - 1  GOTO40 - 1  PIE039 - 1  FIR53 - 1  FIR048 - 1  PIE125 - 1  QpZAG9 - 1  , 
QAc-G-0243,/TMA,Porter,Porter,92.631,,Kessler,7.363,,SL,0.003,,Magazine,0.003,,Pryor,0,,30.346,34.875,37.165,34.796,31.445,15, 0C11 - 1  1G13 - 1  G07 - 1  1F02 - 1  FIR031 - 1  GOT009 - 1  POR016 - 1  FIR013 - 1  FIR043 - 1  GOTO40 - 1  PIE039 - 1  FIR53 - 1  FIR048 - 1  PIE125 - 1  QpZAG9 - 1  , 
QAc-G-0248,/TMA,,Kessler,99.9,,Porter,0.076,,Magazine,0.015,,SL,0.01,,Pryor,0,,32.956,33.667,38.488,33.857,29.837,15, 0C11 - 1  1G13 - 1  G07 - 1  1F02 - 1  FIR031 - 1  GOT009 - 1  POR016 - 1  FIR013 - 1  FIR043 - 1  GOTO40 - 1  PIE039 - 1  FIR53 - 1  FIR048 - 1  PIE125 - 1  QpZAG9 - 1  , 
QAc-G-0249,/Trompenburg,,Porter,76.348,,Kessler,12.662,,SL,10.151,,Magazine,0.828,,Pryor,0.012,,31.768,33.733,35.564,32.644,32.548,15, 0C11 - 1  1G13 - 1  G07 - 1  1F02 - 1  FIR031 - 1  GOT009 - 1  POR016 - 1  FIR013 - 1  FIR043 - 1  GOTO40 - 1  PIE039 - 1  FIR53 - 1  FIR048 - 1  PIE125 - 1  QpZAG9 - 1  , 
QAc-G-0025,/USNA,Magazine,Magazine,99.241,,SL,0.432,,Pryor,0.185,,Porter,0.111,,Kessler,0.032,,38.95,35.997,38.726,38.358,39.495,15, 0C11 - 1  1G13 - 1  G07 - 1  1F02 - 1  FIR031 - 1  GOT009 - 1  POR016 - 1  FIR013 - 1  FIR043 - 1  GOTO40 - 1  PIE039 - 1  FIR53 - 1  FIR048 - 1  PIE125 - 1  QpZAG9 - 1  , 
QAc-G-0028,/USNA,Magazine,Porter,53.184,,Kessler,45.749,,SL,1.054,,Pryor,0.013,,Magazine,0,,35.007,43.072,38.61,36.709,35.072,15, 0C11 - 1  1G13 - 1  G07 - 1  1F02 - 1  FIR031 - 1  GOT009 - 1  POR016 - 1  FIR013 - 1  FIR043 - 1  GOTO40 - 1  PIE039 - 1  FIR53 - 1  FIR048 - 1  PIE125 - 1  QpZAG9 - 1  , 
QAc-G-0275,/UWBG,,Kessler,90.24,,Pryor,5.821,,Magazine,3.849,,Porter,0.09,,SL,0,,38.744,37.113,36.933,44.819,35.743,15, 0C11 - 1  1G13 - 1  G07 - 1  1F02 - 1  FIR031 - 1  GOT009 - 1  POR016 - 1  FIR013 - 1  FIR043 - 1  GOTO40 - 1  PIE039 - 1  FIR53 - 1  FIR048 - 1  PIE125 - 1  QpZAG9 - 1  , 
QAc-G-0263,/Plze?,,Magazine,82.504,,SL,14.871,,Kessler,1.889,,Porter,0.737,,Pryor,0,,35.044,32.995,43.026,33.739,34.635,15, 0C11 - 1  1G13 - 1  G07 - 1  1F02 - 1  FIR031 - 1  GOT009 - 1  POR016 - 1  FIR013 - 1  FIR043 - 1  GOTO40 - 1  PIE039 - 1  FIR53 - 1  FIR048 - 1  PIE125 - 1  QpZAG9 - 1  , 
